sector_code,Industrial Sector,Year,targeted,Post,avg_wage_bill_per_worker,avg_worker_productivity,avg_plant_size,avg_mat_input_per_worker,avg_mat_input,Factory_Sample,Number_of_Factories,GO,Employee_Wage,Fixed_Capital,GVA,Material_Input,Number_of_Employees,Number_of_Workers,Productive_Capital,Worker_wage,Working_Capital,ln_GO,ln_GVA,ln_employees,ln_factories,log_avg_wage,log_avg_plant_size,log_avg_productivity,log_avg_material,time_trend,sector_code_f
203,canning and preserving of fruits and vegetables,1951,0,0,531.0410374238667,3091.2170713721707,64.21910079168144,5426.273861447306,8718945.54163532,11,26,15802000,1389000,7599000,6009000,9768000,1500,1200,NA,856000,6172000,16.575647072264815,15.608768903316065,7.313220387090301,3.258096538021482,6.274839301539858,4.16230068656523,8.036320166574175,15.98100886444886,1,203
203,canning and preserving of fruits and vegetables,1952,0,0,531.0410374238667,3091.2170713721707,64.21910079168144,5426.273861447306,8718945.54163532,8,28,10404000,1395000,13592000,3885000,6213000,2454,2115,NA,779000,8081999.999999999,16.15770090555068,15.172633541783885,7.805474625270857,3.332204510175204,6.274839301539858,4.16230068656523,8.036320166574175,15.98100886444886,2,203
203,canning and preserving of fruits and vegetables,1953,0,0,531.0410374238667,3091.2170713721707,64.21910079168144,5426.273861447306,8718945.54163532,10,31,7773999.999999998,1419000,13102000,2846000,4878000,2600,2200,NA,664000,7593000.000000001,15.866295390394304,14.861425057631935,7.8632667240095735,3.4339872044851463,6.274839301539858,4.16230068656523,8.036320166574175,15.98100886444886,3,203
203,canning and preserving of fruits and vegetables,1954,0,0,531.0410374238667,3091.2170713721707,64.21910079168144,5426.273861447306,8718945.54163532,NA,NA,NA,NA,NA,NA,NA,NA,NA,NA,NA,NA,NA,NA,NA,NA,6.274839301539858,4.16230068656523,8.036320166574175,15.98100886444886,NA,203
203,canning and preserving of fruits and vegetables,1955,0,0,531.0410374238667,3091.2170713721707,64.21910079168144,5426.273861447306,8718945.54163532,NA,NA,NA,NA,NA,NA,NA,NA,NA,NA,NA,NA,NA,NA,NA,NA,6.274839301539858,4.16230068656523,8.036320166574175,15.98100886444886,NA,203
203,canning and preserving of fruits and vegetables,1956,0,0,531.0410374238667,3091.2170713721707,64.21910079168144,5426.273861447306,8718945.54163532,NA,NA,NA,NA,NA,NA,NA,NA,NA,NA,NA,NA,NA,NA,NA,NA,6.274839301539858,4.16230068656523,8.036320166574175,15.98100886444886,NA,203
203,canning and preserving of fruits and vegetables,1957,0,1,531.0410374238667,3091.2170713721707,64.21910079168144,5426.273861447306,8718945.54163532,9,42,21900000,NA,6900000,4900000,15800000,2400,2000,10900000,NA,4000000,16.90199719478673,15.404745763080856,7.783224016336037,3.7376696182833684,6.274839301539858,4.16230068656523,8.036320166574175,15.98100886444886,4,203
203,canning and preserving of fruits and vegetables,1958,0,1,531.0410374238667,3091.2170713721707,64.21910079168144,5426.273861447306,8718945.54163532,25,43,14091000,NA,4551000,3693000,9751000,1800,1500,5892000,NA,1341000,16.461046853677242,15.1219496938347,7.495541943884256,3.7612001156935624,6.274839301539858,4.16230068656523,8.036320166574175,15.98100886444886,5,203
203,canning and preserving of fruits and vegetables,1959,0,1,531.0410374238667,3091.2170713721707,64.21910079168144,5426.273861447306,8718945.54163532,41,45,15774000,NA,NA,3360000,NA,2177,NA,11654000,NA,NA,16.573873572940073,15.027451531939388,7.685703061234547,3.8066624897703196,6.274839301539858,4.16230068656523,8.036320166574175,15.98100886444886,6,203
203,canning and preserving of fruits and vegetables,1960,0,1,531.0410374238667,3091.2170713721707,64.21910079168144,5426.273861447306,8718945.54163532,50,56,22840883,NA,9290638,5427131,16019172,2855,2501,12991203,NA,3700565,16.94406260224998,15.506921191320638,7.956827122090111,4.02535169073515,6.274839301539858,4.16230068656523,8.036320166574175,15.98100886444886,7,203
203,canning and preserving of fruits and vegetables,1961,0,1,531.0410374238667,3091.2170713721707,64.21910079168144,5426.273861447306,8718945.54163532,61,126,53351346,NA,11952343,7059299,44565473,3464,2994,20721182,NA,7649839,17.79240976500952,15.769856312754966,8.150179269682326,4.836281906951478,6.274839301539858,4.16230068656523,8.036320166574175,15.98100886444886,8,203
203,canning and preserving of fruits and vegetables,1962,0,1,531.0410374238667,3091.2170713721707,64.21910079168144,5426.273861447306,8718945.54163532,46,74,32855945,NA,14130029,8375371,21903554,3325,2919,24742539,NA,10612510,17.30764326064586,15.940805933201718,8.109224953089955,4.30406509320417,6.274839301539858,4.16230068656523,8.036320166574175,15.98100886444886,9,203
203,canning and preserving of fruits and vegetables,1963,0,1,531.0410374238667,3091.2170713721707,64.21910079168144,5426.273861447306,8718945.54163532,69,74,53980387,NA,14119124,14465938,36158697,4777,4295,28790806,NA,8191682,17.804131334850403,16.487307340470384,8.471568013389962,4.30406509320417,6.274839301539858,4.16230068656523,8.036320166574175,15.98100886444886,10,203
203,canning and preserving of fruits and vegetables,1964,0,1,531.0410374238667,3091.2170713721707,64.21910079168144,5426.273861447306,8718945.54163532,65,71,66898445,NA,18701603,15899736,46477256,4682,4102,31308839,NA,12607236,18.018686281181086,16.581813063279032,8.451480648050856,4.2626798770413155,6.274839301539858,4.16230068656523,8.036320166574175,15.98100886444886,11,203
203,canning and preserving of fruits and vegetables,1965,0,1,531.0410374238667,3091.2170713721707,64.21910079168144,5426.273861447306,8718945.54163532,54,73,72781184,NA,20094155,15000449,52356682,5321,4575,37264160,NA,17170005,18.102968018221514,16.523590691951824,8.579416534596369,4.290459441148391,6.274839301539858,4.16230068656523,8.036320166574175,15.98100886444886,12,203
205,manufacture of grain mill products,1951,0,0,363.9679092485972,1566.0441723682434,18.5773855063961,22626.921614786814,1157909210.67655,208,2720,870032000,29710000,134579000,57841000,810108000,62200,46800,NA,16030000,64111000,20.584040550545673,17.873208424738635,11.03811027872727,7.908387159290043,5.897065702345343,2.921945008005121,7.3563080832846355,20.86988181118991,1,205
205,manufacture of grain mill products,1952,0,0,363.9679092485972,1566.0441723682434,18.5773855063961,22626.921614786814,1157909210.67655,239,2698,981266000,29978000,139552000,73613000,906600000,63650,50561,NA,15290000,134757000,20.704354132660438,18.11433219853657,11.061154603985553,7.900266036767701,5.897065702345343,2.921945008005121,7.3563080832846355,20.86988181118991,2,205
205,manufacture of grain mill products,1953,0,0,363.9679092485972,1566.0441723682434,18.5773855063961,22626.921614786814,1157909210.67655,260,2805,1056433000,34367000,132766000,72132000,984022000,73400,55500,NA,16033000,136607000,20.77816397606671,18.0940083318093,11.203679214602607,7.9391588179567965,5.897065702345343,2.921945008005121,7.3563080832846355,20.86988181118991,3,205
205,manufacture of grain mill products,1954,0,0,363.9679092485972,1566.0441723682434,18.5773855063961,22626.921614786814,1157909210.67655,NA,NA,NA,NA,NA,NA,NA,NA,NA,NA,NA,NA,NA,NA,NA,NA,5.897065702345343,2.921945008005121,7.3563080832846355,20.86988181118991,NA,205
205,manufacture of grain mill products,1955,0,0,363.9679092485972,1566.0441723682434,18.5773855063961,22626.921614786814,1157909210.67655,NA,NA,NA,NA,NA,NA,NA,NA,NA,NA,NA,NA,NA,NA,NA,NA,5.897065702345343,2.921945008005121,7.3563080832846355,20.86988181118991,NA,205
205,manufacture of grain mill products,1956,0,0,363.9679092485972,1566.0441723682434,18.5773855063961,22626.921614786814,1157909210.67655,NA,NA,NA,NA,NA,NA,NA,NA,NA,NA,NA,NA,NA,NA,NA,NA,5.897065702345343,2.921945008005121,7.3563080832846355,20.86988181118991,NA,205
205,manufacture of grain mill products,1957,0,1,363.9679092485972,1566.0441723682434,18.5773855063961,22626.921614786814,1157909210.67655,241,3502,1728900000,NA,133300000,131100000,1573900000,96000,78600,274900000,NA,141600000,21.270751205075005,18.69147094873393,11.472103470449973,8.161089512845797,5.897065702345343,2.921945008005121,7.3563080832846355,20.86988181118991,4,205
205,manufacture of grain mill products,1958,0,1,363.9679092485972,1566.0441723682434,18.5773855063961,22626.921614786814,1157909210.67655,344,3503,2056176000,NA,172476000,149033000,1892096000,103500,80500,340734000,NA,168258000,21.44411378398843,18.819678315897498,11.547326891687561,8.161375023197486,5.897065702345343,2.921945008005121,7.3563080832846355,20.86988181118991,5,205
205,manufacture of grain mill products,1959,0,1,363.9679092485972,1566.0441723682434,18.5773855063961,22626.921614786814,1157909210.67655,918,4008,2226279000,NA,NA,156939000,NA,103392,NA,369865000,NA,NA,21.52359741887297,18.871367752781442,11.546282868624225,8.2960476427647,5.897065702345343,2.921945008005121,7.3563080832846355,20.86988181118991,6,205
205,manufacture of grain mill products,1960,0,1,363.9679092485972,1566.0441723682434,18.5773855063961,22626.921614786814,1157909210.67655,1011,4453,2320061489,NA,200470287,168614271,2106162288,107653,90451,389468241,NA,188997954,21.56485952615272,18.94312424407803,11.586668370495238,8.401333305321703,5.897065702345343,2.921945008005121,7.3563080832846355,20.86988181118991,7,205
205,manufacture of grain mill products,1961,0,1,363.9679092485972,1566.0441723682434,18.5773855063961,22626.921614786814,1157909210.67655,1064,4709,2503544604,NA,202817946,186567597,2266328428,99990,85889,425914758,NA,224667812,21.640973406232238,19.04430418178101,11.512825459969894,8.457230850243555,5.897065702345343,2.921945008005121,7.3563080832846355,20.86988181118991,8,205
205,manufacture of grain mill products,1962,0,1,363.9679092485972,1566.0441723682434,18.5773855063961,22626.921614786814,1157909210.67655,1045,4924,2866891142,NA,215728316,196539497,2578338022,109769,94046,488378410,NA,272650094,21.776494053820898,19.096373971619816,11.606133436682683,8.501876487304344,5.897065702345343,2.921945008005121,7.3563080832846355,20.86988181118991,9,205
205,manufacture of grain mill products,1963,0,1,363.9679092485972,1566.0441723682434,18.5773855063961,22626.921614786814,1157909210.67655,1002,5594,3271645949,NA,262923895,233072540,2887662615,118831,101073,578172872,NA,104832977,21.908559043536346,19.266860293548802,11.685457594631984,8.629449873761905,5.897065702345343,2.921945008005121,7.3563080832846355,20.86988181118991,10,205
205,manufacture of grain mill products,1964,0,1,363.9679092485972,1566.0441723682434,18.5773855063961,22626.921614786814,1157909210.67655,1043,4867,3798232670,NA,243562832,280534850,3422612626,120515,100179,595490713,NA,351927881,22.057801708650214,19.452208517633817,11.69952950549349,8.490233009833455,5.897065702345343,2.921945008005121,7.3563080832846355,20.86988181118991,11,205
205,manufacture of grain mill products,1965,0,1,363.9679092485972,1566.0441723682434,18.5773855063961,22626.921614786814,1157909210.67655,1183,5108,3203668943,NA,244574192,250305574,2871016616,105759,84285,581359632,NA,336785440,21.887562534659203,19.338193025430915,11.56891819967016,8.53856321715243,5.897065702345343,2.921945008005121,7.3563080832846355,20.86988181118991,12,205
206,manufacture of bakery products,1951,0,0,863.8580976545479,4359.20949408088,51.37006278280057,8633.12391211613,58909118.0807683,16,131,92881000,9509000,19582000,31110000,61458999.99999999,10400,8500,NA,6758000,10749000,18.346829661876484,17.25303986887382,9.249561085129464,4.875197323201151,6.761408516489628,3.9390555666470215,8.380046011207625,17.89150644276568,1,206
206,manufacture of bakery products,1952,0,0,863.8580976545479,4359.20949408088,51.37006278280057,8633.12391211613,58909118.0807683,17,138,62232000.00000001,8243000.000000001,36552000,20123000,41957000,9290,6709.999999999999,NA,4625000,14414000,17.94637989486875,16.817373997448506,9.136693831807884,4.927253685157205,6.761408516489628,3.9390555666470215,8.380046011207625,17.89150644276568,2,206
206,manufacture of bakery products,1953,0,0,863.8580976545479,4359.20949408088,51.37006278280057,8633.12391211613,58909118.0807683,20,133,61319000.00000001,7620000,39929000,24371000,36896000,7100,5400,NA,3951000,10755000,17.93160030394189,17.008904458817785,8.867850063029406,4.890349128221754,6.761408516489628,3.9390555666470215,8.380046011207625,17.89150644276568,3,206
206,manufacture of bakery products,1954,0,0,863.8580976545479,4359.20949408088,51.37006278280057,8633.12391211613,58909118.0807683,NA,NA,NA,NA,NA,NA,NA,NA,NA,NA,NA,NA,NA,NA,NA,NA,6.761408516489628,3.9390555666470215,8.380046011207625,17.89150644276568,NA,206
206,manufacture of bakery products,1955,0,0,863.8580976545479,4359.20949408088,51.37006278280057,8633.12391211613,58909118.0807683,NA,NA,NA,NA,NA,NA,NA,NA,NA,NA,NA,NA,NA,NA,NA,NA,6.761408516489628,3.9390555666470215,8.380046011207625,17.89150644276568,NA,206
206,manufacture of bakery products,1956,0,0,863.8580976545479,4359.20949408088,51.37006278280057,8633.12391211613,58909118.0807683,NA,NA,NA,NA,NA,NA,NA,NA,NA,NA,NA,NA,NA,NA,NA,NA,6.761408516489628,3.9390555666470215,8.380046011207625,17.89150644276568,NA,206
206,manufacture of bakery products,1957,0,1,863.8580976545479,4359.20949408088,51.37006278280057,8633.12391211613,58909118.0807683,32,169,111000000,NA,33800000,28600000,77500000,8500,6500,55500000,NA,21700000,18.525040759276607,17.168917275790083,9.047821442478408,5.1298987149230735,6.761408516489628,3.9390555666470215,8.380046011207625,17.89150644276568,4,206
206,manufacture of bakery products,1958,0,1,863.8580976545479,4359.20949408088,51.37006278280057,8633.12391211613,58909118.0807683,44,213,122166000,NA,22991000,42479000,76097000,8486,6410,35679000,NA,12316000,18.620891333582062,17.564520394131232,9.04617302576227,5.3612921657094255,6.761408516489628,3.9390555666470215,8.380046011207625,17.89150644276568,5,206
206,manufacture of bakery products,1959,0,1,863.8580976545479,4359.20949408088,51.37006278280057,8633.12391211613,58909118.0807683,78,133,89747000,NA,NA,21719000,NA,6503,NA,47069000,NA,NA,18.312505158590152,16.893698011454457,8.780018887869153,4.890349128221754,6.761408516489628,3.9390555666470215,8.380046011207625,17.89150644276568,6,206
206,manufacture of bakery products,1960,0,1,863.8580976545479,4359.20949408088,51.37006278280057,8633.12391211613,58909118.0807683,79,148,96315569,NA,20592686,26884415,65342469,6902,5914,35205950,NA,14613264,18.383140535559644,17.107057308643817,8.839566503657949,4.997212273764115,6.761408516489628,3.9390555666470215,8.380046011207625,17.89150644276568,7,206
206,manufacture of bakery products,1961,0,1,863.8580976545479,4359.20949408088,51.37006278280057,8633.12391211613,58909118.0807683,80,162,123185156,NA,25032820,33075235,85258056,8029,6853,41863075,NA,16735255,18.629199114791565,17.3142953730043,8.990815266184685,5.087596335232384,6.761408516489628,3.9390555666470215,8.380046011207625,17.89150644276568,8,206
206,manufacture of bakery products,1962,0,1,863.8580976545479,4359.20949408088,51.37006278280057,8633.12391211613,58909118.0807683,82,166,143401907,NA,29123998,40220553,97643216,8698,7465,51010679,NA,21886681,18.7811617845072,17.50988869159268,9.070848393157585,5.111987788356544,6.761408516489628,3.9390555666470215,8.380046011207625,17.89150644276568,9,206
206,manufacture of bakery products,1963,0,1,863.8580976545479,4359.20949408088,51.37006278280057,8633.12391211613,58909118.0807683,91,161,165963950,NA,30886812,43167949,115302902,9260,7985,54101558,NA,20856746,18.92728115406159,17.580608856558232,9.1334593276402245,5.081404364984463,6.761408516489628,3.9390555666470215,8.380046011207625,17.89150644276568,10,206
206,manufacture of bakery products,1964,0,1,863.8580976545479,4359.20949408088,51.37006278280057,8633.12391211613,58909118.0807683,94,163,176185646,NA,30255736,45854680,124319146,9244,7777,57716983,NA,27461247,18.987048803902784,17.640987823431587,9.131729971394272,5.093750200806762,6.761408516489628,3.9390555666470215,8.380046011207625,17.89150644276568,11,206
206,manufacture of bakery products,1965,0,1,863.8580976545479,4359.20949408088,51.37006278280057,8633.12391211613,58909118.0807683,103,196,260617980,NA,35526100,69371480,182255220,11293,9100,76744272,NA,41218172,19.37856621490278,18.05498639000488,9.331938343723671,5.278114659230517,6.761408516489628,3.9390555666470215,8.380046011207625,17.89150644276568,12,206
207,sugar factories and refineries,1951,0,0,672.5451490978869,3117.6721792805847,169.5769705341941,8503.72179847728,875219326.697597,111,564,1082612000,95660000,259774000,329361000,752664000,131300,104900,NA,64872000.00000001,444644000,20.8026424766921,19.612664971612716,11.785240060290887,6.335054251498059,6.511069245427496,5.133306927193311,8.044841905950674,20.589985071995116,1,207
207,sugar factories and refineries,1952,0,0,672.5451490978869,3117.6721792805847,169.5769705341941,8503.72179847728,875219326.697597,114,644,1054537000,91180000,238616000,265659000,795487999.9999999,126604,99054,NA,56975000,557514000,20.77636764498684,19.397724089451653,11.748819383769703,6.467698726104354,6.511069245427496,5.133306927193311,8.044841905950674,20.589985071995116,2,207
207,sugar factories and refineries,1953,0,0,672.5451490978869,3117.6721792805847,169.5769705341941,8503.72179847728,875219326.697597,118,634,744597000,95037000,255219000,234632000,508775000,130000,107100,NA,56764000,415105000,20.42835369038591,19.273528887268732,11.77528972943772,6.452048954437226,6.511069245427496,5.133306927193311,8.044841905950674,20.589985071995116,3,207
207,sugar factories and refineries,1954,0,0,672.5451490978869,3117.6721792805847,169.5769705341941,8503.72179847728,875219326.697597,NA,NA,NA,NA,NA,NA,NA,NA,NA,NA,NA,NA,NA,NA,NA,NA,6.511069245427496,5.133306927193311,8.044841905950674,20.589985071995116,NA,207
207,sugar factories and refineries,1955,0,0,672.5451490978869,3117.6721792805847,169.5769705341941,8503.72179847728,875219326.697597,NA,NA,NA,NA,NA,NA,NA,NA,NA,NA,NA,NA,NA,NA,NA,NA,6.511069245427496,5.133306927193311,8.044841905950674,20.589985071995116,NA,207
207,sugar factories and refineries,1956,0,0,672.5451490978869,3117.6721792805847,169.5769705341941,8503.72179847728,875219326.697597,NA,NA,NA,NA,NA,NA,NA,NA,NA,NA,NA,NA,NA,NA,NA,NA,6.511069245427496,5.133306927193311,8.044841905950674,20.589985071995116,NA,207
207,sugar factories and refineries,1957,0,1,672.5451490978869,3117.6721792805847,169.5769705341941,8503.72179847728,875219326.697597,243,1067,1417000000,NA,488100000,347200000,949300000,154100,126200,820900000,NA,332800000,21.071807797654955,19.66541154075047,11.945357021308206,6.9726062513017535,6.511069245427496,5.133306927193311,8.044841905950674,20.589985071995116,4,207
207,sugar factories and refineries,1958,0,1,672.5451490978869,3117.6721792805847,169.5769705341941,8503.72179847728,875219326.697597,204,1066,1352150000,NA,470309000,335300000,901106000,142700,113200,804035000,NA,333726000,21.02496175515861,19.630536211436457,11.868499803464928,6.97166860472579,6.511069245427496,5.133306927193311,8.044841905950674,20.589985071995116,5,207
207,sugar factories and refineries,1959,0,1,672.5451490978869,3117.6721792805847,169.5769705341941,8503.72179847728,875219326.697597,251,1209,1454413000,NA,NA,323831000,NA,153622,NA,875695000,NA,NA,21.09786821974138,19.595732332735153,11.942250318606058,7.097548850614793,6.511069245427496,5.133306927193311,8.044841905950674,20.589985071995116,6,207
207,sugar factories and refineries,1960,0,1,672.5451490978869,3117.6721792805847,169.5769705341941,8503.72179847728,875219326.697597,314,1101,1897095204,NA,678950389,391212185,1293822668,134519,108800,1124666016,NA,445715627,21.36358971325042,19.784760643390367,11.809460731987741,7.00397413672268,6.511069245427496,5.133306927193311,8.044841905950674,20.589985071995116,7,207
207,sugar factories and refineries,1961,0,1,672.5451490978869,3117.6721792805847,169.5769705341941,8503.72179847728,875219326.697597,336,1171,2354918764,NA,752779554,469272753,1597896542,139407,114510,1416874848,NA,664181294,21.57977206870305,19.966694720268173,11.845152991255853,7.065613363597717,6.511069245427496,5.133306927193311,8.044841905950674,20.589985071995116,8,207
207,sugar factories and refineries,1962,0,1,672.5451490978869,3117.6721792805847,169.5769705341941,8503.72179847728,875219326.697597,375,1319,2209074673,NA,828369716,450421330,1491696626,142118,115790,1398896647,NA,570526931,21.515839564796753,19.92569399157249,11.864412977421251,7.1846291527173145,6.511069245427496,5.133306927193311,8.044841905950674,20.589985071995116,9,207
207,sugar factories and refineries,1963,0,1,672.5451490978869,3117.6721792805847,169.5769705341941,8503.72179847728,875219326.697597,382,1302,1796142534,NA,877552699,391112733,1147378165,121927,96497,1297756357,NA,415335658,21.308907165592796,19.7845063960866,11.711177783970475,7.171656822768514,6.511069245427496,5.133306927193311,8.044841905950674,20.589985071995116,10,207
207,sugar factories and refineries,1964,0,1,672.5451490978869,3117.6721792805847,169.5769705341941,8503.72179847728,875219326.697597,413,1322,2427744650,NA,986562815,459796896,1668228246,133121,105216,1420471276,NA,433908461,21.61022853574977,19.94629541950937,11.799013768046052,7.186901020411631,6.511069245427496,5.133306927193311,8.044841905950674,20.589985071995116,11,207
207,sugar factories and refineries,1965,0,1,672.5451490978869,3117.6721792805847,169.5769705341941,8503.72179847728,875219326.697597,454,1406,3073513655,NA,1064216871,543114418,2164278896,148590,115079,1701322361,NA,637105490,21.846087257119102,20.11283057024982,11.908946114250393,7.2485040723706105,6.511069245427496,5.133306927193311,8.044841905950674,20.589985071995116,12,207
209,manufacture of miscellaneous food preparations,1951,0,0,501.3709295916105,4035.309596236406,54.935715543701875,18759.195514557996,3622144713.5762734,453,3603,4203422000,161267000,902705000,557457000,3644417000,284600,245700,NA,96227000,695182000,22.159164792402194,20.13889592827903,12.558839964637889,8.189522110748094,6.217346205566333,4.006163693347016,8.302838305452429,22.010332149661473,1,209
209,manufacture of miscellaneous food preparations,1952,0,0,501.3709295916105,4035.309596236406,54.935715543701875,18759.195514557996,3622144713.5762734,418,3493,2837758000,133234000,1011259000,506704000,2329505000,191931,168713,NA,72378000,835103000,21.766280140730625,20.043437564632466,12.164891211419247,8.158516244806831,6.217346205566333,4.006163693347016,8.302838305452429,22.010332149661473,2,209
209,manufacture of miscellaneous food preparations,1953,0,0,501.3709295916105,4035.309596236406,54.935715543701875,18759.195514557996,3622144713.5762734,462,3558,3499491000,142663000,898426000,853651000,2643355000,192500,171900,NA,78801000,647071000,21.97588336629459,20.565033003121115,12.167851432709975,8.17695386822578,6.217346205566333,4.006163693347016,8.302838305452429,22.010332149661473,3,209
209,manufacture of miscellaneous food preparations,1954,0,0,501.3709295916105,4035.309596236406,54.935715543701875,18759.195514557996,3622144713.5762734,NA,NA,NA,NA,NA,NA,NA,NA,NA,NA,NA,NA,NA,NA,NA,NA,6.217346205566333,4.006163693347016,8.302838305452429,22.010332149661473,NA,209
209,manufacture of miscellaneous food preparations,1955,0,0,501.3709295916105,4035.309596236406,54.935715543701875,18759.195514557996,3622144713.5762734,NA,NA,NA,NA,NA,NA,NA,NA,NA,NA,NA,NA,NA,NA,NA,NA,6.217346205566333,4.006163693347016,8.302838305452429,22.010332149661473,NA,209
209,manufacture of miscellaneous food preparations,1956,0,0,501.3709295916105,4035.309596236406,54.935715543701875,18759.195514557996,3622144713.5762734,NA,NA,NA,NA,NA,NA,NA,NA,NA,NA,NA,NA,NA,NA,NA,NA,6.217346205566333,4.006163693347016,8.302838305452429,22.010332149661473,NA,209
209,manufacture of miscellaneous food preparations,1957,0,1,501.3709295916105,4035.309596236406,54.935715543701875,18759.195514557996,3622144713.5762734,793,4056,4855000000,NA,782079000,1062369000,3654810000,286100,255500,1415669000,NA,633590000,22.3032749386897,20.783767157043854,12.564096679038201,8.30795254527102,6.217346205566333,4.006163693347016,8.302838305452429,22.010332149661473,4,209
209,manufacture of miscellaneous food preparations,1958,0,1,501.3709295916105,4035.309596236406,54.935715543701875,18759.195514557996,3622144713.5762734,705,4068,4855271000,NA,850189000,906073000,3746940000,273335,233331,1570810000,NA,720209000,22.303330755875454,20.62463043471278,12.51845342811471,8.31090675716845,6.217346205566333,4.006163693347016,8.302838305452429,22.010332149661473,5,209
209,manufacture of miscellaneous food preparations,1959,0,1,501.3709295916105,4035.309596236406,54.935715543701875,18759.195514557996,3622144713.5762734,1532,3985,4526328000,NA,NA,759238000,NA,274193,NA,1627922000,NA,NA,22.233176851704258,20.447825856694436,12.5215875169734,8.290292591224315,6.217346205566333,4.006163693347016,8.302838305452429,22.010332149661473,6,209
209,manufacture of miscellaneous food preparations,1960,0,1,501.3709295916105,4035.309596236406,54.935715543701875,18759.195514557996,3622144713.5762734,1662,4282,4875530911,NA,797278018,753291202,6777772200,280843,247137,1737868596,NA,940590578,22.307494840287035,20.439962433449875,12.545551073313128,8.362175469149628,6.217346205566333,4.006163693347016,8.302838305452429,22.010332149661473,7,209
209,manufacture of miscellaneous food preparations,1961,0,1,501.3709295916105,4035.309596236406,54.935715543701875,18759.195514557996,3622144713.5762734,1647,4242,5455591215,NA,786097979,752777560,4544572081,280379,253701,1764241287,NA,979831308,22.419906830743685,20.439280337077022,12.543897538327965,8.352790135124629,6.217346205566333,4.006163693347016,8.302838305452429,22.010332149661473,8,209
209,manufacture of miscellaneous food preparations,1962,0,1,501.3709295916105,4035.309596236406,54.935715543701875,18759.195514557996,3622144713.5762734,1693,4403,5995973398,NA,848965042,792179773,4996918199,287749,258439,1944313225,NA,1095248183,22.514353980552503,20.49029891013236,12.569843851339169,8.390041405755754,6.217346205566333,4.006163693347016,8.302838305452429,22.010332149661473,9,209
209,manufacture of miscellaneous food preparations,1963,0,1,501.3709295916105,4035.309596236406,54.935715543701875,18759.195514557996,3622144713.5762734,1647,4604,5984156843,NA,840797717,733343478,5012519613,293974,264601,1828774567,NA,817304850,22.512381287669484,20.41312474218325,12.59124660703603,8.434680769841773,6.217346205566333,4.006163693347016,8.302838305452429,22.010332149661473,10,209
209,manufacture of miscellaneous food preparations,1964,0,1,501.3709295916105,4035.309596236406,54.935715543701875,18759.195514557996,3622144713.5762734,1752,4554,6784091316,NA,937223249,772491719,5746644674,303896,269007,1901445219,NA,964221970,22.637846195840705,20.465131846937616,12.624440816593845,8.423761246623686,6.217346205566333,4.006163693347016,8.302838305452429,22.010332149661473,11,209
209,manufacture of miscellaneous food preparations,1965,0,1,501.3709295916105,4035.309596236406,54.935715543701875,18759.195514557996,3622144713.5762734,1891,4651,7843969176,NA,985383532,924018380,6601054586,309877,270827,2119179193,NA,1133795661,22.78301081564505,20.64424252118301,12.643930723532073,8.444837529224097,6.217346205566333,4.006163693347016,8.302838305452429,22.010332149661473,12,209
211+212+213,alcohol industries,1951,0,0,1041.9277706647106,5850.10775355804,77.85514923672818,5950.129735061452,35498937.58434187,23,76,62782000.00000001,9105000,34192000,29743000,32996000,7800,6000,NA,5975000,18750000,17.955178966150037,17.208104368152263,8.961879012677683,4.330733340286331,6.948827901930586,4.354850039146322,8.674215359467897,17.38501332679618,1,211+212+213
211+212+213,alcohol industries,1952,0,0,1041.9277706647106,5850.10775355804,77.85514923672818,5950.129735061452,35498937.58434187,20,76,62822000,9022000,27444000,32694000,30104000,7868.000000000001,6125,NA,5101000,35659000,17.955815888562576,17.30270213279329,8.97055917950895,4.330733340286331,6.948827901930586,4.354850039146322,8.674215359467897,17.38501332679618,2,211+212+213
211+212+213,alcohol industries,1953,0,0,1041.9277706647106,5850.10775355804,77.85514923672818,5950.129735061452,35498937.58434187,19,77,47324000,8466000,25200000,26497000,20739000,7400,5700,NA,4829000,32008000,17.67252812435569,17.09254207700082,8.909235279192261,4.343805421853684,6.948827901930586,4.354850039146322,8.674215359467897,17.38501332679618,3,211+212+213
211+212+213,alcohol industries,1954,0,0,1041.9277706647106,5850.10775355804,77.85514923672818,5950.129735061452,35498937.58434187,NA,NA,NA,NA,NA,NA,NA,NA,NA,NA,NA,NA,NA,NA,NA,NA,6.948827901930586,4.354850039146322,8.674215359467897,17.38501332679618,NA,211+212+213
211+212+213,alcohol industries,1955,0,0,1041.9277706647106,5850.10775355804,77.85514923672818,5950.129735061452,35498937.58434187,NA,NA,NA,NA,NA,NA,NA,NA,NA,NA,NA,NA,NA,NA,NA,NA,6.948827901930586,4.354850039146322,8.674215359467897,17.38501332679618,NA,211+212+213
211+212+213,alcohol industries,1956,0,0,1041.9277706647106,5850.10775355804,77.85514923672818,5950.129735061452,35498937.58434187,NA,NA,NA,NA,NA,NA,NA,NA,NA,NA,NA,NA,NA,NA,NA,NA,6.948827901930586,4.354850039146322,8.674215359467897,17.38501332679618,NA,211+212+213
211+212+213,alcohol industries,1957,0,1,1041.9277706647106,5850.10775355804,77.85514923672818,5950.129735061452,35498937.58434187,34,61,51800000,NA,22900000,24700000,24400000,5600,4400,38000000,NA,15100000,17.76290070722971,17.022313801598205,8.630521876723241,4.110873864173311,6.948827901930586,4.354850039146322,8.674215359467897,17.38501332679618,4,211+212+213
211+212+213,alcohol industries,1958,0,1,1041.9277706647106,5850.10775355804,77.85514923672818,5950.129735061452,35498937.58434187,27,61,42585000,NA,19057000,16916000,23558000,4200,2900,28793000,NA,9736000,17.56701263655732,16.643770477574517,8.34283980427146,4.110873864173311,6.948827901930586,4.354850039146322,8.674215359467897,17.38501332679618,5,211+212+213
211+212+213,alcohol industries,1959,0,1,1041.9277706647106,5850.10775355804,77.85514923672818,5950.129735061452,35498937.58434187,61,65,64026000,NA,NA,26018000,NA,5738,NA,53295000,NA,NA,17.974799808826756,17.074299164143643,8.65486599654131,4.174387269895637,6.948827901930586,4.354850039146322,8.674215359467897,17.38501332679618,6,211+212+213
211+212+213,alcohol industries,1960,0,1,1041.9277706647106,5850.10775355804,77.85514923672818,5950.129735061452,35498937.58434187,67,68,67041107,NA,34322502,23066366,35620100,5889,4778,60173170,NA,25850668,18.020816526531604,16.953886097152754,8.68084148294457,4.219507705176107,6.948827901930586,4.354850039146322,8.674215359467897,17.38501332679618,7,211+212+213
211+212+213,alcohol industries,1961,0,1,1041.9277706647106,5850.10775355804,77.85514923672818,5950.129735061452,35498937.58434187,78,79,81105350,NA,45333187,31205407,41883711,6431,5366,73916434,NA,28579247,18.211259484850665,17.25610193904683,8.768885326134862,4.3694478524670215,6.948827901930586,4.354850039146322,8.674215359467897,17.38501332679618,8,211+212+213
211+212+213,alcohol industries,1962,0,1,1041.9277706647106,5850.10775355804,77.85514923672818,5950.129735061452,35498937.58434187,71,79,101660543,NA,52461066,31364271,60117784,6968,5740,95756471,NA,43295405,18.437149811302625,17.26117993677515,8.849083518532339,4.3694478524670215,6.948827901930586,4.354850039146322,8.674215359467897,17.38501332679618,9,211+212+213
211+212+213,alcohol industries,1963,0,1,1041.9277706647106,5850.10775355804,77.85514923672818,5950.129735061452,35498937.58434187,70,79,104228758,NA,55694841,34915423,58680597,7292,6010,85591349,NA,23356508,18.46209863768941,17.368439209325647,8.894533135798554,4.3694478524670215,6.948827901930586,4.354850039146322,8.674215359467897,17.38501332679618,10,211+212+213
211+212+213,alcohol industries,1964,0,1,1041.9277706647106,5850.10775355804,77.85514923672818,5950.129735061452,35498937.58434187,73,86,154699739,NA,77597725,57419405,81153417,8574,6909,135284304,NA,57686579,18.85699662840548,17.865892870360383,9.056489647157923,4.454347296253507,6.948827901930586,4.354850039146322,8.674215359467897,17.38501332679618,11,211+212+213
211+212+213,alcohol industries,1965,0,1,1041.9277706647106,5850.10775355804,77.85514923672818,5950.129735061452,35498937.58434187,74,83,199112307,NA,91184178,79174698,99602932,8731,6930,154051388,NA,62867210,19.109379580283285,18.187167336046368,9.074635189810808,4.418840607796598,6.948827901930586,4.354850039146322,8.674215359467897,17.38501332679618,12,211+212+213
220,tobacco manufacture,1951,0,0,838.302916881153,3180.215413001858,209.82218315192807,12418.043100247556,515018165.5182864,142,2190,818015000,71230000,82903000,146202000,605328000.0000001,143400,130600,NA,56137000,194469000,20.522391231807205,18.800499785076944,11.873393207147657,7.691656822810547,6.731379511157206,5.34626042512924,8.064704213417668,20.05971273085698,1,220
220,tobacco manufacture,1952,0,0,838.302916881153,3180.215413001858,209.82218315192807,12418.043100247556,515018165.5182864,51,94,418526000,32968000,66633000,78759000,333510000,30501,27790,NA,21742000,118458000,19.852249572606794,18.181903114854187,10.32551474894327,4.543294782270004,6.731379511157206,5.34626042512924,8.064704213417668,20.05971273085698,2,220
220,tobacco manufacture,1953,0,0,838.302916881153,3180.215413001858,209.82218315192807,12418.043100247556,515018165.5182864,58,93,401410000,34161000,48146000,103011000,298276000,28200,25500,NA,23071000,124069000,19.810493906821375,18.450346336608117,10.247077256926206,4.532599493153256,6.731379511157206,5.34626042512924,8.064704213417668,20.05971273085698,3,220
220,tobacco manufacture,1954,0,0,838.302916881153,3180.215413001858,209.82218315192807,12418.043100247556,515018165.5182864,NA,NA,NA,NA,NA,NA,NA,NA,NA,NA,NA,NA,NA,NA,NA,NA,6.731379511157206,5.34626042512924,8.064704213417668,20.05971273085698,NA,220
220,tobacco manufacture,1955,0,0,838.302916881153,3180.215413001858,209.82218315192807,12418.043100247556,515018165.5182864,NA,NA,NA,NA,NA,NA,NA,NA,NA,NA,NA,NA,NA,NA,NA,NA,6.731379511157206,5.34626042512924,8.064704213417668,20.05971273085698,NA,220
220,tobacco manufacture,1956,0,0,838.302916881153,3180.215413001858,209.82218315192807,12418.043100247556,515018165.5182864,NA,NA,NA,NA,NA,NA,NA,NA,NA,NA,NA,NA,NA,NA,NA,NA,6.731379511157206,5.34626042512924,8.064704213417668,20.05971273085698,NA,220
220,tobacco manufacture,1957,0,1,838.302916881153,3180.215413001858,209.82218315192807,12418.043100247556,515018165.5182864,265,2746,1007253000,NA,78919000,231585000,579584000,206200,193500,291088000,NA,212169000,20.730492660437847,19.260457534726275,12.236601850564996,7.917900586327916,6.731379511157206,5.34626042512924,8.064704213417668,20.05971273085698,4,220
220,tobacco manufacture,1958,0,1,838.302916881153,3180.215413001858,209.82218315192807,12418.043100247556,515018165.5182864,255,2745,1247795000,NA,78664000,348390000,710304000,188134,170623,297576000,NA,218912000,20.94464383058052,19.66883309989005,12.144909753872517,7.917536353943631,6.731379511157206,5.34626042512924,8.064704213417668,20.05971273085698,5,220
220,tobacco manufacture,1959,0,1,838.302916881153,3180.215413001858,209.82218315192807,12418.043100247556,515018165.5182864,825,2690,1085300000,NA,NA,225036000,NA,181478,NA,289025000,NA,NA,20.805122283416242,19.23177094737006,12.108889713219048,7.897296472595885,6.731379511157206,5.34626042512924,8.064704213417668,20.05971273085698,6,220
220,tobacco manufacture,1960,0,1,838.302916881153,3180.215413001858,209.82218315192807,12418.043100247556,515018165.5182864,803,2685,1185809705,NA,80741790,243716552,723086493,182097,169078,337938728,NA,257196938,20.89369167355217,19.311516435862252,12.112294791115414,7.895436006942965,6.731379511157206,5.34626042512924,8.064704213417668,20.05971273085698,7,220
220,tobacco manufacture,1961,0,1,838.302916881153,3180.215413001858,209.82218315192807,12418.043100247556,515018165.5182864,829,2676,1302677446,NA,77760422,271894189,803883590,169554,161920,374904210,NA,286360788,20.987687557245483,19.42092353754644,12.040926739136308,7.892078421248119,6.731379511157206,5.34626042512924,8.064704213417668,20.05971273085698,8,220
220,tobacco manufacture,1962,0,1,838.302916881153,3180.215413001858,209.82218315192807,12418.043100247556,515018165.5182864,728,2364,1287106098,NA,84752285,269869981,777702995,160530,152611,385615894,NA,300863609,20.975662200390996,19.413450849127468,11.98623611997346,7.768110378525988,6.731379511157206,5.34626042512924,8.064704213417668,20.05971273085698,9,220
220,tobacco manufacture,1963,0,1,838.302916881153,3180.215413001858,209.82218315192807,12418.043100247556,515018165.5182864,640,1936,1473311700,NA,84729301,295162524,836825812,138035,131535,410763000,NA,260083699,21.11077856100219,19.503036691412092,11.835262555170823,7.568379267836522,6.731379511157206,5.34626042512924,8.064704213417668,20.05971273085698,10,220
220,tobacco manufacture,1964,0,1,838.302916881153,3180.215413001858,209.82218315192807,12418.043100247556,515018165.5182864,680,1933,1610963992,NA,86948808,308486662,876255184,137024,127293,433212065,NA,346263257,21.20009858955688,19.54718916536695,11.827911371949355,7.566828479208331,6.731379511157206,5.34626042512924,8.064704213417668,20.05971273085698,11,220
220,tobacco manufacture,1965,0,1,838.302916881153,3180.215413001858,209.82218315192807,12418.043100247556,515018165.5182864,680,1910,1918570479,NA,95370305,402067153,1102113910,131369,120334,459707946,NA,364337641,21.374846203489412,19.812129679896135,11.785765436346585,7.554858521040676,6.731379511157206,5.34626042512924,8.064704213417668,20.05971273085698,12,220
231,"spinning, weaving and finishing of textiles",1951,0,0,1291.6196868487089,2341.1837914620505,527.9972936875383,5469.280904468213,6051438784.274021,456,2555,7925992000,1360190000,1700807000,2477443000,5416220000,1207900,1134300,NA,1197935000,2407741000,22.793413322377784,21.630492816840178,14.00439387259337,7.845807502637805,7.163652280985913,6.269091158101342,7.758411974217827,22.523561896298002,1,231
231,"spinning, weaving and finishing of textiles",1952,0,0,1291.6196868487089,2341.1837914620505,527.9972936875383,5469.280904468213,6051438784.274021,415,1886,6821479000,1419389000,1533151000,2015301000.0000002,4867205000,1168456,1093353,NA,1210759000,2451716000,22.643342147460668,21.424034400841634,13.971193777138685,7.542213463193403,7.163652280985913,6.269091158101342,7.758411974217827,22.523561896298002,2,231
231,"spinning, weaving and finishing of textiles",1953,0,0,1291.6196868487089,2341.1837914620505,527.9972936875383,5469.280904468213,6051438784.274021,458,1948,5200833000,1485275000,744976920,2163158000,3988705000,1178800,1091500,NA,1239386000,2330359000,22.372084642012066,21.49483502794396,13.980007529845677,7.5745584842024805,7.163652280985913,6.269091158101342,7.758411974217827,22.523561896298002,3,231
231,"spinning, weaving and finishing of textiles",1954,0,0,1291.6196868487089,2341.1837914620505,527.9972936875383,5469.280904468213,6051438784.274021,NA,NA,NA,NA,NA,NA,NA,NA,NA,NA,NA,NA,NA,NA,NA,NA,7.163652280985913,6.269091158101342,7.758411974217827,22.523561896298002,NA,231
231,"spinning, weaving and finishing of textiles",1955,0,0,1291.6196868487089,2341.1837914620505,527.9972936875383,5469.280904468213,6051438784.274021,NA,NA,NA,NA,NA,NA,NA,NA,NA,NA,NA,NA,NA,NA,NA,NA,7.163652280985913,6.269091158101342,7.758411974217827,22.523561896298002,NA,231
231,"spinning, weaving and finishing of textiles",1956,0,0,1291.6196868487089,2341.1837914620505,527.9972936875383,5469.280904468213,6051438784.274021,NA,NA,NA,NA,NA,NA,NA,NA,NA,NA,NA,NA,NA,NA,NA,NA,7.163652280985913,6.269091158101342,7.758411974217827,22.523561896298002,NA,231
231,"spinning, weaving and finishing of textiles",1957,0,1,1291.6196868487089,2341.1837914620505,527.9972936875383,5469.280904468213,6051438784.274021,1126,3415,7484005000,NA,2015848000,2243233000,4928276000,1199400,1112200,3697173000,NA,1684325000,22.736033913449962,21.5311839658233,13.997331989716546,8.13593277200489,7.163652280985913,6.269091158101342,7.758411974217827,22.523561896298002,4,231
231,"spinning, weaving and finishing of textiles",1958,0,1,1291.6196868487089,2341.1837914620505,527.9972936875383,5469.280904468213,6051438784.274021,997,3483,7998762000,NA,2123615000,2785992000,4772006000,1158466,1057834,4319244000,NA,2197987000,22.80255261665123,21.74786984079954,13.96260727412869,8.155649270366002,7.163652280985913,6.269091158101342,7.758411974217827,22.523561896298002,5,231
231,"spinning, weaving and finishing of textiles",1959,0,1,1291.6196868487089,2341.1837914620505,527.9972936875383,5469.280904468213,6051438784.274021,1408,3412,7653556000,NA,NA,2402899000,NA,1159824,NA,3640798000,NA,NA,22.7584362133831,21.599941762022585,13.963778827433345,8.13505390861157,7.163652280985913,6.269091158101342,7.758411974217827,22.523561896298002,6,231
231,"spinning, weaving and finishing of textiles",1960,0,1,1291.6196868487089,2341.1837914620505,527.9972936875383,5469.280904468213,6051438784.274021,1457,3687,9064835236,NA,2235821657,2801714182,5729057044,1153620,1074273,3646460874,NA,1410639227,22.927668505146897,21.75349727466193,13.958415382394437,8.212568398234145,7.163652280985913,6.269091158101342,7.758411974217827,22.523561896298002,7,231
231,"spinning, weaving and finishing of textiles",1961,0,1,1291.6196868487089,2341.1837914620505,527.9972936875383,5469.280904468213,6051438784.274021,1513,3970,10518347485,NA,2591923449,3152855713,6678578053,1189664,1117930,4424076607,NA,1839514158,23.076386948742215,21.871574454648087,13.989181472277439,8.286521373681236,7.163652280985913,6.269091158101342,7.758411974217827,22.523561896298002,8,231
231,"spinning, weaving and finishing of textiles",1962,0,1,1291.6196868487089,2341.1837914620505,527.9972936875383,5469.280904468213,6051438784.274021,1573,4141,11295699632,NA,3029049901,3440535603,7020924974,1205246,1128145,5303105569,NA,2274046668,23.147687926692203,21.958892994758468,14.002194253448836,8.328692583545568,7.163652280985913,6.269091158101342,7.758411974217827,22.523561896298002,9,231
231,"spinning, weaving and finishing of textiles",1963,0,1,1291.6196868487089,2341.1837914620505,527.9972936875383,5469.280904468213,6051438784.274021,1517,4349,12428446465,NA,3537409125,3621164745,7747544881,1208194,1129082,5838846348,NA,2110963223,23.243253751954903,22.0100615637952,14.004637240609226,8.37770121259764,7.163652280985913,6.269091158101342,7.758411974217827,22.523561896298002,10,231
231,"spinning, weaving and finishing of textiles",1964,0,1,1291.6196868487089,2341.1837914620505,527.9972936875383,5469.280904468213,6051438784.274021,1619,4363,13824190444,NA,3924615784,3899705295,8613362207,1258918,1156383,6248042738,NA,2315062754,23.349685825244237,22.08416682184219,14.04576317984897,8.38091517312361,7.163652280985913,6.269091158101342,7.758411974217827,22.523561896298002,11,231
231,"spinning, weaving and finishing of textiles",1965,0,1,1291.6196868487089,2341.1837914620505,527.9972936875383,5469.280904468213,6051438784.274021,1726,4498,14702989504,NA,4228074305,4049399511,9310377935,1249663,1135476,6497743130,NA,2269668825,23.41131667767376,22.12183443818305,14.03838447292987,8.411388132519262,7.163652280985913,6.269091158101342,7.758411974217827,22.523561896298002,12,231
232,knitting mills,1951,0,0,1051.381916864764,2529.0053918084814,21.69881190631758,9125.331274135764,63786421.86392291,11,313,45615000,7870000,24205000,4410000,40918000,8600,7300,NA,6265000,22636000,17.63574716776171,15.299385247423029,9.0595174822416,5.746203190540153,6.957860689136019,3.0772575081865896,7.835581378659975,17.97105090221541,1,232
232,knitting mills,1952,0,0,1051.381916864764,2529.0053918084814,21.69881190631758,9125.331274135764,63786421.86392291,12,324,71059000,9134000,16831000,23644000,45791000,9159,8076.000000000001,NA,6665000.000000001,15925000,18.079021075843443,16.978619940926396,9.122492281402987,5.780743515792329,6.957860689136019,3.0772575081865896,7.835581378659975,17.97105090221541,2,232
232,knitting mills,1953,0,0,1051.381916864764,2529.0053918084814,21.69881190631758,9125.331274135764,63786421.86392291,18,368,83074000,8532000,16526000,17193000,61698000,7500,6200,NA,6230000,17760000,18.235242334816803,16.660012882201983,8.922658299524402,5.908082938168931,6.957860689136019,3.0772575081865896,7.835581378659975,17.97105090221541,3,232
232,knitting mills,1954,0,0,1051.381916864764,2529.0053918084814,21.69881190631758,9125.331274135764,63786421.86392291,NA,NA,NA,NA,NA,NA,NA,NA,NA,NA,NA,NA,NA,NA,NA,NA,6.957860689136019,3.0772575081865896,7.835581378659975,17.97105090221541,NA,232
232,knitting mills,1955,0,0,1051.381916864764,2529.0053918084814,21.69881190631758,9125.331274135764,63786421.86392291,NA,NA,NA,NA,NA,NA,NA,NA,NA,NA,NA,NA,NA,NA,NA,NA,6.957860689136019,3.0772575081865896,7.835581378659975,17.97105090221541,NA,232
232,knitting mills,1956,0,0,1051.381916864764,2529.0053918084814,21.69881190631758,9125.331274135764,63786421.86392291,NA,NA,NA,NA,NA,NA,NA,NA,NA,NA,NA,NA,NA,NA,NA,NA,6.957860689136019,3.0772575081865896,7.835581378659975,17.97105090221541,NA,232
232,knitting mills,1957,0,1,1051.381916864764,2529.0053918084814,21.69881190631758,9125.331274135764,63786421.86392291,53,398,89900000,NA,13500000,18400000,65400000,11100,9500,32400000,NA,18900000,18.31420849944185,16.727861222579214,9.314700387300425,5.986452005284438,6.957860689136019,3.0772575081865896,7.835581378659975,17.97105090221541,4,232
232,knitting mills,1958,0,1,1051.381916864764,2529.0053918084814,21.69881190631758,9125.331274135764,63786421.86392291,53,434,102030000,NA,13430000,30312000,67015000,11916,9433,49422000,NA,35992000,18.440777445651488,17.227054231680572,9.385637313833174,6.073044534100405,6.957860689136019,3.0772575081865896,7.835581378659975,17.97105090221541,5,232
232,knitting mills,1959,0,1,1051.381916864764,2529.0053918084814,21.69881190631758,9125.331274135764,63786421.86392291,126,420,105718000,NA,NA,22201000,NA,11512,NA,45229000,NA,NA,18.476285729625086,16.915647890873057,9.351145248567203,6.040254711277414,6.957860689136019,3.0772575081865896,7.835581378659975,17.97105090221541,6,232
232,knitting mills,1960,0,1,1051.381916864764,2529.0053918084814,21.69881190631758,9125.331274135764,63786421.86392291,113,477,89994532,NA,15320778,18289693,66191881,9528,8382,32923266,NA,17602488,18.31525947089329,16.721848235097692,9.161990111035136,6.1675164908883415,6.957860689136019,3.0772575081865896,7.835581378659975,17.97105090221541,7,232
232,knitting mills,1961,0,1,1051.381916864764,2529.0053918084814,21.69881190631758,9125.331274135764,63786421.86392291,108,448,100711658,NA,14999810,21698641,71935239,8779,7706,37131366,NA,21568556,18.427772120600718,16.89276018982144,9.080117784926209,6.104793232414985,6.957860689136019,3.0772575081865896,7.835581378659975,17.97105090221541,8,232
232,knitting mills,1962,0,1,1051.381916864764,2529.0053918084814,21.69881190631758,9125.331274135764,63786421.86392291,103,444,138406567,NA,15603194,28234908,101631598,9899,8551,50954245,NA,35351051,18.74570604944412,17.156069642716492,9.200189020919808,6.095824562432225,6.957860689136019,3.0772575081865896,7.835581378659975,17.97105090221541,9,232
232,knitting mills,1963,0,1,1051.381916864764,2529.0053918084814,21.69881190631758,9125.331274135764,63786421.86392291,134,461,162235910,NA,18912384,31976026,118359264,9409,8065,54368134,NA,6879750,18.90456206848325,17.2804969924828,9.149421957006766,6.133398042996649,6.957860689136019,3.0772575081865896,7.835581378659975,17.97105090221541,10,232
232,knitting mills,1964,0,1,1051.381916864764,2529.0053918084814,21.69881190631758,9125.331274135764,63786421.86392291,130,450,219601533,NA,23023908,42585446,156711571,11642,9913,54970242,NA,31946334,19.2073252484496,17.56702310967378,9.362374527831681,6.1092475827643655,6.957860689136019,3.0772575081865896,7.835581378659975,17.97105090221541,11,232
232,knitting mills,1965,0,1,1051.381916864764,2529.0053918084814,21.69881190631758,9125.331274135764,63786421.86392291,125,453,198075660,NA,20624174,37173222,145626351,10647,8698,65880594,NA,45256420,19.104159636881214,17.431099221325415,9.273033441314606,6.115892125483034,6.957860689136019,3.0772575081865896,7.835581378659975,17.97105090221541,12,232
233,"cordage, rope and twine industries",1951,0,0,1014.0748663955917,2930.532070309679,272.3333333333333,7917.807892934702,16070866.957375096,4,8,27411000,2698000,2065000,8816000,18550000,2700,2400,NA,2070000,9515000,17.126454950648867,15.992078810374833,7.90100705199242,2.0794415416798357,6.921732014162896,5.607026806191893,7.982939279487273,16.59251868506841,1,233
233,"cordage, rope and twine industries",1952,0,0,1014.0748663955917,2930.532070309679,272.3333333333333,7917.807892934702,16070866.957375096,6,7,13325000,2039000,1264000,2856000,10469000,1996,1819,NA,1556000,5142000,16.40515252801618,14.864932602441613,7.59890045687141,1.9459101490553132,6.921732014162896,5.607026806191893,7.982939279487273,16.59251868506841,2,233
233,"cordage, rope and twine industries",1953,0,0,1014.0748663955917,2930.532070309679,272.3333333333333,7917.807892934702,16070866.957375096,7,7,13834000,2212000,2779000,4298000,9536000,2000,1800,NA,1576000,7062000,16.44263988814267,15.273660356184593,7.600902459542082,1.9459101490553132,6.921732014162896,5.607026806191893,7.982939279487273,16.59251868506841,3,233
233,"cordage, rope and twine industries",1954,0,0,1014.0748663955917,2930.532070309679,272.3333333333333,7917.807892934702,16070866.957375096,NA,NA,NA,NA,NA,NA,NA,NA,NA,NA,NA,NA,NA,NA,NA,NA,6.921732014162896,5.607026806191893,7.982939279487273,16.59251868506841,NA,233
233,"cordage, rope and twine industries",1955,0,0,1014.0748663955917,2930.532070309679,272.3333333333333,7917.807892934702,16070866.957375096,NA,NA,NA,NA,NA,NA,NA,NA,NA,NA,NA,NA,NA,NA,NA,NA,6.921732014162896,5.607026806191893,7.982939279487273,16.59251868506841,NA,233
233,"cordage, rope and twine industries",1956,0,0,1014.0748663955917,2930.532070309679,272.3333333333333,7917.807892934702,16070866.957375096,NA,NA,NA,NA,NA,NA,NA,NA,NA,NA,NA,NA,NA,NA,NA,NA,6.921732014162896,5.607026806191893,7.982939279487273,16.59251868506841,NA,233
233,"cordage, rope and twine industries",1957,0,1,1014.0748663955917,2930.532070309679,272.3333333333333,7917.807892934702,16070866.957375096,16,37,23200000,NA,2900000,6800000,15400000,3500,3100,6900000,NA,4000000,16.95966283663654,15.732433170146335,8.160518247477505,3.6109179126442243,6.921732014162896,5.607026806191893,7.982939279487273,16.59251868506841,4,233
233,"cordage, rope and twine industries",1958,0,1,1014.0748663955917,2930.532070309679,272.3333333333333,7917.807892934702,16070866.957375096,14,37,26050000,NA,3758000,7956000,17294000,3300,3000,7650000,NA,3892000,17.07552832616365,15.889436918956,8.101677747454572,3.6109179126442243,6.921732014162896,5.607026806191893,7.982939279487273,16.59251868506841,5,233
233,"cordage, rope and twine industries",1959,0,1,1014.0748663955917,2930.532070309679,272.3333333333333,7917.807892934702,16070866.957375096,41,60,29120000,NA,NA,7271000,NA,7131,NA,20769000,NA,NA,17.18693578129276,15.799404391632194,8.872206756028303,4.0943445622221,6.921732014162896,5.607026806191893,7.982939279487273,16.59251868506841,6,233
233,"cordage, rope and twine industries",1960,0,1,1014.0748663955917,2930.532070309679,272.3333333333333,7917.807892934702,16070866.957375096,51,81,38242754,NA,5814576,8765799,27612341,4226,3768,12168589,NA,6354013,17.459464662382697,15.986368230197664,8.349011198176003,4.394449154672439,6.921732014162896,5.607026806191893,7.982939279487273,16.59251868506841,7,233
233,"cordage, rope and twine industries",1961,0,1,1014.0748663955917,2930.532070309679,272.3333333333333,7917.807892934702,16070866.957375096,51,83,45451954,NA,6781623,9543297,33083543,4396,4004,16222197,NA,9439574,17.63216636996285,16.07134958120369,8.388450315523512,4.418840607796598,6.921732014162896,5.607026806191893,7.982939279487273,16.59251868506841,8,233
233,"cordage, rope and twine industries",1962,0,1,1014.0748663955917,2930.532070309679,272.3333333333333,7917.807892934702,16070866.957375096,52,82,54466419,NA,10166551,13341348,38575000,4859,4430,18776426,NA,8609875,17.813094904588105,16.40637864282186,8.488587934405903,4.406719247264253,6.921732014162896,5.607026806191893,7.982939279487273,16.59251868506841,9,233
233,"cordage, rope and twine industries",1963,0,1,1014.0748663955917,2930.532070309679,272.3333333333333,7917.807892934702,16070866.957375096,65,91,83258572,NA,8994911,16666912,62088791,5744,5196,19713421,NA,7112510,18.23746164849106,16.628935994615972,8.65591111072806,4.51085950651685,6.921732014162896,5.607026806191893,7.982939279487273,16.59251868506841,10,233
233,"cordage, rope and twine industries",1964,0,1,1014.0748663955917,2930.532070309679,272.3333333333333,7917.807892934702,16070866.957375096,65,95,65374813,NA,11961534,13518955,46844005,5090,4398,27488133,NA,15526599,17.99564761992462,16.419603332692432,8.53503310954457,4.553876891600541,6.921732014162896,5.607026806191893,7.982939279487273,16.59251868506841,11,233
233,"cordage, rope and twine industries",1965,0,1,1014.0748663955917,2930.532070309679,272.3333333333333,7917.807892934702,16070866.957375096,57,95,55969974,NA,13048666,13549322,36827083,4600,3976,23655222,NA,10606556,17.840325926332863,16.421847067137726,8.433811582477187,4.553876891600541,6.921732014162896,5.607026806191893,7.982939279487273,16.59251868506841,12,233
239,manufacture of textiles not elsewhere classified,1951,0,0,152.90657022297253,1217.1062089505776,42.134377773705864,6215.2015907952355,540811346.4764745,172,2305,508908000,24067000,172276000,64217999.99999999,444167999.9999999,144400,130300,NA,15273000,68303000,20.04777781161628,17.97779410319457,11.880342505440863,7.742835955430749,5.029827082731047,3.7408639816702993,7.104231360297601,20.10858106338357,1,239
239,manufacture of textiles not elsewhere classified,1952,0,0,152.90657022297253,1217.1062089505776,42.134377773705864,6215.2015907952355,540811346.4764745,173,2146,542264000,24895000,161471000,116619000,425185000.0000001,90762,70784,NA,9790000,49961000,20.11126352568744,18.574422768863005,11.415995974790254,7.671360923190644,5.029827082731047,3.7408639816702993,7.104231360297601,20.10858106338357,2,239
239,manufacture of textiles not elsewhere classified,1953,0,0,152.90657022297253,1217.1062089505776,42.134377773705864,6215.2015907952355,540811346.4764745,191,2212,475299000,26813000,173475000,73544000,400999000,103200,81600,NA,10940000,44789000,19.979454637647667,18.113394424525726,11.544424132029599,7.701652362642226,5.029827082731047,3.7408639816702993,7.104231360297601,20.10858106338357,3,239
239,manufacture of textiles not elsewhere classified,1954,0,0,152.90657022297253,1217.1062089505776,42.134377773705864,6215.2015907952355,540811346.4764745,NA,NA,NA,NA,NA,NA,NA,NA,NA,NA,NA,NA,NA,NA,NA,NA,5.029827082731047,3.7408639816702993,7.104231360297601,20.10858106338357,NA,239
239,manufacture of textiles not elsewhere classified,1955,0,0,152.90657022297253,1217.1062089505776,42.134377773705864,6215.2015907952355,540811346.4764745,NA,NA,NA,NA,NA,NA,NA,NA,NA,NA,NA,NA,NA,NA,NA,NA,5.029827082731047,3.7408639816702993,7.104231360297601,20.10858106338357,NA,239
239,manufacture of textiles not elsewhere classified,1956,0,0,152.90657022297253,1217.1062089505776,42.134377773705864,6215.2015907952355,540811346.4764745,NA,NA,NA,NA,NA,NA,NA,NA,NA,NA,NA,NA,NA,NA,NA,NA,5.029827082731047,3.7408639816702993,7.104231360297601,20.10858106338357,NA,239
239,manufacture of textiles not elsewhere classified,1957,0,1,152.90657022297253,1217.1062089505776,42.134377773705864,6215.2015907952355,540811346.4764745,257,2850,1004300000,NA,156600000,116000000,850100000,169800,155300,249000000,NA,92400000,20.727556618363568,18.56910074907064,12.042376552859384,7.955074273262696,5.029827082731047,3.7408639816702993,7.104231360297601,20.10858106338357,4,239
239,manufacture of textiles not elsewhere classified,1958,0,1,152.90657022297253,1217.1062089505776,42.134377773705864,6215.2015907952355,540811346.4764745,442,2850,691817000,NA,125513000,64517000,612200000,146300,127600,217658000,NA,92145000,20.354832027741594,17.982439312930087,11.893414587008216,7.955074273262696,5.029827082731047,3.7408639816702993,7.104231360297601,20.10858106338357,5,239
239,manufacture of textiles not elsewhere classified,1959,0,1,152.90657022297253,1217.1062089505776,42.134377773705864,6215.2015907952355,540811346.4764745,1695,3672,831074000,NA,NA,117356000,NA,181684,NA,289563000,NA,NA,20.538229398193213,18.58072260805524,12.110024193269792,8.20849175174038,5.029827082731047,3.7408639816702993,7.104231360297601,20.10858106338357,6,239
239,manufacture of textiles not elsewhere classified,1960,0,1,152.90657022297253,1217.1062089505776,42.134377773705864,6215.2015907952355,540811346.4764745,1614,3727,910508555,NA,191397765,143284640,737674912,143646,131811,293811861,NA,102414096,20.629513853024093,18.78034369933531,11.875107218562034,8.223358899479258,5.029827082731047,3.7408639816702993,7.104231360297601,20.10858106338357,7,239
239,manufacture of textiles not elsewhere classified,1961,0,1,152.90657022297253,1217.1062089505776,42.134377773705864,6215.2015907952355,540811346.4764745,1503,3650,866055473,NA,189709608,114790492,718652231,134700,124770,322560023,NA,133019415,20.57945952105716,18.55861921612013,11.810805362398455,8.202482446576537,5.029827082731047,3.7408639816702993,7.104231360297601,20.10858106338357,8,239
239,manufacture of textiles not elsewhere classified,1962,0,1,152.90657022297253,1217.1062089505776,42.134377773705864,6215.2015907952355,540811346.4764745,1369,3569,958171874,NA,190484509,128001184,799771564,126275,115165,301489402,NA,111004893,20.680537729029034,18.66755007184111,11.746217347336254,8.18004072349016,5.029827082731047,3.7408639816702993,7.104231360297601,20.10858106338357,9,239
239,manufacture of textiles not elsewhere classified,1963,0,1,152.90657022297253,1217.1062089505776,42.134377773705864,6215.2015907952355,540811346.4764745,1406,3280,1112790887,NA,185593506,134867574,925972908,128180,115952,306480112,NA,77035606,20.83013700928764,18.719803921639407,11.761190805058218,8.09559870137819,5.029827082731047,3.7408639816702993,7.104231360297601,20.10858106338357,10,239
239,manufacture of textiles not elsewhere classified,1964,0,1,152.90657022297253,1217.1062089505776,42.134377773705864,6215.2015907952355,540811346.4764745,1606,3287,1441602081,NA,206223132,159543852,1199185214,124302,110277,351594100,NA,145370968,21.089020888352266,18.88782937657098,11.730469367473944,8.097730573664219,5.029827082731047,3.7408639816702993,7.104231360297601,20.10858106338357,11,239
239,manufacture of textiles not elsewhere classified,1965,0,1,152.90657022297253,1217.1062089505776,42.134377773705864,6215.2015907952355,540811346.4764745,1651,3255,1328374769,NA,207388094,145608988,1108897456,117988,103565,342611499,NA,135223405,21.00722205376044,18.796435422590825,11.67833820336127,8.08794755464267,5.029827082731047,3.7408639816702993,7.104231360297601,20.10858106338357,12,239
241+293,Footwear and Leather Manufacturing,1951,0,0,1361.6019593937253,4157.93560102728,299.4006359300477,5337.76650241585,59661107.958959475,12,42,98405000,22020000,12020000,47867000,50539000,13100,12600,NA,20082000,14182000,18.404602173739676,17.683936889674342,9.480367509189243,3.7376696182833684,7.216417196855769,5.701782595998128,8.332773980329591,17.904190908098002,1,241+293
241+293,Footwear and Leather Manufacturing,1952,0,0,1361.6019593937253,4157.93560102728,299.4006359300477,5337.76650241585,59661107.958959475,13,37,84838000,22237000,11746000,39301000,45501000,12605,10707,NA,10599000,27776000,18.25625411359694,17.486760521808385,9.44184883962202,3.6109179126442243,7.216417196855769,5.701782595998128,8.332773980329591,17.904190908098002,2,241+293
241+293,Footwear and Leather Manufacturing,1953,0,0,1361.6019593937253,4157.93560102728,299.4006359300477,5337.76650241585,59661107.958959475,13,34,77839000,22307000,12491000,33388000,44360000,12500,10500,NA,9889000,22986000,18.170153148894137,17.323707111952764,9.433483923290392,3.5263605246161616,7.216417196855769,5.701782595998128,8.332773980329591,17.904190908098002,3,241+293
241+293,Footwear and Leather Manufacturing,1954,0,0,1361.6019593937253,4157.93560102728,299.4006359300477,5337.76650241585,59661107.958959475,NA,NA,NA,NA,NA,NA,NA,NA,NA,NA,NA,NA,NA,NA,NA,NA,7.216417196855769,5.701782595998128,8.332773980329591,17.904190908098002,NA,241+293
241+293,Footwear and Leather Manufacturing,1955,0,0,1361.6019593937253,4157.93560102728,299.4006359300477,5337.76650241585,59661107.958959475,NA,NA,NA,NA,NA,NA,NA,NA,NA,NA,NA,NA,NA,NA,NA,NA,7.216417196855769,5.701782595998128,8.332773980329591,17.904190908098002,NA,241+293
241+293,Footwear and Leather Manufacturing,1956,0,0,1361.6019593937253,4157.93560102728,299.4006359300477,5337.76650241585,59661107.958959475,NA,NA,NA,NA,NA,NA,NA,NA,NA,NA,NA,NA,NA,NA,NA,NA,7.216417196855769,5.701782595998128,8.332773980329591,17.904190908098002,NA,241+293
241+293,Footwear and Leather Manufacturing,1957,0,1,1361.6019593937253,4157.93560102728,299.4006359300477,5337.76650241585,59661107.958959475,17,40,40100000,NA,2700000,10800000,28500000,3700,3100,18100000,NA,15400000,17.506886892276796,16.195056692094447,8.216088098632316,3.6888794541139363,7.216417196855769,5.701782595998128,8.332773980329591,17.904190908098002,4,241+293
241+293,Footwear and Leather Manufacturing,1958,0,1,1361.6019593937253,4157.93560102728,299.4006359300477,5337.76650241585,59661107.958959475,29,88,51658000,NA,6047000,15395000,34949000,6791,5511,1913000,NA,-4134000,17.760155630209674,16.549553339340736,8.823353485113792,4.477336814478207,7.216417196855769,5.701782595998128,8.332773980329591,17.904190908098002,5,241+293
241+293,Footwear and Leather Manufacturing,1959,0,1,1361.6019593937253,4157.93560102728,299.4006359300477,5337.76650241585,59661107.958959475,80,123,42708000,NA,NA,9566000,NA,4823,NA,8927000,NA,NA,17.56989681428033,16.07372570322238,8.481151420068972,4.812184355372417,7.216417196855769,5.701782595998128,8.332773980329591,17.904190908098002,6,241+293
241+293,Footwear and Leather Manufacturing,1960,0,1,1361.6019593937253,4157.93560102728,299.4006359300477,5337.76650241585,59661107.958959475,74,113,33486522,NA,4123209,8041387,24319261,3749,3390,8765808,NA,5277871,17.326653587481317,15.9001121387144,8.229244416735913,4.727387818712341,7.216417196855769,5.701782595998128,8.332773980329591,17.904190908098002,7,241+293
241+293,Footwear and Leather Manufacturing,1961,0,1,1361.6019593937253,4157.93560102728,299.4006359300477,5337.76650241585,59661107.958959475,56,109,40103115,NA,3566305,9971763,28220148,3914,3501,12004821,NA,8439516,17.506964570057807,16.115267956796828,8.272315147956022,4.6913478822291435,7.216417196855769,5.701782595998128,8.332773980329591,17.904190908098002,8,241+293
241+293,Footwear and Leather Manufacturing,1962,0,1,1361.6019593937253,4157.93560102728,299.4006359300477,5337.76650241585,59661107.958959475,69,123,71043109,NA,7117789,17721459,49206668,6931,6163,37203180,NA,30085391,18.078797419767145,16.690286836094874,8.843759381917984,4.812184355372417,7.216417196855769,5.701782595998128,8.332773980329591,17.904190908098002,9,241+293
241+293,Footwear and Leather Manufacturing,1963,0,1,1361.6019593937253,4157.93560102728,299.4006359300477,5337.76650241585,59661107.958959475,92,122,92102481,NA,8274364,23185898,64054629,8656,7693,43987497,NA,28559133,18.33841243897346,16.959054806996388,9.066008001086264,4.804021044733257,7.216417196855769,5.701782595998128,8.332773980329591,17.904190908098002,10,241+293
241+293,Footwear and Leather Manufacturing,1964,0,1,1361.6019593937253,4157.93560102728,299.4006359300477,5337.76650241585,59661107.958959475,101,143,112548299,NA,11087109,27181743,80381094,9197,8146,47643657,NA,36556548,18.538893011919825,17.118056092666478,9.126632622902697,4.962844630259907,7.216417196855769,5.701782595998128,8.332773980329591,17.904190908098002,11,241+293
241+293,Footwear and Leather Manufacturing,1965,0,1,1361.6019593937253,4157.93560102728,299.4006359300477,5337.76650241585,59661107.958959475,75,146,99949466,NA,10749710,24503454,71131239,9539,8169,45056800,NA,34307090,18.420175276225077,17.014324645170102,9.163143937145207,4.983606621708336,7.216417196855769,5.701782595998128,8.332773980329591,17.904190908098002,12,241+293
243,manufacture of wearing apparel (except footwear),1951,0,0,877.8878904380779,2698.875566579597,56.79074108498312,10013.258894803113,18292253.285970576,8,53,36705000,4059000,3810000,15177000,21108000,4700,4300,NA,3313000,3024000,17.41842354352702,16.535291681942184,8.45531778769815,3.970291913552122,6.777518898054225,4.039373303372485,7.900590508427823,16.721988210480887,1,243
243,manufacture of wearing apparel (except footwear),1952,0,0,877.8878904380779,2698.875566579597,56.79074108498312,10013.258894803113,18292253.285970576,4,28,12685000,1600000,1317000,1123000,11478000,1334,1147,NA,857000,6083000,16.35593075101552,13.93151423372058,7.195937226475569,3.332204510175204,6.777518898054225,4.039373303372485,7.900590508427823,16.721988210480887,2,243
243,manufacture of wearing apparel (except footwear),1953,0,0,877.8878904380779,2698.875566579597,56.79074108498312,10013.258894803113,18292253.285970576,4,29,15046000,1811000,1438000,3571000,11312000,1700,1400,NA,1021000,6040000,16.526622733102304,15.088356226576586,7.438383530044307,3.367295829986474,6.777518898054225,4.039373303372485,7.900590508427823,16.721988210480887,3,243
243,manufacture of wearing apparel (except footwear),1954,0,0,877.8878904380779,2698.875566579597,56.79074108498312,10013.258894803113,18292253.285970576,NA,NA,NA,NA,NA,NA,NA,NA,NA,NA,NA,NA,NA,NA,NA,NA,6.777518898054225,4.039373303372485,7.900590508427823,16.721988210480887,NA,243
243,manufacture of wearing apparel (except footwear),1955,0,0,877.8878904380779,2698.875566579597,56.79074108498312,10013.258894803113,18292253.285970576,NA,NA,NA,NA,NA,NA,NA,NA,NA,NA,NA,NA,NA,NA,NA,NA,6.777518898054225,4.039373303372485,7.900590508427823,16.721988210480887,NA,243
243,manufacture of wearing apparel (except footwear),1956,0,0,877.8878904380779,2698.875566579597,56.79074108498312,10013.258894803113,18292253.285970576,NA,NA,NA,NA,NA,NA,NA,NA,NA,NA,NA,NA,NA,NA,NA,NA,6.777518898054225,4.039373303372485,7.900590508427823,16.721988210480887,NA,243
243,manufacture of wearing apparel (except footwear),1957,0,1,877.8878904380779,2698.875566579597,56.79074108498312,10013.258894803113,18292253.285970576,32,110,47975000,NA,2555000,11259000,34605000,5100,4200,8842000,NA,6287000,17.686190599858037,16.236678366785267,8.536995818712418,4.700480365792417,6.777518898054225,4.039373303372485,7.900590508427823,16.721988210480887,4,243
243,manufacture of wearing apparel (except footwear),1958,0,1,877.8878904380779,2698.875566579597,56.79074108498312,10013.258894803113,18292253.285970576,19,110,49728000,NA,2505000,9174000,38915000,7140,5920,11624000,NA,9119000,17.722078712709457,16.031883954139253,8.87346805533363,4.700480365792417,6.777518898054225,4.039373303372485,7.900590508427823,16.721988210480887,5,243
243,manufacture of wearing apparel (except footwear),1959,0,1,877.8878904380779,2698.875566579597,56.79074108498312,10013.258894803113,18292253.285970576,108,189,68422000,NA,NA,16962000,NA,9018,NA,26882000,NA,NA,18.04120496830545,16.646486105903783,9.106977858981029,5.241747015059643,6.777518898054225,4.039373303372485,7.900590508427823,16.721988210480887,6,243
243,manufacture of wearing apparel (except footwear),1960,0,1,877.8878904380779,2698.875566579597,56.79074108498312,10013.258894803113,18292253.285970576,97,201,67975252,NA,9185489,17770914,46829454,9180,8296,29303485,NA,20117996,18.034654255721247,16.693073633810915,9.124782483614537,5.303304908059076,6.777518898054225,4.039373303372485,7.900590508427823,16.721988210480887,7,243
243,manufacture of wearing apparel (except footwear),1961,0,1,877.8878904380779,2698.875566579597,56.79074108498312,10013.258894803113,18292253.285970576,110,212,80419851,NA,9380512,19763248,56032773,10101,9363,32401892,NA,22993380,18.202771606658743,16.799334609245957,9.220389707829185,5.356586274672012,6.777518898054225,4.039373303372485,7.900590508427823,16.721988210480887,8,243
243,manufacture of wearing apparel (except footwear),1962,0,1,877.8878904380779,2698.875566579597,56.79074108498312,10013.258894803113,18292253.285970576,103,219,102826889,NA,10200641,20973175,76595203,10221,9350,34915504,NA,24714863,18.44855744293074,16.858754798188833,9.232199706329077,5.389071729816501,6.777518898054225,4.039373303372485,7.900590508427823,16.721988210480887,9,243
243,manufacture of wearing apparel (except footwear),1963,0,1,877.8878904380779,2698.875566579597,56.79074108498312,10013.258894803113,18292253.285970576,129,231,116287688,NA,10846427,22336128,86555916,10562,9546,37464867,NA,16171440,18.571577747740434,16.921716015186842,9.26501793326688,5.442417710521793,6.777518898054225,4.039373303372485,7.900590508427823,16.721988210480887,10,243
243,manufacture of wearing apparel (except footwear),1964,0,1,877.8878904380779,2698.875566579597,56.79074108498312,10013.258894803113,18292253.285970576,148,244,136755648,NA,11913613,28728708,98296319,11428,10215,38886288,NA,26972675,18.733706300058813,17.173407459530072,9.343821763350663,5.497168225293202,6.777518898054225,4.039373303372485,7.900590508427823,16.721988210480887,11,243
243,manufacture of wearing apparel (except footwear),1965,0,1,877.8878904380779,2698.875566579597,56.79074108498312,10013.258894803113,18292253.285970576,154,271,155347738,NA,15683091,36378356,106072324,13406,11593,48318401,NA,32635310,18.861176633027867,17.409484540368517,9.503457646917903,5.602118820879701,6.777518898054225,4.039373303372485,7.900590508427823,16.721988210480887,12,243
251,"saw mills, wood and cork products",1951,0,0,702.6341962204672,2021.5349008432906,18.58368278346182,3131.959704150074,35982965.447515786,16,578,74195000,12836000,19727000,30296000,43776000,15000,11700,NA,8843000,11438000,18.122207320422365,17.22652624856377,9.615805480084347,6.359573868672378,6.554836409612986,2.922283925986535,7.611612353756569,17.398556202421,1,251
251,"saw mills, wood and cork products",1952,0,0,702.6341962204672,2021.5349008432906,18.58368278346182,3131.959704150074,35982965.447515786,25,606,32104000,8265000.000000001,18368000,12584000,19519000,13316,10995,NA,5852000,26300000,17.28449119092889,16.347936723720252,9.496721598694915,6.406879986069314,6.554836409612986,2.922283925986535,7.611612353756569,17.398556202421,2,251
251,"saw mills, wood and cork products",1953,0,0,702.6341962204672,2021.5349008432906,18.58368278346182,3131.959704150074,35982965.447515786,31,668,41246000,8795000,20958000,17776000,23468000,13500,11600,NA,6087000,12792000,17.53506469634613,16.69335979086155,9.51044496442652,6.504288173536645,6.554836409612986,2.922283925986535,7.611612353756569,17.398556202421,3,251
251,"saw mills, wood and cork products",1954,0,0,702.6341962204672,2021.5349008432906,18.58368278346182,3131.959704150074,35982965.447515786,NA,NA,NA,NA,NA,NA,NA,NA,NA,NA,NA,NA,NA,NA,NA,NA,6.554836409612986,2.922283925986535,7.611612353756569,17.398556202421,NA,251
251,"saw mills, wood and cork products",1955,0,0,702.6341962204672,2021.5349008432906,18.58368278346182,3131.959704150074,35982965.447515786,NA,NA,NA,NA,NA,NA,NA,NA,NA,NA,NA,NA,NA,NA,NA,NA,6.554836409612986,2.922283925986535,7.611612353756569,17.398556202421,NA,251
251,"saw mills, wood and cork products",1956,0,0,702.6341962204672,2021.5349008432906,18.58368278346182,3131.959704150074,35982965.447515786,NA,NA,NA,NA,NA,NA,NA,NA,NA,NA,NA,NA,NA,NA,NA,NA,6.554836409612986,2.922283925986535,7.611612353756569,17.398556202421,NA,251
251,"saw mills, wood and cork products",1957,0,1,702.6341962204672,2021.5349008432906,18.58368278346182,3131.959704150074,35982965.447515786,58,896,213500000,NA,40000000,50400000,154900000,24700,20800,84000000,NA,44000000,19.179147390632952,17.7355017330416,10.114558522616068,6.79794041297493,6.554836409612986,2.922283925986535,7.611612353756569,17.398556202421,4,251
251,"saw mills, wood and cork products",1958,0,1,702.6341962204672,2021.5349008432906,18.58368278346182,3131.959704150074,35982965.447515786,63,900,78903000,NA,17271000,16246000,59700000,11900,9600,32943000,NA,15672000,18.183729807906943,16.603357282593038,9.38429367909962,6.802394763324311,6.554836409612986,2.922283925986535,7.611612353756569,17.398556202421,5,251
251,"saw mills, wood and cork products",1959,0,1,702.6341962204672,2021.5349008432906,18.58368278346182,3131.959704150074,35982965.447515786,156,156,81900000,NA,NA,27500000,NA,14567,NA,57900000,NA,NA,18.221009548823297,17.1296965626368,9.586513975448948,5.049856007249537,6.554836409612986,2.922283925986535,7.611612353756569,17.398556202421,6,251
251,"saw mills, wood and cork products",1960,0,1,702.6341962204672,2021.5349008432906,18.58368278346182,3131.959704150074,35982965.447515786,130,130,87761854,NA,41432614,26210906,54726050,13487,11779,64820210,NA,23387596,18.290137499505732,17.08168614166134,9.509481537516857,4.867534450455582,6.554836409612986,2.922283925986535,7.611612353756569,17.398556202421,7,251
251,"saw mills, wood and cork products",1961,0,1,702.6341962204672,2021.5349008432906,18.58368278346182,3131.959704150074,35982965.447515786,130,130,86300743,NA,28816211,21524817,57097481,11814,10307,49895167,NA,21078956,18.27334876551833,16.884717106499767,9.37704054786718,4.867534450455582,6.554836409612986,2.922283925986535,7.611612353756569,17.398556202421,8,251
251,"saw mills, wood and cork products",1962,0,1,702.6341962204672,2021.5349008432906,18.58368278346182,3131.959704150074,35982965.447515786,120,120,121844074,NA,45513608,31608651,77226800,14455,12388,82479572,NA,36965964,18.61825270328698,17.2689414069129,9.578795654450447,4.787491742782046,6.554836409612986,2.922283925986535,7.611612353756569,17.398556202421,9,251
251,"saw mills, wood and cork products",1963,0,1,702.6341962204672,2021.5349008432906,18.58368278346182,3131.959704150074,35982965.447515786,132,132,154743518,NA,46521313,34431748,103658241,15435,13134,92078701,NA,45557388,18.85727958173732,17.354489603703577,9.64439293693626,4.882801922586371,6.554836409612986,2.922283925986535,7.611612353756569,17.398556202421,10,251
251,"saw mills, wood and cork products",1964,0,1,702.6341962204672,2021.5349008432906,18.58368278346182,3131.959704150074,35982965.447515786,176,176,175382967,NA,53213659,36409149,120858886,18630,15910,110694560,NA,57480901,18.982482523722844,17.41033064717866,9.832528463595635,5.170483995038151,6.554836409612986,2.922283925986535,7.611612353756569,17.398556202421,11,251
251,"saw mills, wood and cork products",1965,0,1,702.6341962204672,2021.5349008432906,18.58368278346182,3131.959704150074,35982965.447515786,197,197,205784065,NA,73431047,48936006,133768680,22914,19521,180486976,NA,107055929,19.142337948823155,17.70602400251365,10.03950335645357,5.2832037287379885,6.554836409612986,2.922283925986535,7.611612353756569,17.398556202421,12,251
252 + 260,manufacture of furniture and fixtures,1951,0,0,804.0929135695676,2386.4029559123546,45.08889038915369,4024.7524484052055,39043616.37598855,33,243,46551000,9259000,24925000,17816000,28237000,11100,9300,NA,6819000,12458000,17.65605904373373,16.69560748791934,9.314700387300425,5.493061443340548,6.689714826643199,3.8086358833289866,7.777542471848931,17.480189947800707,1,252 + 260
252 + 260,manufacture of furniture and fixtures,1952,0,0,804.0929135695676,2386.4029559123546,45.08889038915369,4024.7524484052055,39043616.37598855,33,195,56582000,9477000,33628000,19064000,37483000,12166,10042,NA,5506000,18972000,17.851201471392532,16.763312297760717,9.40640045488065,5.272999558563747,6.689714826643199,3.8086358833289866,7.777542471848931,17.480189947800707,2,252 + 260
252 + 260,manufacture of furniture and fixtures,1953,0,0,804.0929135695676,2386.4029559123546,45.08889038915369,4024.7524484052055,39043616.37598855,40,211,47258000,10945000,38847000,21927000,25242000,11500,9600,NA,7530000,17545000,17.67113250974165,16.903229312130637,9.350102314351341,5.351858133476067,6.689714826643199,3.8086358833289866,7.777542471848931,17.480189947800707,3,252 + 260
252 + 260,manufacture of furniture and fixtures,1954,0,0,804.0929135695676,2386.4029559123546,45.08889038915369,4024.7524484052055,39043616.37598855,NA,NA,NA,NA,NA,NA,NA,NA,NA,NA,NA,NA,NA,NA,NA,NA,6.689714826643199,3.8086358833289866,7.777542471848931,17.480189947800707,NA,252 + 260
252 + 260,manufacture of furniture and fixtures,1955,0,0,804.0929135695676,2386.4029559123546,45.08889038915369,4024.7524484052055,39043616.37598855,NA,NA,NA,NA,NA,NA,NA,NA,NA,NA,NA,NA,NA,NA,NA,NA,6.689714826643199,3.8086358833289866,7.777542471848931,17.480189947800707,NA,252 + 260
252 + 260,manufacture of furniture and fixtures,1956,0,0,804.0929135695676,2386.4029559123546,45.08889038915369,4024.7524484052055,39043616.37598855,NA,NA,NA,NA,NA,NA,NA,NA,NA,NA,NA,NA,NA,NA,NA,NA,6.689714826643199,3.8086358833289866,7.777542471848931,17.480189947800707,NA,252 + 260
252 + 260,manufacture of furniture and fixtures,1957,0,1,804.0929135695676,2386.4029559123546,45.08889038915369,4024.7524484052055,39043616.37598855,83,293,115900000,NA,31100000,45300000,64600000,20300,16800,58500000,NA,27400000,18.56823830830998,17.628817590453263,9.918376165029878,5.680172609017068,6.689714826643199,3.8086358833289866,7.777542471848931,17.480189947800707,4,252 + 260
252 + 260,manufacture of furniture and fixtures,1958,0,1,804.0929135695676,2386.4029559123546,45.08889038915369,4024.7524484052055,39043616.37598855,70,291,98408000,NA,27361000,34086000,57555000,16600,14000,50090000,NA,22729000,18.40463265953076,17.34439730076732,9.717157974344635,5.673323267171493,6.689714826643199,3.8086358833289866,7.777542471848931,17.480189947800707,5,252 + 260
252 + 260,manufacture of furniture and fixtures,1959,0,1,804.0929135695676,2386.4029559123546,45.08889038915369,4024.7524484052055,39043616.37598855,145,260,110902000,NA,NA,37600000,NA,19381,NA,61934000,NA,NA,18.524157486423082,17.442514608360124,9.872048483700748,5.560681631015528,6.689714826643199,3.8086358833289866,7.777542471848931,17.480189947800707,6,252 + 260
252 + 260,manufacture of furniture and fixtures,1960,0,1,804.0929135695676,2386.4029559123546,45.08889038915369,4024.7524484052055,39043616.37598855,137,287,136122011,NA,43418830,46786014,80123157,20555,18881,72002147,NA,29490205,18.72906218121691,17.66109487007062,9.930859499331978,5.659482215759621,6.689714826643199,3.8086358833289866,7.777542471848931,17.480189947800707,7,252 + 260
252 + 260,manufacture of furniture and fixtures,1961,0,1,804.0929135695676,2386.4029559123546,45.08889038915369,4024.7524484052055,39043616.37598855,161,327,154330329,NA,52364237,52929994,88970951,24771,22168,102051359,NA,49844122,18.854605856670243,17.7844807304769,10.117428893085538,5.7899601708972535,6.689714826643199,3.8086358833289866,7.777542471848931,17.480189947800707,8,252 + 260
252 + 260,manufacture of furniture and fixtures,1962,0,1,804.0929135695676,2386.4029559123546,45.08889038915369,4024.7524484052055,39043616.37598855,171,356,185498429,NA,59421456,62216454,108545182,26247,23983,116104625,NA,56683169,19.038556970973207,17.94613005648858,10.175306975774374,5.87493073085203,6.689714826643199,3.8086358833289866,7.777542471848931,17.480189947800707,9,252 + 260
252 + 260,manufacture of furniture and fixtures,1963,0,1,804.0929135695676,2386.4029559123546,45.08889038915369,4024.7524484052055,39043616.37598855,203,391,212663746,NA,68052547,69494120,123554807,26865,24253,131379640,NA,54251093,19.17522281900433,18.056752702639326,10.198579603162921,5.968707559985366,6.689714826643199,3.8086358833289866,7.777542471848931,17.480189947800707,10,252 + 260
252 + 260,manufacture of furniture and fixtures,1964,0,1,804.0929135695676,2386.4029559123546,45.08889038915369,4024.7524484052055,39043616.37598855,231,421,235529359,NA,71946433,78808039,132743250,26677,23231,208445442,NA,69456354,19.27734613031717,18.182525567391146,10.191557049929173,6.042632833682381,6.689714826643199,3.8086358833289866,7.777542471848931,17.480189947800707,11,252 + 260
252 + 260,manufacture of furniture and fixtures,1965,0,1,804.0929135695676,2386.4029559123546,45.08889038915369,4024.7524484052055,39043616.37598855,238,457,280704874,NA,83968142,90984322,165538389,27238,22838,171245161,NA,87277019,19.452814404914886,18.32619776392395,10.212368336128902,6.124683390894205,6.689714826643199,3.8086358833289866,7.777542471848931,17.480189947800707,12,252 + 260
271,"manufacture of pulp, paper and paper board",1951,0,0,1155.7995891673677,4743.6872901576935,323.95580454403984,7136.543043438912,156828101.26681525,39,68,226807000,33064000,150822000,99034000,124683000,27800,23900,NA,23798000,614074000,19.239609993539112,18.410973783482223,10.232791299678729,4.219507705176107,7.052547668430567,5.7806071007599495,8.464570021590463,18.870660867085938,1,271
271,"manufacture of pulp, paper and paper board",1952,0,0,1155.7995891673677,4743.6872901576935,323.95580454403984,7136.543043438912,156828101.26681525,41,63,215360000,33916000,137781000,86093000,127772000,25456,21529,NA,21162000,100960000,19.187821604420638,18.27093866527986,10.144706750577567,4.143134726391533,7.052547668430567,5.7806071007599495,8.464570021590463,18.870660867085938,2,271
271,"manufacture of pulp, paper and paper board",1953,0,0,1155.7995891673677,4743.6872901576935,323.95580454403984,7136.543043438912,156828101.26681525,44,75,199300000,33683000,139396000,83570000,115217000,25300,20900,NA,20440000,72840000,19.11032178518302,18.24119516197762,10.138559674715612,4.31748811353631,7.052547668430567,5.7806071007599495,8.464570021590463,18.870660867085938,3,271
271,"manufacture of pulp, paper and paper board",1954,0,0,1155.7995891673677,4743.6872901576935,323.95580454403984,7136.543043438912,156828101.26681525,NA,NA,NA,NA,NA,NA,NA,NA,NA,NA,NA,NA,NA,NA,NA,NA,7.052547668430567,5.7806071007599495,8.464570021590463,18.870660867085938,NA,271
271,"manufacture of pulp, paper and paper board",1955,0,0,1155.7995891673677,4743.6872901576935,323.95580454403984,7136.543043438912,156828101.26681525,NA,NA,NA,NA,NA,NA,NA,NA,NA,NA,NA,NA,NA,NA,NA,NA,7.052547668430567,5.7806071007599495,8.464570021590463,18.870660867085938,NA,271
271,"manufacture of pulp, paper and paper board",1956,0,0,1155.7995891673677,4743.6872901576935,323.95580454403984,7136.543043438912,156828101.26681525,NA,NA,NA,NA,NA,NA,NA,NA,NA,NA,NA,NA,NA,NA,NA,NA,7.052547668430567,5.7806071007599495,8.464570021590463,18.870660867085938,NA,271
271,"manufacture of pulp, paper and paper board",1957,0,1,1155.7995891673677,4743.6872901576935,323.95580454403984,7136.543043438912,156828101.26681525,70,102,372700000,NA,219400000,134100000,214600000,35300,29200,324000000,NA,104600000,19.736284364449485,18.714096348251907,10.471638242921388,4.624972813284271,7.052547668430567,5.7806071007599495,8.464570021590463,18.870660867085938,4,271
271,"manufacture of pulp, paper and paper board",1958,0,1,1155.7995891673677,4743.6872901576935,323.95580454403984,7136.543043438912,156828101.26681525,41,103,466011000,NA,248276000,168844000,261020000,38200,31700,322932000,NA,74656000,19.959719796961537,18.94448576966641,10.550590794594667,4.634728988229636,7.052547668430567,5.7806071007599495,8.464570021590463,18.870660867085938,5,271
271,"manufacture of pulp, paper and paper board",1959,0,1,1155.7995891673677,4743.6872901576935,323.95580454403984,7136.543043438912,156828101.26681525,122,208,596976000,NA,NA,182302000,NA,44154,NA,494321000,NA,NA,20.207387469543768,19.021175210515754,10.695438802154653,5.337538079701318,7.052547668430567,5.7806071007599495,8.464570021590463,18.870660867085938,6,271
271,"manufacture of pulp, paper and paper board",1960,0,1,1155.7995891673677,4743.6872901576935,323.95580454403984,7136.543043438912,156828101.26681525,142,225,665190373,NA,501317335,181450821,419980545,51135,43850,628306969,NA,126989634,20.315583832839174,19.01649521627556,10.842224473240114,5.41610040220442,7.052547668430567,5.7806071007599495,8.464570021590463,18.870660867085938,7,271
271,"manufacture of pulp, paper and paper board",1961,0,1,1155.7995891673677,4743.6872901576935,323.95580454403984,7136.543043438912,156828101.26681525,145,244,755878627,NA,507560858,200503111,485774206,49924,43355,696351705,NA,174717775,20.443391374958576,19.1163403208,10.818257128038343,5.497168225293202,7.052547668430567,5.7806071007599495,8.464570021590463,18.870660867085938,8,271
271,"manufacture of pulp, paper and paper board",1962,0,1,1155.7995891673677,4743.6872901576935,323.95580454403984,7136.543043438912,156828101.26681525,167,281,834580077,NA,662076796,233680453,531553934,55584,47762,915496005,NA,253419209,20.542439254521202,19.26946515459032,10.92565066904083,5.638354669333745,7.052547668430567,5.7806071007599495,8.464570021590463,18.870660867085938,9,271
271,"manufacture of pulp, paper and paper board",1963,0,1,1155.7995891673677,4743.6872901576935,323.95580454403984,7136.543043438912,156828101.26681525,196,309,1008279493,NA,775392537,279732980,626926628,61286,51664,1041507253,NA,249480716,20.73151124296362,19.449346063269733,11.023306710848635,5.733341276897746,7.052547668430567,5.7806071007599495,8.464570021590463,18.870660867085938,10,271
271,"manufacture of pulp, paper and paper board",1964,0,1,1155.7995891673677,4743.6872901576935,323.95580454403984,7136.543043438912,156828101.26681525,226,342,1104281802,NA,943508653,304065901,680937836,63912,53078,1229226657,NA,285718204,20.82246100766397,19.532755015482454,11.065262416161877,5.834810737062605,7.052547668430567,5.7806071007599495,8.464570021590463,18.870660867085938,11,271
271,"manufacture of pulp, paper and paper board",1965,0,1,1155.7995891673677,4743.6872901576935,323.95580454403984,7136.543043438912,156828101.26681525,233,381,1231363522,NA,1002195012,326657559,766448904,66248,54699,1315811441,NA,313616429,20.931387946809494,19.604422959959866,11.101160554713536,5.942799375126701,7.052547668430567,5.7806071007599495,8.464570021590463,18.870660867085938,12,271
280,"printing, publishing and allied industries",1951,0,0,1279.46571111038,2745.0721688114445,43.211925384723706,2910.67168719801,200207294.7778368,59,1591,314468000,102831000,233744000,162658000,142513000,80100,69100,NA,75111000,125076000,19.56639288012038,18.907160395041426,11.291031133056451,7.372118028337787,7.154197856577509,3.766116507727424,7.917562644604019,19.1148638616333,1,280
280,"printing, publishing and allied industries",1952,0,0,1279.46571111038,2745.0721688114445,43.211925384723706,2910.67168719801,200207294.7778368,70,1586,335248000,110854000,185873000,162787000,165098000,85179,68918,NA,75064000,170456000,19.630381114411026,18.907953155764474,11.352510203563257,7.368970402194793,7.154197856577509,3.766116507727424,7.917562644604019,19.1148638616333,2,280
280,"printing, publishing and allied industries",1953,0,0,1279.46571111038,2745.0721688114445,43.211925384723706,2910.67168719801,200207294.7778368,79,1600,321951000,111883000,160144000,157607000,159413000,84600,68400,NA,74934000,140016000,19.589909918016016,18.875615150645334,11.345689545594315,7.3777589082278725,7.154197856577509,3.766116507727424,7.917562644604019,19.1148638616333,3,280
280,"printing, publishing and allied industries",1954,0,0,1279.46571111038,2745.0721688114445,43.211925384723706,2910.67168719801,200207294.7778368,NA,NA,NA,NA,NA,NA,NA,NA,NA,NA,NA,NA,NA,NA,NA,NA,7.154197856577509,3.766116507727424,7.917562644604019,19.1148638616333,NA,280
280,"printing, publishing and allied industries",1955,0,0,1279.46571111038,2745.0721688114445,43.211925384723706,2910.67168719801,200207294.7778368,NA,NA,NA,NA,NA,NA,NA,NA,NA,NA,NA,NA,NA,NA,NA,NA,7.154197856577509,3.766116507727424,7.917562644604019,19.1148638616333,NA,280
280,"printing, publishing and allied industries",1956,0,0,1279.46571111038,2745.0721688114445,43.211925384723706,2910.67168719801,200207294.7778368,NA,NA,NA,NA,NA,NA,NA,NA,NA,NA,NA,NA,NA,NA,NA,NA,7.154197856577509,3.766116507727424,7.917562644604019,19.1148638616333,NA,280
280,"printing, publishing and allied industries",1957,0,1,1279.46571111038,2745.0721688114445,43.211925384723706,2910.67168719801,200207294.7778368,150,2165,515768000,NA,249276000,220351000,259871000,104500,80600,381921000,NA,132645000,20.061167609936774,19.2107322874766,11.556942350387002,7.68017564043659,7.154197856577509,3.766116507727424,7.917562644604019,19.1148638616333,4,280
280,"printing, publishing and allied industries",1958,0,1,1279.46571111038,2745.0721688114445,43.211925384723706,2910.67168719801,200207294.7778368,232,2162,520495000,NA,205189000,229284000,250082000,98699,77204,344415000,NA,139226000,20.070290839825223,19.250471967809613,11.499830093657987,7.6787889981991535,7.154197856577509,3.766116507727424,7.917562644604019,19.1148638616333,5,280
280,"printing, publishing and allied industries",1959,0,1,1279.46571111038,2745.0721688114445,43.211925384723706,2910.67168719801,200207294.7778368,523,2184,696486000,NA,NA,293706000,NA,118361,NA,447514000,NA,NA,20.361558250479604,19.498089824969373,11.681494555278725,7.688913336864796,7.154197856577509,3.766116507727424,7.917562644604019,19.1148638616333,6,280
280,"printing, publishing and allied industries",1960,0,1,1279.46571111038,2745.0721688114445,43.211925384723706,2910.67168719801,200207294.7778368,515,2560,756211139,NA,300250146,316500273,375014254,113555,92106,492366714,NA,192116568,20.443831179542716,19.572834662107375,11.640042580029693,7.847762537473608,7.154197856577509,3.766116507727424,7.917562644604019,19.1148638616333,7,280
280,"printing, publishing and allied industries",1961,0,1,1279.46571111038,2745.0721688114445,43.211925384723706,2910.67168719801,200207294.7778368,578,2642,808371017,NA,305867341,347023779,385985979,122201,101635,501059118,NA,195895777,20.51053169055019,19.66490386294076,11.713422508992204,7.879291485082271,7.154197856577509,3.766116507727424,7.917562644604019,19.1148638616333,8,280
280,"printing, publishing and allied industries",1962,0,1,1279.46571111038,2745.0721688114445,43.211925384723706,2910.67168719801,200207294.7778368,576,2630,900319556,NA,369575021,372649484,444130237,128059,106716,609866747,NA,240291726,20.61826032049113,19.736148814613706,11.760246374202698,7.874739125171811,7.154197856577509,3.766116507727424,7.917562644604019,19.1148638616333,9,280
280,"printing, publishing and allied industries",1963,0,1,1279.46571111038,2745.0721688114445,43.211925384723706,2910.67168719801,200207294.7778368,571,2592,1027290410,NA,383834185,405119440,515184463,134993,110779,651949781,NA,210327596,20.750190502992524,19.8196924951726,11.812978204224361,7.860185057472165,7.154197856577509,3.766116507727424,7.917562644604019,19.1148638616333,10,280
280,"printing, publishing and allied industries",1964,0,1,1279.46571111038,2745.0721688114445,43.211925384723706,2910.67168719801,200207294.7778368,619,2529,1046088725,NA,421777758,418100777,522034826,144684,118091,698406673,NA,276628915,20.76832402212762,19.851233054732145,11.882307332905311,7.835579246669965,7.154197856577509,3.766116507727424,7.917562644604019,19.1148638616333,11,280
280,"printing, publishing and allied industries",1965,0,1,1279.46571111038,2745.0721688114445,43.211925384723706,2910.67168719801,200207294.7778368,679,2656,1229849346,NA,508980440,494668311,611560188,141808,112936,848255892,NA,339275452,20.930157515902263,20.019398017141956,11.86222930897818,7.884576510596324,7.154197856577509,3.766116507727424,7.917562644604019,19.1148638616333,12,280
291,tanneries and leather finishing plants,1951,0,0,832.8755685890033,2550.301578253947,51.597538996084126,13241.796436532415,171396685.16445345,39,373,328780000,19699000,16906000,41202000,287575000,23000,19700,NA,14219000,68275000,19.61089939204564,17.53399735683087,10.043249494911286,5.921578419643816,6.724884253564747,3.943473977475789,7.8439668971415415,18.959491224176954,1,291
291,tanneries and leather finishing plants,1952,0,0,832.8755685890033,2550.301578253947,51.597538996084126,13241.796436532415,171396685.16445345,32,133,79853000,7067000,10703000,15523000,64261000,8349,7195.999999999999,NA,4851000,20749000,18.19569800236413,16.55783335300858,9.029897050194,4.890349128221754,6.724884253564747,3.943473977475789,7.8439668971415415,18.959491224176954,2,291
291,tanneries and leather finishing plants,1953,0,0,832.8755685890033,2550.301578253947,51.597538996084126,13241.796436532415,171396685.16445345,47,188,93636000,8626000,11880000,20402000,73223000,10300,9000,NA,6628000,28385000,18.354925482886898,16.8311434932246,9.239899174217728,5.236441962829949,6.724884253564747,3.943473977475789,7.8439668971415415,18.959491224176954,3,291
291,tanneries and leather finishing plants,1954,0,0,832.8755685890033,2550.301578253947,51.597538996084126,13241.796436532415,171396685.16445345,NA,NA,NA,NA,NA,NA,NA,NA,NA,NA,NA,NA,NA,NA,NA,NA,6.724884253564747,3.943473977475789,7.8439668971415415,18.959491224176954,NA,291
291,tanneries and leather finishing plants,1955,0,0,832.8755685890033,2550.301578253947,51.597538996084126,13241.796436532415,171396685.16445345,NA,NA,NA,NA,NA,NA,NA,NA,NA,NA,NA,NA,NA,NA,NA,NA,6.724884253564747,3.943473977475789,7.8439668971415415,18.959491224176954,NA,291
291,tanneries and leather finishing plants,1956,0,0,832.8755685890033,2550.301578253947,51.597538996084126,13241.796436532415,171396685.16445345,NA,NA,NA,NA,NA,NA,NA,NA,NA,NA,NA,NA,NA,NA,NA,NA,6.724884253564747,3.943473977475789,7.8439668971415415,18.959491224176954,NA,291
291,tanneries and leather finishing plants,1957,0,1,832.8755685890033,2550.301578253947,51.597538996084126,13241.796436532415,171396685.16445345,98,443,267851000,NA,27159000,40819000,222101000,21900,18300,41122000,NA,13963000,19.405941413717166,17.5246582172507,9.994241915804592,6.093569770045136,6.724884253564747,3.943473977475789,7.8439668971415415,18.959491224176954,4,291
291,tanneries and leather finishing plants,1958,0,1,832.8755685890033,2550.301578253947,51.597538996084126,13241.796436532415,171396685.16445345,59,443,199950000,NA,17650000,25106000,160604000,16271,13357,54429000,NA,23417000,19.1135778932571,17.03861741936029,9.69713966113932,6.093569770045136,6.724884253564747,3.943473977475789,7.8439668971415415,18.959491224176954,5,291
291,tanneries and leather finishing plants,1959,0,1,832.8755685890033,2550.301578253947,51.597538996084126,13241.796436532415,171396685.16445345,130,414,379502000,NA,NA,46522000,NA,21099,NA,83680000,NA,NA,19.7543704248783,17.65543587695199,9.956980924976127,6.025865973825314,6.724884253564747,3.943473977475789,7.8439668971415415,18.959491224176954,6,291
291,tanneries and leather finishing plants,1960,0,1,832.8755685890033,2550.301578253947,51.597538996084126,13241.796436532415,171396685.16445345,134,424,448851720,NA,68727048,46416686,390222774,20875,17830,104496448,NA,49710614,19.92220314617478,17.653169564620526,9.946307549719057,6.049733455231958,6.724884253564747,3.943473977475789,7.8439668971415415,18.959491224176954,7,291
291,tanneries and leather finishing plants,1961,0,1,832.8755685890033,2550.301578253947,51.597538996084126,13241.796436532415,171396685.16445345,117,413,421985857,NA,20168344,49135804,361201103,18718,16817,94084701,NA,73917357,19.86048235722066,17.710098532726096,9.837240906717202,6.023447592961033,6.724884253564747,3.943473977475789,7.8439668971415415,18.959491224176954,8,291
291,tanneries and leather finishing plants,1962,0,1,832.8755685890033,2550.301578253947,51.597538996084126,13241.796436532415,171396685.16445345,128,424,345461009,NA,22667690,46296466,287073270,17221,14736,74574319,NA,51906629,19.660390340968505,17.650576187849573,9.7538848483049,6.049733455231958,6.724884253564747,3.943473977475789,7.8439668971415415,18.959491224176954,9,291
291,tanneries and leather finishing plants,1963,0,1,832.8755685890033,2550.301578253947,51.597538996084126,13241.796436532415,171396685.16445345,153,381,331522518,NA,18861726,40267000,276751537,15977,14142,69627501,NA,30684775,19.619206292885025,17.51104283290831,9.67890546702757,5.942799375126701,6.724884253564747,3.943473977475789,7.8439668971415415,18.959491224176954,10,291
291,tanneries and leather finishing plants,1964,0,1,832.8755685890033,2550.301578253947,51.597538996084126,13241.796436532415,171396685.16445345,154,392,458422210,NA,23391749,50015020,384410392,17775,14855,94618063,NA,71226314,19.943301173325466,17.727833918281373,9.785548254671442,5.971261839790462,6.724884253564747,3.943473977475789,7.8439668971415415,18.959491224176954,11,291
291,tanneries and leather finishing plants,1965,0,1,832.8755685890033,2550.301578253947,51.597538996084126,13241.796436532415,171396685.16445345,142,408,490905184,NA,31058650,54636657,405949024,18064,15086,89568387,NA,58509737,20.011761559168082,17.816215589071057,9.801676286389442,6.0112671744041615,6.724884253564747,3.943473977475789,7.8439668971415415,18.959491224176954,12,291
300,manufacture of rubber products,1951,0,0,1196.4199660363615,5858.519728700791,112.04398472643582,12699.465823297824,198368654.3630398,47,121,183751000,21929000,32832000,50568000,133045000,16600,14200,NA,15147000,64113000,19.029092138219283,17.73882952313427,9.717157974344635,4.795790545596741,7.087089015045464,4.718891514972224,8.675652244637027,19.1056377482112,1,300
300,manufacture of rubber products,1952,0,0,1196.4199660363615,5858.519728700791,112.04398472643582,12699.465823297824,198368654.3630398,46,140,268514000,29671000,49347000,98357000,169906000,18516,15211,NA,16099000,85951000,19.408413612080874,18.404114274643792,9.8263905021511615,4.941642422609304,7.087089015045464,4.718891514972224,8.675652244637027,19.1056377482112,2,300
300,manufacture of rubber products,1953,0,0,1196.4199660363615,5858.519728700791,112.04398472643582,12699.465823297824,198368654.3630398,49,158,241688000,29474000,56327000,83061000,158456000,20700,17400,NA,16302000,77531000,19.303158196116822,18.235085835583934,9.93788897925346,5.062595033026967,7.087089015045464,4.718891514972224,8.675652244637027,19.1056377482112,3,300
300,manufacture of rubber products,1954,0,0,1196.4199660363615,5858.519728700791,112.04398472643582,12699.465823297824,198368654.3630398,NA,NA,NA,NA,NA,NA,NA,NA,NA,NA,NA,NA,NA,NA,NA,NA,7.087089015045464,4.718891514972224,8.675652244637027,19.1056377482112,NA,300
300,manufacture of rubber products,1955,0,0,1196.4199660363615,5858.519728700791,112.04398472643582,12699.465823297824,198368654.3630398,NA,NA,NA,NA,NA,NA,NA,NA,NA,NA,NA,NA,NA,NA,NA,NA,7.087089015045464,4.718891514972224,8.675652244637027,19.1056377482112,NA,300
300,manufacture of rubber products,1956,0,0,1196.4199660363615,5858.519728700791,112.04398472643582,12699.465823297824,198368654.3630398,NA,NA,NA,NA,NA,NA,NA,NA,NA,NA,NA,NA,NA,NA,NA,NA,7.087089015045464,4.718891514972224,8.675652244637027,19.1056377482112,NA,300
300,manufacture of rubber products,1957,0,1,1196.4199660363615,5858.519728700791,112.04398472643582,12699.465823297824,198368654.3630398,85,207,503800000,NA,42000000,183400000,309300000,30700,26600,119200000,NA,77200000,20.037689921882784,19.02718011778664,10.332017933575289,5.332718793265369,7.087089015045464,4.718891514972224,8.675652244637027,19.1056377482112,4,300
300,manufacture of rubber products,1958,0,1,1196.4199660363615,5858.519728700791,112.04398472643582,12699.465823297824,198368654.3630398,57,227,583266000,NA,84333000,218671000,349221000,32200,26910,197469000,NA,113136000,20.184153900979904,19.20307887511707,10.3797217315325,5.424950017481403,7.087089015045464,4.718891514972224,8.675652244637027,19.1056377482112,5,300
300,manufacture of rubber products,1959,0,1,1196.4199660363615,5858.519728700791,112.04398472643582,12699.465823297824,198368654.3630398,127,239,598474000,NA,NA,196078000,NA,34370,NA,228765000,NA,NA,20.209893640080494,19.09402309721371,10.44493936984388,5.476463551931511,7.087089015045464,4.718891514972224,8.675652244637027,19.1056377482112,6,300
300,manufacture of rubber products,1960,0,1,1196.4199660363615,5858.519728700791,112.04398472643582,12699.465823297824,198368654.3630398,133,279,762781118,NA,167395136,251851634,482467320,39709,34538,318421731,NA,151026595,20.452481677844574,19.34435071812377,10.589333141234551,5.631211781821365,7.087089015045464,4.718891514972224,8.675652244637027,19.1056377482112,7,300
300,manufacture of rubber products,1961,0,1,1196.4199660363615,5858.519728700791,112.04398472643582,12699.465823297824,198368654.3630398,140,320,826652174,NA,145628981,287254923,503167337,40188,35279,324119260,NA,178491279,20.532894576849902,19.47588061292748,10.601323722582205,5.768320995793772,7.087089015045464,4.718891514972224,8.675652244637027,19.1056377482112,8,300
300,manufacture of rubber products,1962,0,1,1196.4199660363615,5858.519728700791,112.04398472643582,12699.465823297824,198368654.3630398,147,345,1000517086,NA,243805410,319971333,629385793,42629,36946,473375982,NA,229570572,20.723782789303513,19.583741965370127,10.660290051825195,5.84354441703136,7.087089015045464,4.718891514972224,8.675652244637027,19.1056377482112,9,300
300,manufacture of rubber products,1963,0,1,1196.4199660363615,5858.519728700791,112.04398472643582,12699.465823297824,198368654.3630398,195,382,1111678855,NA,268914317,348437651,701481230,46705,40530,514901492,NA,234049175,20.829137191603774,19.668969865415946,10.751606504306949,5.945420608606575,7.087089015045464,4.718891514972224,8.675652244637027,19.1056377482112,10,300
300,manufacture of rubber products,1964,0,1,1196.4199660363615,5858.519728700791,112.04398472643582,12699.465823297824,198368654.3630398,203,387,1175940731,NA,306404010,306877708,787988587,49917,42219,604493207,NA,298089197,20.88533428634326,19.541959880914042,10.818116905083617,5.958424693029782,7.087089015045464,4.718891514972224,8.675652244637027,19.1056377482112,11,300
300,manufacture of rubber products,1965,0,1,1196.4199660363615,5858.519728700791,112.04398472643582,12699.465823297824,198368654.3630398,211,421,1382424475,NA,325314092,377352411,912124783,52185,43083,602720074,NA,277405982,21.047104660573773,19.748690085968498,10.862550376254152,6.042632833682381,7.087089015045464,4.718891514972224,8.675652244637027,19.1056377482112,12,300
311,"basic industrial chemicals, including fertilizers",1951,1,0,1212.593420167054,7055.903214499283,115.33449328449329,10257.128311042974,430660276.25320256,65,390,546140000,67575000,256466000,210058000,329578999.9999999,51500,42100,NA,45381000,192584000,20.1183859110981,19.162894241024365,10.849337086651827,5.966146739123692,7.100516667404085,4.747836543719039,8.861619880826577,19.880830115107265,1,311
311,"basic industrial chemicals, including fertilizers",1952,1,0,1212.593420167054,7055.903214499283,115.33449328449329,10257.128311042974,430660276.25320256,59,360,574544000,72560000,390404000,230298000,343793000,51180,39414,NA,39823000,263932000,20.169087240658033,19.25488468042841,10.84310410971378,5.886104031450156,7.100516667404085,4.747836543719039,8.861619880826577,19.880830115107265,2,311
311,"basic industrial chemicals, including fertilizers",1953,1,0,1212.593420167054,7055.903214499283,115.33449328449329,10257.128311042974,430660276.25320256,66,350,657120000,90060000,458807000,320925000,334761000,61700,45000,NA,45779000,276404000,20.303377208172524,19.586718008935264,11.030039209893479,5.857933154483459,7.100516667404085,4.747836543719039,8.861619880826577,19.880830115107265,3,311
311,"basic industrial chemicals, including fertilizers",1954,1,0,1212.593420167054,7055.903214499283,115.33449328449329,10257.128311042974,430660276.25320256,NA,NA,NA,NA,NA,NA,NA,NA,NA,NA,NA,NA,NA,NA,NA,NA,7.100516667404085,4.747836543719039,8.861619880826577,19.880830115107265,NA,311
311,"basic industrial chemicals, including fertilizers",1955,1,0,1212.593420167054,7055.903214499283,115.33449328449329,10257.128311042974,430660276.25320256,NA,NA,NA,NA,NA,NA,NA,NA,NA,NA,NA,NA,NA,NA,NA,NA,7.100516667404085,4.747836543719039,8.861619880826577,19.880830115107265,NA,311
311,"basic industrial chemicals, including fertilizers",1956,1,0,1212.593420167054,7055.903214499283,115.33449328449329,10257.128311042974,430660276.25320256,NA,NA,NA,NA,NA,NA,NA,NA,NA,NA,NA,NA,NA,NA,NA,NA,7.100516667404085,4.747836543719039,8.861619880826577,19.880830115107265,NA,311
311,"basic industrial chemicals, including fertilizers",1957,1,1,1212.593420167054,7055.903214499283,115.33449328449329,10257.128311042974,430660276.25320256,207,535,1000700000,NA,508500000,379600000,576100000,67900,51400,797700000,NA,289200000,20.723965592060683,19.754628624700047,11.125791313546788,6.282266746896006,7.100516667404085,4.747836543719039,8.861619880826577,19.880830115107265,4,311
311,"basic industrial chemicals, including fertilizers",1958,1,1,1212.593420167054,7055.903214499283,115.33449328449329,10257.128311042974,430660276.25320256,140,593,1127437000,NA,447056000,416065000,662156000,69326,51529,768884000,NA,334778000,20.84321275194851,19.84635205601978,11.146575295190617,6.385194398997726,7.100516667404085,4.747836543719039,8.861619880826577,19.880830115107265,5,311
311,"basic industrial chemicals, including fertilizers",1959,1,1,1212.593420167054,7055.903214499283,115.33449328449329,10257.128311042974,430660276.25320256,159,244,700242000,NA,NA,220148000,NA,43476,NA,756507000,NA,NA,20.36693654754798,19.209810605409803,10.679964340683078,5.497168225293202,7.100516667404085,4.747836543719039,8.861619880826577,19.880830115107265,6,311
311,"basic industrial chemicals, including fertilizers",1960,1,1,1212.593420167054,7055.903214499283,115.33449328449329,10257.128311042974,430660276.25320256,159,269,1001402794,NA,894391840,299618062,586934188,49833,38714,1157793247,NA,342381967,20.724667647950096,19.518019094839545,10.816432694159186,5.594711379601839,7.100516667404085,4.747836543719039,8.861619880826577,19.880830115107265,7,311
311,"basic industrial chemicals, including fertilizers",1961,1,1,1212.593420167054,7055.903214499283,115.33449328449329,10257.128311042974,430660276.25320256,188,318,1349889138,NA,1441594598,407276639,765405604,59956,47460,1882027656,NA,442468058,21.023288306024718,19.82500321521631,11.001366238850487,5.762051382780177,7.100516667404085,4.747836543719039,8.861619880826577,19.880830115107265,8,311
311,"basic industrial chemicals, including fertilizers",1962,1,1,1212.593420167054,7055.903214499283,115.33449328449329,10257.128311042974,430660276.25320256,199,337,1609062593,NA,1464605424,451003779,921166506,58198,47611,1976031084,NA,511425660,21.198917606002365,19.926986276589275,10.971606268867896,5.820082930352362,7.100516667404085,4.747836543719039,8.861619880826577,19.880830115107265,9,311
311,"basic industrial chemicals, including fertilizers",1963,1,1,1212.593420167054,7055.903214499283,115.33449328449329,10257.128311042974,430660276.25320256,262,393,1787893160,NA,1771761277,487456051,1028820227,62513,50910,2430051417,NA,626554140,21.30430375799741,20.004710692543387,11.043129814095492,5.973809611869261,7.100516667404085,4.747836543719039,8.861619880826577,19.880830115107265,10,311
311,"basic industrial chemicals, including fertilizers",1964,1,1,1212.593420167054,7055.903214499283,115.33449328449329,10257.128311042974,430660276.25320256,296,441,2072417938,NA,1999792751,550782271,1182415162,66421,52247,2701401193,NA,701608442,21.451981848532377,20.126850136573797,11.103768550523514,6.089044875446846,7.100516667404085,4.747836543719039,8.861619880826577,19.880830115107265,11,311
311,"basic industrial chemicals, including fertilizers",1965,1,1,1212.593420167054,7055.903214499283,115.33449328449329,10257.128311042974,430660276.25320256,314,488,2778503461,NA,2405090427,700006253,1610830389,78716,56669,3148309273,NA,743218846,21.745178296319608,20.366599825824924,11.273601717426981,6.1903154058531475,7.100516667404085,4.747836543719039,8.861619880826577,19.880830115107265,12,311
313,"manufacture of paints, varnishes and lacquers",1951,0,0,1256.5301536389668,8878.437835758206,51.8460211874846,21715.634872488485,95214132.47977787,20,90,95132000,10587000,19852000,34331000,60533000.00000001,6500,5100,NA,5503000,50738000,18.370775958823724,17.351559294051288,8.779557455883728,4.499809670330265,7.136109354816641,3.9482781947491286,9.091380901113986,18.371638939161755,1,313
313,"manufacture of paints, varnishes and lacquers",1952,0,0,1256.5301536389668,8878.437835758206,51.8460211874846,21715.634872488485,95214132.47977787,16,82,121567000,8036000,13714000,38591000,82970000,5563,4287,NA,4475000,43332000,18.61597610908675,17.468529646627132,8.623892810075294,4.406719247264253,7.136109354816641,3.9482781947491286,9.091380901113986,18.371638939161755,2,313
313,"manufacture of paints, varnishes and lacquers",1953,0,0,1256.5301536389668,8878.437835758206,51.8460211874846,21715.634872488485,95214132.47977787,18,88,105558000,8698000,13164000,28053000,77463000,5100,4100,NA,4478000,40844000,18.474771122849237,17.149606136085694,8.536995818712418,4.477336814478207,7.136109354816641,3.9482781947491286,9.091380901113986,18.371638939161755,3,313
313,"manufacture of paints, varnishes and lacquers",1954,0,0,1256.5301536389668,8878.437835758206,51.8460211874846,21715.634872488485,95214132.47977787,NA,NA,NA,NA,NA,NA,NA,NA,NA,NA,NA,NA,NA,NA,NA,NA,7.136109354816641,3.9482781947491286,9.091380901113986,18.371638939161755,NA,313
313,"manufacture of paints, varnishes and lacquers",1955,0,0,1256.5301536389668,8878.437835758206,51.8460211874846,21715.634872488485,95214132.47977787,NA,NA,NA,NA,NA,NA,NA,NA,NA,NA,NA,NA,NA,NA,NA,NA,7.136109354816641,3.9482781947491286,9.091380901113986,18.371638939161755,NA,313
313,"manufacture of paints, varnishes and lacquers",1956,0,0,1256.5301536389668,8878.437835758206,51.8460211874846,21715.634872488485,95214132.47977787,NA,NA,NA,NA,NA,NA,NA,NA,NA,NA,NA,NA,NA,NA,NA,NA,7.136109354816641,3.9482781947491286,9.091380901113986,18.371638939161755,NA,313
313,"manufacture of paints, varnishes and lacquers",1957,0,1,1256.5301536389668,8878.437835758206,51.8460211874846,21715.634872488485,95214132.47977787,39,88,152800000,NA,18100000,44400000,102700000,7600,5500,61700000,NA,43600000,18.844640434696693,17.608750027402454,8.935903526274423,4.477336814478207,7.136109354816641,3.9482781947491286,9.091380901113986,18.371638939161755,4,313
313,"manufacture of paints, varnishes and lacquers",1958,0,1,1256.5301536389668,8878.437835758206,51.8460211874846,21715.634872488485,95214132.47977787,24,89,133970000,NA,16096000,42688000,82321000,6300,4600,51398000,NA,35302000,18.713126452253167,17.569428408257433,8.748304912379623,4.48863636973214,7.136109354816641,3.9482781947491286,9.091380901113986,18.371638939161755,5,313
313,"manufacture of paints, varnishes and lacquers",1959,0,1,1256.5301536389668,8878.437835758206,51.8460211874846,21715.634872488485,95214132.47977787,22,22,117600000,NA,NA,34900000,NA,5584,NA,42100000,NA,NA,18.5827995934288,17.367997387172654,8.627660644442209,3.091042453358316,7.136109354816641,3.9482781947491286,9.091380901113986,18.371638939161755,6,313
313,"manufacture of paints, varnishes and lacquers",1960,0,1,1256.5301536389668,8878.437835758206,51.8460211874846,21715.634872488485,95214132.47977787,22,22,140629681,NA,17990718,35969385,93213169,5783,4530,57220163,NA,39229445,18.761640617480065,17.398178717944322,8.662677858158219,3.091042453358316,7.136109354816641,3.9482781947491286,9.091380901113986,18.371638939161755,7,313
313,"manufacture of paints, varnishes and lacquers",1961,0,1,1256.5301536389668,8878.437835758206,51.8460211874846,21715.634872488485,95214132.47977787,25,25,144758933,NA,19540752,34811379,101653412,6161,4777,65912313,NA,46371561,18.79058038581198,17.365454874056113,8.725994381014571,3.2188758248682006,7.136109354816641,3.9482781947491286,9.091380901113986,18.371638939161755,8,313
313,"manufacture of paints, varnishes and lacquers",1962,0,1,1256.5301536389668,8878.437835758206,51.8460211874846,21715.634872488485,95214132.47977787,31,31,181930944,NA,21150343,53833225,120124519,6710,5329,73851437,NA,52701094,19.019137744468406,17.80140139957295,8.811354229965728,3.4339872044851463,7.136109354816641,3.9482781947491286,9.091380901113986,18.371638939161755,9,313
313,"manufacture of paints, varnishes and lacquers",1963,0,1,1256.5301536389668,8878.437835758206,51.8460211874846,21715.634872488485,95214132.47977787,30,30,218329722,NA,25226976,62583099,143330980,7430,5852,93099346,NA,67872370,19.201516964336605,17.95200581559252,8.913281137711804,3.4011973816621555,7.136109354816641,3.9482781947491286,9.091380901113986,18.371638939161755,10,313
313,"manufacture of paints, varnishes and lacquers",1964,0,1,1256.5301536389668,8878.437835758206,51.8460211874846,21715.634872488485,95214132.47977787,31,31,226575632,NA,30316124,63533072,151191141,8060,5428,110516309,NA,80200185,19.238589363264573,17.967071147181468,8.994668835500674,3.4339872044851463,7.136109354816641,3.9482781947491286,9.091380901113986,18.371638939161755,11,313
313,"manufacture of paints, varnishes and lacquers",1965,0,1,1256.5301536389668,8878.437835758206,51.8460211874846,21715.634872488485,95214132.47977787,33,33,251278319,NA,37580836,59924066,170108257,8238,5390,130162653,NA,92581817,19.3420717234238,17.908588752013902,9.016512874996026,3.4965075614664802,7.136109354816641,3.9482781947491286,9.091380901113986,18.371638939161755,12,313
319,manufacture of miscellaneous chemical products,1951,0,0,1190.267507113621,6205.561520742337,111.33067575158907,10574.330810169653,711834008.5607793,154,821,895264000,102573000,314194000,306615000,581719999.9999999,91300,78600,NA,73310000,278303000,20.61262920481046,19.541103446884325,11.421906066583059,6.710523109452428,7.081933356736563,4.7125048335289765,8.733201188426216,20.383355308152435,1,319
319,manufacture of miscellaneous chemical products,1952,0,0,1190.267507113621,6205.561520742337,111.33067575158907,10574.330810169653,711834008.5607793,116,537,910194000,110041000,452553000,353447000,556174000,76749,60818,NA,64149000,357056000,20.629168321567278,19.683244102781742,11.248295636048601,6.285998094508865,7.081933356736563,4.7125048335289765,8.733201188426216,20.383355308152435,2,319
319,manufacture of miscellaneous chemical products,1953,0,0,1190.267507113621,6205.561520742337,111.33067575158907,10574.330810169653,711834008.5607793,127,528,953973000,128272000,524626000,397204000,533903000,85700,66000,NA,69156000,354727000,20.676145927125262,19.79996056057804,11.358608104585871,6.269096283706261,7.081933356736563,4.7125048335289765,8.733201188426216,20.383355308152435,3,319
319,manufacture of miscellaneous chemical products,1954,0,0,1190.267507113621,6205.561520742337,111.33067575158907,10574.330810169653,711834008.5607793,NA,NA,NA,NA,NA,NA,NA,NA,NA,NA,NA,NA,NA,NA,NA,NA,7.081933356736563,4.7125048335289765,8.733201188426216,20.383355308152435,NA,319
319,manufacture of miscellaneous chemical products,1955,0,0,1190.267507113621,6205.561520742337,111.33067575158907,10574.330810169653,711834008.5607793,NA,NA,NA,NA,NA,NA,NA,NA,NA,NA,NA,NA,NA,NA,NA,NA,7.081933356736563,4.7125048335289765,8.733201188426216,20.383355308152435,NA,319
319,manufacture of miscellaneous chemical products,1956,0,0,1190.267507113621,6205.561520742337,111.33067575158907,10574.330810169653,711834008.5607793,NA,NA,NA,NA,NA,NA,NA,NA,NA,NA,NA,NA,NA,NA,NA,NA,7.081933356736563,4.7125048335289765,8.733201188426216,20.383355308152435,NA,319
319,manufacture of miscellaneous chemical products,1957,0,1,1190.267507113621,6205.561520742337,111.33067575158907,10574.330810169653,711834008.5607793,338,892,1485413000,NA,583500000,495883000,928057000,110300,89900,955980000,NA,372480000,21.118958685012526,20.02185056976669,11.610959205241594,6.79346613258001,7.081933356736563,4.7125048335289765,8.733201188426216,20.383355308152435,4,319
319,manufacture of miscellaneous chemical products,1958,0,1,1190.267507113621,6205.561520742337,111.33067575158907,10574.330810169653,711834008.5607793,260,1138,1493532000,NA,505305000,528107000,904687000,111745,89252,914158000,NA,414353000,21.124409621571015,20.084809472654644,11.623974768745523,7.037027614686276,7.081933356736563,4.7125048335289765,8.733201188426216,20.383355308152435,5,319
319,manufacture of miscellaneous chemical products,1959,0,1,1190.267507113621,6205.561520742337,111.33067575158907,10574.330810169653,711834008.5607793,426,1039,1396163000,NA,NA,449259000,NA,80756,NA,666142000,NA,NA,21.05699359664807,19.923110116816257,11.299187541730115,6.946013991099227,7.081933356736563,4.7125048335289765,8.733201188426216,20.383355308152435,6,319
319,manufacture of miscellaneous chemical products,1960,0,1,1190.267507113621,6205.561520742337,111.33067575158907,10574.330810169653,711834008.5607793,406,1096,1525131316,NA,358659365,479056181,954682010,84340,72391,802228833,NA,454613417,21.14534635215109,19.987328436597686,11.342611527300551,6.999422467507961,7.081933356736563,4.7125048335289765,8.733201188426216,20.383355308152435,7,319
319,manufacture of miscellaneous chemical products,1961,0,1,1190.267507113621,6205.561520742337,111.33067575158907,10574.330810169653,711834008.5607793,417,1168,1733620152,NA,399796142,536923977,1049798684,83099,71344,919099368,NA,521084226,21.273477632484344,20.101367072618782,11.32778794707679,7.0630481633881725,7.081933356736563,4.7125048335289765,8.733201188426216,20.383355308152435,8,319
319,manufacture of miscellaneous chemical products,1962,0,1,1190.267507113621,6205.561520742337,111.33067575158907,10574.330810169653,711834008.5607793,429,1168,1948832014,NA,478012152,620703731,1174986712,87915,74947,1029649443,NA,551637291,21.390496062890076,20.246364442321187,11.38412571757864,7.0630481633881725,7.081933356736563,4.7125048335289765,8.733201188426216,20.383355308152435,9,319
319,manufacture of miscellaneous chemical products,1963,0,1,1190.267507113621,6205.561520742337,111.33067575158907,10574.330810169653,711834008.5607793,436,1221,2288003287,NA,555715356,727011052,1341838190,91659,77261,1279805292,NA,615081936,21.550945347088806,20.404452237583065,11.425830448119246,7.107425474110705,7.081933356736563,4.7125048335289765,8.733201188426216,20.383355308152435,10,319
319,manufacture of miscellaneous chemical products,1964,0,1,1190.267507113621,6205.561520742337,111.33067575158907,10574.330810169653,711834008.5607793,509,1305,2664909870,NA,646549353,783882547,1641661244,101322,80685,1418912771,NA,772363418,21.703436074104886,20.47976975459167,11.526058843360191,7.173958319756794,7.081933356736563,4.7125048335289765,8.733201188426216,20.383355308152435,11,319
319,manufacture of miscellaneous chemical products,1965,0,1,1190.267507113621,6205.561520742337,111.33067575158907,10574.330810169653,711834008.5607793,557,1339,3030777669,NA,689383538,886319689,1894218189,109827,86102,1735892315,NA,1046508777,21.832085079972703,20.60258826628756,11.60666167946806,7.199678345691172,7.081933356736563,4.7125048335289765,8.733201188426216,20.383355308152435,12,319
321,petroleum refineries,1951,0,0,2002.996107376839,32758.882638097635,739.6666666666666,24789.228321611015,38544552.94231748,1,1,78648000,4271000,6859000,45776000,30854000,1600,1400,NA,2530000,13073000,18.180492758028898,17.63927049427203,7.3777589082278725,0,7.602399392267444,6.606199634264484,10.396929429879155,17.467325349476873,1,321
321,petroleum refineries,1952,0,0,2002.996107376839,32758.882638097635,739.6666666666666,24789.228321611015,38544552.94231748,3,4,72365000,5471000,6693000,45177000,27188000,1904,1676,NA,2502000,8560000,18.097233315053842,17.626098665737064,7.55171221535131,1.3862943611198906,7.602399392267444,6.606199634264484,10.396929429879155,17.467325349476873,2,321
321,petroleum refineries,1953,0,0,2002.996107376839,32758.882638097635,739.6666666666666,24789.228321611015,38544552.94231748,4,4,71794000,6051000,8473000,39302000,32492000,1900,1600,NA,2943000,5625000,18.089311465067055,17.48678596612985,7.549609165154532,1.3862943611198906,7.602399392267444,6.606199634264484,10.396929429879155,17.467325349476873,3,321
321,petroleum refineries,1954,0,0,2002.996107376839,32758.882638097635,739.6666666666666,24789.228321611015,38544552.94231748,NA,NA,NA,NA,NA,NA,NA,NA,NA,NA,NA,NA,NA,NA,NA,NA,7.602399392267444,6.606199634264484,10.396929429879155,17.467325349476873,NA,321
321,petroleum refineries,1955,0,0,2002.996107376839,32758.882638097635,739.6666666666666,24789.228321611015,38544552.94231748,NA,NA,NA,NA,NA,NA,NA,NA,NA,NA,NA,NA,NA,NA,NA,NA,7.602399392267444,6.606199634264484,10.396929429879155,17.467325349476873,NA,321
321,petroleum refineries,1956,0,0,2002.996107376839,32758.882638097635,739.6666666666666,24789.228321611015,38544552.94231748,NA,NA,NA,NA,NA,NA,NA,NA,NA,NA,NA,NA,NA,NA,NA,NA,7.602399392267444,6.606199634264484,10.396929429879155,17.467325349476873,NA,321
321,petroleum refineries,1957,0,1,2002.996107376839,32758.882638097635,739.6666666666666,24789.228321611015,38544552.94231748,12,26,338000000,NA,81400000,96900000,212400000,3400,2900,80600000,NA,NA,19.638556453447293,18.389190076860995,8.131530710604252,3.258096538021482,7.602399392267444,6.606199634264484,10.396929429879155,17.467325349476873,4,321
321,petroleum refineries,1958,0,1,2002.996107376839,32758.882638097635,739.6666666666666,24789.228321611015,38544552.94231748,6,8,339322000,NA,371661000,97734000,202564000,2700,2100,474736000,NA,103075000,19.64246006702766,18.397760060567798,7.90100705199242,2.0794415416798357,7.602399392267444,6.606199634264484,10.396929429879155,17.467325349476873,5,321
321,petroleum refineries,1959,0,1,2002.996107376839,32758.882638097635,739.6666666666666,24789.228321611015,38544552.94231748,61,113,529558000,NA,NA,187220000,NA,5424,NA,684837000,NA,NA,20.087553254306304,19.04779495390787,8.598588829620232,4.727387818712341,7.602399392267444,6.606199634264484,10.396929429879155,17.467325349476873,6,321
321,petroleum refineries,1960,0,1,2002.996107376839,32758.882638097635,739.6666666666666,24789.228321611015,38544552.94231748,27,31,471786851,NA,416144362,153083847,264588282,4894,3978,689980000,NA,273835638,19.97203785468937,18.846496348856647,8.495765244002618,3.4339872044851463,7.602399392267444,6.606199634264484,10.396929429879155,17.467325349476873,7,321
321,petroleum refineries,1961,0,1,2002.996107376839,32758.882638097635,739.6666666666666,24789.228321611015,38544552.94231748,26,46,522850201,NA,400875992,181436395,284009087,4716,3872,836682500,NA,356207296,20.07480555844028,19.016415709479112,8.458716261657262,3.828641396489095,7.602399392267444,6.606199634264484,10.396929429879155,17.467325349476873,8,321
321,petroleum refineries,1962,0,1,2002.996107376839,32758.882638097635,739.6666666666666,24789.228321611015,38544552.94231748,15,15,542390539,NA,504646731,163793989,319694583,5497,4502,905985622,NA,401338891,20.111496851591724,18.914120031518188,8.61195776786066,2.70805020110221,7.602399392267444,6.606199634264484,10.396929429879155,17.467325349476873,9,321
321,petroleum refineries,1963,0,1,2002.996107376839,32758.882638097635,739.6666666666666,24789.228321611015,38544552.94231748,30,35,641177123,NA,479193735,177949196,395115150,5262,4547,993906580,NA,514712845,20.278816299647712,18.9970086517872,8.568266461600238,3.5553480614894135,7.602399392267444,6.606199634264484,10.396929429879155,17.467325349476873,10,321
321,petroleum refineries,1964,0,1,2002.996107376839,32758.882638097635,739.6666666666666,24789.228321611015,38544552.94231748,9,9,678457674,NA,522021009,156679679,468198939,5158,4177,1073853577,NA,551832568,20.335332653568987,18.869714017998,8.54830418644129,2.1972245773362196,7.602399392267444,6.606199634264484,10.396929429879155,17.467325349476873,11,321
321,petroleum refineries,1965,0,1,2002.996107376839,32758.882638097635,739.6666666666666,24789.228321611015,38544552.94231748,16,21,737774393,NA,1135388773,138605899,519400132,8025,5399,1612901434,NA,477501661,20.419148635286806,18.74714520514193,8.990316947998217,3.044522437723423,7.602399392267444,6.606199634264484,10.396929429879155,17.467325349476873,12,321
331,manufacture of structural clay products,1951,0,0,676.2339475122141,1555.9685109040308,56.84574296467237,1419.050028226941,32306631.514874827,35,745,77585000,26651000,24391000,44241000,32379000,36800,33100,NA,22499000,31233000,18.166884667499723,17.60516251890119,10.513253124157023,6.61338421837956,6.516539092373908,4.040341335504848,7.349853467325356,17.290783077177704,1,331
331,manufacture of structural clay products,1952,0,0,676.2339475122141,1555.9685109040308,56.84574296467237,1419.050028226941,32306631.514874827,17,305,48148000,13526000,29087000,26262000,21886000,19024,16360,NA,10231000,13530000,17.689790158481763,17.08363358540109,9.853456618930563,5.720311776607412,6.516539092373908,4.040341335504848,7.349853467325356,17.290783077177704,2,331
331,manufacture of structural clay products,1953,0,0,676.2339475122141,1555.9685109040308,56.84574296467237,1419.050028226941,32306631.514874827,21,316,46051000,13640000,29178000,23512000,22540000,25200,22900,NA,9869000,11733000,17.64526003595641,16.97302148708089,10.134599273499514,5.755742213586912,6.516539092373908,4.040341335504848,7.349853467325356,17.290783077177704,3,331
331,manufacture of structural clay products,1954,0,0,676.2339475122141,1555.9685109040308,56.84574296467237,1419.050028226941,32306631.514874827,NA,NA,NA,NA,NA,NA,NA,NA,NA,NA,NA,NA,NA,NA,NA,NA,6.516539092373908,4.040341335504848,7.349853467325356,17.290783077177704,NA,331
331,manufacture of structural clay products,1955,0,0,676.2339475122141,1555.9685109040308,56.84574296467237,1419.050028226941,32306631.514874827,NA,NA,NA,NA,NA,NA,NA,NA,NA,NA,NA,NA,NA,NA,NA,NA,6.516539092373908,4.040341335504848,7.349853467325356,17.290783077177704,NA,331
331,manufacture of structural clay products,1956,0,0,676.2339475122141,1555.9685109040308,56.84574296467237,1419.050028226941,32306631.514874827,NA,NA,NA,NA,NA,NA,NA,NA,NA,NA,NA,NA,NA,NA,NA,NA,6.516539092373908,4.040341335504848,7.349853467325356,17.290783077177704,NA,331
331,manufacture of structural clay products,1957,0,1,676.2339475122141,1555.9685109040308,56.84574296467237,1419.050028226941,32306631.514874827,69,352,56400000,NA,3290000,32400000,20500000,29100,26500,45400000,NA,12500000,17.847979716468288,17.293668980762558,10.278493453159584,5.863631175598097,6.516539092373908,4.040341335504848,7.349853467325356,17.290783077177704,4,331
331,manufacture of structural clay products,1958,0,1,676.2339475122141,1555.9685109040308,56.84574296467237,1419.050028226941,32306631.514874827,102,445,82993000,NA,32182000,43305000,33636000,35186,32386,52452000,NA,21544000,18.23426682485488,17.58377865974728,10.468403555198991,6.09807428216624,6.516539092373908,4.040341335504848,7.349853467325356,17.290783077177704,5,331
331,manufacture of structural clay products,1959,0,1,676.2339475122141,1555.9685109040308,56.84574296467237,1419.050028226941,32306631.514874827,318,588,141598000,NA,NA,71952000,NA,52802,NA,135398000,NA,NA,18.76850261483036,18.091509787992624,10.874304347764848,6.376726947898627,6.516539092373908,4.040341335504848,7.349853467325356,17.290783077177704,6,331
331,manufacture of structural clay products,1960,0,1,676.2339475122141,1555.9685109040308,56.84574296467237,1419.050028226941,32306631.514874827,363,645,191200361,NA,199812384,85761789,84702560,60925,55857,243014049,NA,43201665,19.068832446655108,18.26708411561023,11.017398878493408,6.4692503167957724,6.516539092373908,4.040341335504848,7.349853467325356,17.290783077177704,7,331
331,manufacture of structural clay products,1961,0,1,676.2339475122141,1555.9685109040308,56.84574296467237,1419.050028226941,32306631.514874827,374,694,219209892,NA,148467093,101859894,96862786,58718,53508,215945791,NA,67381698,19.205540239757134,18.43910883877617,10.98050160276284,6.542471960506805,6.516539092373908,4.040341335504848,7.349853467325356,17.290783077177704,8,331
331,manufacture of structural clay products,1962,0,1,676.2339475122141,1555.9685109040308,56.84574296467237,1419.050028226941,32306631.514874827,371,746,256686026,NA,174672221,117726250,113638543,66771,61046,270061879,NA,95389658,19.363364207273523,18.58387257200312,11.109024133525745,6.61472560020376,6.516539092373908,4.040341335504848,7.349853467325356,17.290783077177704,9,331
331,manufacture of structural clay products,1963,0,1,676.2339475122141,1555.9685109040308,56.84574296467237,1419.050028226941,32306631.514874827,408,817,280256418,NA,185539307,123961947,124717744,69594,63083,296283452,NA,96342145,19.451215520635586,18.635485197440048,11.15043363570993,6.705639094860003,6.516539092373908,4.040341335504848,7.349853467325356,17.290783077177704,10,331
331,manufacture of structural clay products,1964,0,1,676.2339475122141,1555.9685109040308,56.84574296467237,1419.050028226941,32306631.514874827,458,902,290843876,NA,222672150,121235930,130108275,72496,64737,339601268,NA,116929118,19.48829717257247,18.613249039811446,11.191286666906919,6.804614520062624,6.516539092373908,4.040341335504848,7.349853467325356,17.290783077177704,11,331
331,manufacture of structural clay products,1965,0,1,676.2339475122141,1555.9685109040308,56.84574296467237,1419.050028226941,32306631.514874827,480,925,299811812,NA,244076775,124918726,133548977,68541,61181,352164406,NA,108087631,19.51866554245636,18.64317389180009,11.135187385342592,6.829793737512425,6.516539092373908,4.040341335504848,7.349853467325356,17.290783077177704,12,331
332,manufacture of glass and glass products,1951,0,0,804.9318796424403,1435.9669554982486,138.52148877000965,2177.9212955946605,55591383.79861516,44,221,66813000,20281000,35625000,27850000,38700000,29400,26300,NA,16097000,16564000,18.017408230351098,17.142343524337566,10.288749953326773,5.3981627015177525,6.690757652275771,4.931025467166399,7.269593737851931,17.833538779561277,1,332
332,manufacture of glass and glass products,1952,0,0,804.9318796424403,1435.9669554982486,138.52148877000965,2177.9212955946605,55591383.79861516,41,181,65004999.99999999,22093000,60083000,24512000,40341000,31072,28490,NA,17532000,23112000,17.989974747978405,17.014673351522454,10.344062371091052,5.198497031265826,6.690757652275771,4.931025467166399,7.269593737851931,17.833538779561277,2,332
332,manufacture of glass and glass products,1953,0,0,804.9318796424403,1435.9669554982486,138.52148877000965,2177.9212955946605,55591383.79861516,40,166,91212000,22825000,68556000,40510000,50701000,25000,23100,NA,19118000,24913000,18.32869702533618,17.517059415178874,10.126631103850338,5.111987788356544,6.690757652275771,4.931025467166399,7.269593737851931,17.833538779561277,3,332
332,manufacture of glass and glass products,1954,0,0,804.9318796424403,1435.9669554982486,138.52148877000965,2177.9212955946605,55591383.79861516,NA,NA,NA,NA,NA,NA,NA,NA,NA,NA,NA,NA,NA,NA,NA,NA,6.690757652275771,4.931025467166399,7.269593737851931,17.833538779561277,NA,332
332,manufacture of glass and glass products,1955,0,0,804.9318796424403,1435.9669554982486,138.52148877000965,2177.9212955946605,55591383.79861516,NA,NA,NA,NA,NA,NA,NA,NA,NA,NA,NA,NA,NA,NA,NA,NA,6.690757652275771,4.931025467166399,7.269593737851931,17.833538779561277,NA,332
332,manufacture of glass and glass products,1956,0,0,804.9318796424403,1435.9669554982486,138.52148877000965,2177.9212955946605,55591383.79861516,NA,NA,NA,NA,NA,NA,NA,NA,NA,NA,NA,NA,NA,NA,NA,NA,6.690757652275771,4.931025467166399,7.269593737851931,17.833538779561277,NA,332
332,manufacture of glass and glass products,1957,0,1,804.9318796424403,1435.9669554982486,138.52148877000965,2177.9212955946605,55591383.79861516,112,127,107600000,NA,45000000,43400000,57200000,31000,29200,55900000,NA,10900000,18.493931205691958,17.585969999070635,10.341742483467284,4.844187086458591,6.690757652275771,4.931025467166399,7.269593737851931,17.833538779561277,4,332
332,manufacture of glass and glass products,1958,0,1,804.9318796424403,1435.9669554982486,138.52148877000965,2177.9212955946605,55591383.79861516,82,228,164179000,NA,60466000,65415000,87177000,39363,35514,96448000,NA,24581000,18.916467853989978,17.996262147927112,10.580581567773825,5.429345628954441,6.690757652275771,4.931025467166399,7.269593737851931,17.833538779561277,5,332
332,manufacture of glass and glass products,1959,0,1,804.9318796424403,1435.9669554982486,138.52148877000965,2177.9212955946605,55591383.79861516,172,224,160244000,NA,NA,60950000,NA,35771,NA,84780000,NA,NA,18.892208211566444,17.925564413891554,10.484892788250326,5.4116460518550396,6.690757652275771,4.931025467166399,7.269593737851931,17.833538779561277,6,332
332,manufacture of glass and glass products,1960,0,1,804.9318796424403,1435.9669554982486,138.52148877000965,2177.9212955946605,55591383.79861516,182,238,164103831,NA,60368869,61185438,90062920,37326,34739,95007344,NA,34638475,18.91600990130884,17.92941977799359,10.527445413743076,5.472270673671475,6.690757652275771,4.931025467166399,7.269593737851931,17.833538779561277,7,332
332,manufacture of glass and glass products,1961,0,1,804.9318796424403,1435.9669554982486,138.52148877000965,2177.9212955946605,55591383.79861516,176,250,191178689,NA,84017059,67289755,105140262,39402,36846,129410253,NA,45202194,19.068719093164514,18.02451855420082,10.581571855419028,5.521460917862246,6.690757652275771,4.931025467166399,7.269593737851931,17.833538779561277,8,332
332,manufacture of glass and glass products,1962,0,1,804.9318796424403,1435.9669554982486,138.52148877000965,2177.9212955946605,55591383.79861516,190,275,223730013,NA,103597558,73512268,127648683,42920,39880,160377355,NA,56779797,19.225950583755008,18.112962861819504,10.667093196744634,5.616771097666572,6.690757652275771,4.931025467166399,7.269593737851931,17.833538779561277,9,332
332,manufacture of glass and glass products,1963,0,1,804.9318796424403,1435.9669554982486,138.52148877000965,2177.9212955946605,55591383.79861516,214,249,249320965,NA,125732791,77461613,145224275,43476,40495,183903887,NA,55005096,19.33425164042527,18.165293055484987,10.679964340683078,5.517452896464707,6.690757652275771,4.931025467166399,7.269593737851931,17.833538779561277,10,332
332,manufacture of glass and glass products,1964,0,1,804.9318796424403,1435.9669554982486,138.52148877000965,2177.9212955946605,55591383.79861516,235,268,289825215,NA,157522253,83837032,172042697,45971,41818,219073098,NA,61553845,19.484788592347428,18.244385377147026,10.735766041881055,5.5909869805108565,6.690757652275771,4.931025467166399,7.269593737851931,17.833538779561277,11,332
332,manufacture of glass and glass products,1965,0,1,804.9318796424403,1435.9669554982486,138.52148877000965,2177.9212955946605,55591383.79861516,226,275,324799105,NA,166227523,94619134,180333538,45279,40830,229505419,NA,63277896,19.59871741070613,18.365370275726324,10.720598627827538,5.616771097666572,6.690757652275771,4.931025467166399,7.269593737851931,17.833538779561277,12,332
333,"manufacture of pottery, china and earthen-ware",1951,0,0,1004.8600788137805,2238.2271902593902,263.67331932773106,1696.2523319815555,28949954.621997688,18,68,47540000,19684000,28964000,29064000,18288000,20000,17600,NA,15201000,14959000,17.67708201989632,17.185010852883174,9.903487552536127,4.219507705176107,6.912603585739553,5.57471091011271,7.713439398580797,17.18107919452083,1,333
333,"manufacture of pottery, china and earthen-ware",1952,0,0,1004.8600788137805,2238.2271902593902,263.67331932773106,1696.2523319815555,28949954.621997688,17,63,55540000,22195000,55751000,33130000,22161000,19371,16794,NA,14047000,23660000,17.832614039842927,17.315949774276078,9.871532381294577,4.143134726391533,6.912603585739553,5.57471091011271,7.713439398580797,17.18107919452083,2,333
333,"manufacture of pottery, china and earthen-ware",1953,0,0,1004.8600788137805,2238.2271902593902,263.67331932773106,1696.2523319815555,28949954.621997688,17,64,62104000,23758000,54654000,35281000,26822000,19500,17000,NA,14807000,19346000,17.944320957067653,17.378855133372365,9.878169744551839,4.1588830833596715,6.912603585739553,5.57471091011271,7.713439398580797,17.18107919452083,3,333
333,"manufacture of pottery, china and earthen-ware",1954,0,0,1004.8600788137805,2238.2271902593902,263.67331932773106,1696.2523319815555,28949954.621997688,NA,NA,NA,NA,NA,NA,NA,NA,NA,NA,NA,NA,NA,NA,NA,NA,6.912603585739553,5.57471091011271,7.713439398580797,17.18107919452083,NA,333
333,"manufacture of pottery, china and earthen-ware",1955,0,0,1004.8600788137805,2238.2271902593902,263.67331932773106,1696.2523319815555,28949954.621997688,NA,NA,NA,NA,NA,NA,NA,NA,NA,NA,NA,NA,NA,NA,NA,NA,6.912603585739553,5.57471091011271,7.713439398580797,17.18107919452083,NA,333
333,"manufacture of pottery, china and earthen-ware",1956,0,0,1004.8600788137805,2238.2271902593902,263.67331932773106,1696.2523319815555,28949954.621997688,NA,NA,NA,NA,NA,NA,NA,NA,NA,NA,NA,NA,NA,NA,NA,NA,6.912603585739553,5.57471091011271,7.713439398580797,17.18107919452083,NA,333
333,"manufacture of pottery, china and earthen-ware",1957,0,1,1004.8600788137805,2238.2271902593902,263.67331932773106,1696.2523319815555,28949954.621997688,76,91,81000000,NA,62000000,43700000,31300000,24500,21600,81600000,NA,19600000,18.209959712636714,17.59285866006582,10.106428396532818,4.51085950651685,6.912603585739553,5.57471091011271,7.713439398580797,17.18107919452083,4,333
333,"manufacture of pottery, china and earthen-ware",1958,0,1,1004.8600788137805,2238.2271902593902,263.67331932773106,1696.2523319815555,28949954.621997688,43,91,85110000,NA,53622000,48970000,31863000,21900,19400,80179000,NA,26557000,18.259455095453145,17.7067184236785,9.994241915804592,4.51085950651685,6.912603585739553,5.57471091011271,7.713439398580797,17.18107919452083,5,333
333,"manufacture of pottery, china and earthen-ware",1959,0,1,1004.8600788137805,2238.2271902593902,263.67331932773106,1696.2523319815555,28949954.621997688,87,92,49889000,NA,NA,22825000,NA,16702,NA,55481000,NA,NA,17.725311095539322,16.943366984445305,9.723283751713176,4.5217885770490405,6.912603585739553,5.57471091011271,7.713439398580797,17.18107919452083,6,333
333,"manufacture of pottery, china and earthen-ware",1960,0,1,1004.8600788137805,2238.2271902593902,263.67331932773106,1696.2523319815555,28949954.621997688,89,100,60023410,NA,52805469,26470260,25406446,18604,16149,76236186,NA,23430717,17.91024521075782,17.091532396595543,9.831131890343988,4.605170185988092,6.912603585739553,5.57471091011271,7.713439398580797,17.18107919452083,7,333
333,"manufacture of pottery, china and earthen-ware",1961,0,1,1004.8600788137805,2238.2271902593902,263.67331932773106,1696.2523319815555,28949954.621997688,97,117,65975976,NA,60615379,25877028,31892842,20254,17932,95099078,NA,34446699,18.00480123372662,17.0688661832901,9.91610758389223,4.762173934797756,6.912603585739553,5.57471091011271,7.713439398580797,17.18107919452083,8,333
333,"manufacture of pottery, china and earthen-ware",1962,0,1,1004.8600788137805,2238.2271902593902,263.67331932773106,1696.2523319815555,28949954.621997688,104,125,79775245,NA,61035547,35758817,35697136,19243,16874,95395361,NA,34359814,18.19472380126144,17.392307426066896,9.86490263722056,4.8283137373023015,6.912603585739553,5.57471091011271,7.713439398580797,17.18107919452083,9,333
333,"manufacture of pottery, china and earthen-ware",1963,0,1,1004.8600788137805,2238.2271902593902,263.67331932773106,1696.2523319815555,28949954.621997688,128,145,90252174,NA,75434742,35630156,43172561,20860,18155,112515542,NA,34758800,18.318118243529796,17.3887029159053,9.945588728554764,4.976733742420574,6.912603585739553,5.57471091011271,7.713439398580797,17.18107919452083,10,333
333,"manufacture of pottery, china and earthen-ware",1964,0,1,1004.8600788137805,2238.2271902593902,263.67331932773106,1696.2523319815555,28949954.621997688,131,155,108987652,NA,99162887,46628474,49516136,22289,19598,133385651,NA,34222764,18.506745149372584,17.657721942535947,10.011848562206193,5.043425116919247,6.912603585739553,5.57471091011271,7.713439398580797,17.18107919452083,11,333
333,"manufacture of pottery, china and earthen-ware",1965,0,1,1004.8600788137805,2238.2271902593902,263.67331932773106,1696.2523319815555,28949954.621997688,126,160,141088459,NA,112346185,58239149,65199589,24312,21146,162006043,NA,49659858,18.764897620423238,17.8800683497954,10.09872533459663,5.075173815233827,6.912603585739553,5.57471091011271,7.713439398580797,17.18107919452083,12,333
334,manufacture of cement (hydraulic),1951,1,0,1405.0790303437689,9315.116910385552,657.3333333333334,13061.661011881471,157282893.2720217,19,19,218668000,23254000,124178000,106714000,110410000,17600,15000,NA,17193000,65398000,19.20306515578264,18.485662916662022,9.775654181026242,2.9444389791664403,7.2478488295409065,6.488191246494471,9.139393833722957,18.87355660987057,1,334
334,manufacture of cement (hydraulic),1952,1,0,1405.0790303437689,9315.116910385552,657.3333333333334,13061.661011881471,157282893.2720217,19,19,229893000,23672000,123916000,99133000,130035000,14089,11168,NA,13253000,84884000,19.25312454124898,18.411972940841785,9.553149630053277,2.9444389791664403,7.2478488295409065,6.488191246494471,9.139393833722957,18.87355660987057,2,334
334,manufacture of cement (hydraulic),1953,1,0,1405.0790303437689,9315.116910385552,657.3333333333334,13061.661011881471,157282893.2720217,19,19,213726000,25328000,136679000,87266000,126226000,13500,11300,NA,14197000,86341000,19.18020537877544,18.28447148332338,9.51044496442652,2.9444389791664403,7.2478488295409065,6.488191246494471,9.139393833722957,18.87355660987057,3,334
334,manufacture of cement (hydraulic),1954,1,0,1405.0790303437689,9315.116910385552,657.3333333333334,13061.661011881471,157282893.2720217,NA,NA,NA,NA,NA,NA,NA,NA,NA,NA,NA,NA,NA,NA,NA,NA,7.2478488295409065,6.488191246494471,9.139393833722957,18.87355660987057,NA,334
334,manufacture of cement (hydraulic),1955,1,0,1405.0790303437689,9315.116910385552,657.3333333333334,13061.661011881471,157282893.2720217,NA,NA,NA,NA,NA,NA,NA,NA,NA,NA,NA,NA,NA,NA,NA,NA,7.2478488295409065,6.488191246494471,9.139393833722957,18.87355660987057,NA,334
334,manufacture of cement (hydraulic),1956,1,0,1405.0790303437689,9315.116910385552,657.3333333333334,13061.661011881471,157282893.2720217,NA,NA,NA,NA,NA,NA,NA,NA,NA,NA,NA,NA,NA,NA,NA,NA,7.2478488295409065,6.488191246494471,9.139393833722957,18.87355660987057,NA,334
334,manufacture of cement (hydraulic),1957,1,1,1405.0790303437689,9315.116910385552,657.3333333333334,13061.661011881471,157282893.2720217,27,27,342100000,NA,306900000,112900000,203600000,26400,22100,367000000,NA,60100000,19.650613649947832,18.54201302911989,10.181119289134408,3.295836866004329,7.2478488295409065,6.488191246494471,9.139393833722957,18.87355660987057,4,334
334,manufacture of cement (hydraulic),1958,1,1,1405.0790303437689,9315.116910385552,657.3333333333334,13061.661011881471,157282893.2720217,27,27,360670000,NA,248135000,121698000,214542000,23800,19500,310910000,NA,62775000,19.703473970804062,18.61705312396898,10.077440859659566,3.295836866004329,7.2478488295409065,6.488191246494471,9.139393833722957,18.87355660987057,5,334
334,manufacture of cement (hydraulic),1959,1,1,1405.0790303437689,9315.116910385552,657.3333333333334,13061.661011881471,157282893.2720217,33,33,444081000,NA,NA,108999000,NA,25740,NA,539515000,NA,NA,19.911517536190157,18.506849265839406,10.155801481150117,3.4965075614664802,7.2478488295409065,6.488191246494471,9.139393833722957,18.87355660987057,6,334
334,manufacture of cement (hydraulic),1960,1,1,1405.0790303437689,9315.116910385552,657.3333333333334,13061.661011881471,157282893.2720217,35,35,535339561,NA,522607518,133059506,344982709,28138,22393,560317239,NA,37709721,20.098411796985516,18.70630699966027,10.244876254937159,3.5553480614894135,7.2478488295409065,6.488191246494471,9.139393833722957,18.87355660987057,7,334
334,manufacture of cement (hydraulic),1961,1,1,1405.0790303437689,9315.116910385552,657.3333333333334,13061.661011881471,157282893.2720217,38,38,638698547,NA,524524178,149934732,423333866,28467,23292,627334292,NA,102724114,20.27494314359577,18.825710637368353,10.256500800641868,3.6375861597263857,7.2478488295409065,6.488191246494471,9.139393833722957,18.87355660987057,8,334
334,manufacture of cement (hydraulic),1962,1,1,1405.0790303437689,9315.116910385552,657.3333333333334,13061.661011881471,157282893.2720217,38,38,724395940,NA,509197477,186474218,466640636,28800,23356,657838226,NA,148640749,20.400848679319505,19.043803546205073,10.268130666124037,3.6375861597263857,7.2478488295409065,6.488191246494471,9.139393833722957,18.87355660987057,9,334
334,manufacture of cement (hydraulic),1963,1,1,1405.0790303437689,9315.116910385552,657.3333333333334,13061.661011881471,157282893.2720217,39,39,786001574,NA,543185263,198589540,504896546,29870,24517,722892329,NA,179341066,20.482469352936004,19.10675063950754,10.304609911210155,3.6635616461296463,7.2478488295409065,6.488191246494471,9.139393833722957,18.87355660987057,10,334
334,manufacture of cement (hydraulic),1964,1,1,1405.0790303437689,9315.116910385552,657.3333333333334,13061.661011881471,157282893.2720217,37,37,854546995,NA,605005351,189101729,566022446,31623,25493,769476769,NA,164471418,20.56608205608195,19.057795676897303,10.361639982923299,3.6109179126442243,7.2478488295409065,6.488191246494471,9.139393833722957,18.87355660987057,11,334
334,manufacture of cement (hydraulic),1965,1,1,1405.0790303437689,9315.116910385552,657.3333333333334,13061.661011881471,157282893.2720217,41,41,1043647841,NA,659912985,266515541,670968676,32875,25967,885563901,NA,225650916,20.765987952452857,19.400943115066905,10.400467769480066,3.713572066704308,7.2478488295409065,6.488191246494471,9.139393833722957,18.87355660987057,12,334
339,manufacture of non-metallic mineral products not elsewhere classified,1951,0,0,755.1704157439174,1848.220866862231,58.29793287151115,2156.5215370711076,60856407.21346915,48,820,106031000,32925000,32519000,55086000,49981000,42400,38200,NA,27856000,44884000,18.479242062150536,17.82440615835389,10.654903641220049,6.709304340258298,6.626943439996061,4.0655666359784615,7.521978761760419,17.924027667063683,1,339
339,manufacture of non-metallic mineral products not elsewhere classified,1952,0,0,755.1704157439174,1848.220866862231,58.29793287151115,2156.5215370711076,60856407.21346915,33,389,86333000,20993000,44459000,39590000,46737000,26223,22768,NA,15708000,46267000,18.27372246998439,17.494087119082312,10.174392167248598,5.963579343618446,6.626943439996061,4.0655666359784615,7.521978761760419,17.924027667063683,2,339
339,manufacture of non-metallic mineral products not elsewhere classified,1953,0,0,755.1704157439174,1848.220866862231,58.29793287151115,2156.5215370711076,60856407.21346915,40,407,89781000,21176000,41997000,43384000,46269000,31400,28400,NA,14694000,32500000,18.31288392959419,17.585601267503034,10.354563171896345,6.008813185442595,6.626943439996061,4.0655666359784615,7.521978761760419,17.924027667063683,3,339
339,manufacture of non-metallic mineral products not elsewhere classified,1954,0,0,755.1704157439174,1848.220866862231,58.29793287151115,2156.5215370711076,60856407.21346915,NA,NA,NA,NA,NA,NA,NA,NA,NA,NA,NA,NA,NA,NA,NA,NA,6.626943439996061,4.0655666359784615,7.521978761760419,17.924027667063683,NA,339
339,manufacture of non-metallic mineral products not elsewhere classified,1955,0,0,755.1704157439174,1848.220866862231,58.29793287151115,2156.5215370711076,60856407.21346915,NA,NA,NA,NA,NA,NA,NA,NA,NA,NA,NA,NA,NA,NA,NA,NA,6.626943439996061,4.0655666359784615,7.521978761760419,17.924027667063683,NA,339
339,manufacture of non-metallic mineral products not elsewhere classified,1956,0,0,755.1704157439174,1848.220866862231,58.29793287151115,2156.5215370711076,60856407.21346915,NA,NA,NA,NA,NA,NA,NA,NA,NA,NA,NA,NA,NA,NA,NA,NA,6.626943439996061,4.0655666359784615,7.521978761760419,17.924027667063683,NA,339
339,manufacture of non-metallic mineral products not elsewhere classified,1957,0,1,755.1704157439174,1848.220866862231,58.29793287151115,2156.5215370711076,60856407.21346915,102,477,185700000,NA,29890000,91800000,86200000,42100,37300,121600000,NA,62100000,19.039643026322935,18.33512285559072,10.647803019670473,6.1675164908883415,6.626943439996061,4.0655666359784615,7.521978761760419,17.924027667063683,4,339
339,manufacture of non-metallic mineral products not elsewhere classified,1958,0,1,755.1704157439174,1848.220866862231,58.29793287151115,2156.5215370711076,60856407.21346915,144,579,198444000,NA,50665000,92686000,96261000,46050,41544,113651000,NA,64260000,19.106017502420332,18.34472799431947,10.737483041683452,6.361302477572996,6.626943439996061,4.0655666359784615,7.521978761760419,17.924027667063683,5,339
339,manufacture of non-metallic mineral products not elsewhere classified,1959,0,1,755.1704157439174,1848.220866862231,58.29793287151115,2156.5215370711076,60856407.21346915,297,709,295689000,NA,NA,103722000,NA,39549,NA,152991000,NA,NA,19.504818784266046,18.45722480113298,10.58529568842608,6.5638555265321274,6.626943439996061,4.0655666359784615,7.521978761760419,17.924027667063683,6,339
339,manufacture of non-metallic mineral products not elsewhere classified,1960,0,1,755.1704157439174,1848.220866862231,58.29793287151115,2156.5215370711076,60856407.21346915,307,758,338783466,NA,66835453,122686020,198159147,43702,39545,188044750,NA,121209297,19.640871717898442,18.625138966759575,10.685149146626813,6.630683385642372,6.626943439996061,4.0655666359784615,7.521978761760419,17.924027667063683,7,339
339,manufacture of non-metallic mineral products not elsewhere classified,1961,0,1,755.1704157439174,1848.220866862231,58.29793287151115,2156.5215370711076,60856407.21346915,359,881,355928565,NA,82927910,121264626,211558873,41198,36905,203164850,NA,120243940,19.69024060856901,18.613485707311163,10.626144990470014,6.78105762593618,6.626943439996061,4.0655666359784615,7.521978761760419,17.924027667063683,8,339
339,manufacture of non-metallic mineral products not elsewhere classified,1962,0,1,755.1704157439174,1848.220866862231,58.29793287151115,2156.5215370711076,60856407.21346915,352,949,445907399,NA,97610521,155233169,260018762,44842,39775,254824827,NA,157214306,19.91562186286663,18.860438860662505,10.710900479224417,6.855408798609928,6.626943439996061,4.0655666359784615,7.521978761760419,17.924027667063683,9,339
339,manufacture of non-metallic mineral products not elsewhere classified,1963,0,1,755.1704157439174,1848.220866862231,58.29793287151115,2156.5215370711076,60856407.21346915,345,1054,525397287,NA,123563706,165511492,318632912,51851,46384,289629309,NA,122773603,20.07966527151757,18.924551188437146,10.856129499874779,6.960347729101308,6.626943439996061,4.0655666359784615,7.521978761760419,17.924027667063683,10,339
339,manufacture of non-metallic mineral products not elsewhere classified,1964,0,1,755.1704157439174,1848.220866862231,58.29793287151115,2156.5215370711076,60856407.21346915,381,1037,589436444,NA,165626641,189827543,355062457,53435,45452,346775514,NA,181148873,20.19467745872823,19.061626549523293,10.886221240958998,6.9440872082295275,6.626943439996061,4.0655666359784615,7.521978761760419,17.924027667063683,11,339
339,manufacture of non-metallic mineral products not elsewhere classified,1965,0,1,755.1704157439174,1848.220866862231,58.29793287151115,2156.5215370711076,60856407.21346915,432,1123,646325204,NA,185419853,201092189,393813099,55036,45994,362797008,NA,177377155,20.28681334684239,19.119274012616085,10.915742795547708,7.023758954738443,6.626943439996061,4.0655666359784615,7.521978761760419,17.924027667063683,12,339
341,iron and steel basic industries,1951,1,0,1704.1003817114874,5137.285229474709,93.15127852380022,6235.22543216429,688239353.2181406,94,1277,996591000,236575000,490437000,476098000,516076000,151500,127900,NA,182768000,338169000,20.719851013066407,19.98113427335777,11.928340903931561,7.152268856032539,7.440792615109266,4.534224822383359,8.54428005344885,20.349647232514837,1,341
341,iron and steel basic industries,1952,1,0,1704.1003817114874,5137.285229474709,93.15127852380022,6235.22543216429,688239353.2181406,94,1202,1038579000,230565000,457395000,458963000,573680000,129220,107548,NA,152141000,454242000,20.76111926964379,19.94448015475387,11.769271657112157,7.091742115095153,7.440792615109266,4.534224822383359,8.54428005344885,20.349647232514837,2,341
341,iron and steel basic industries,1953,1,0,1704.1003817114874,5137.285229474709,93.15127852380022,6235.22543216429,688239353.2181406,98,1130,1042857000,226559000,440825000,517299000,519081000.0000001,123500,101500,NA,153648000,450510999.9999999,20.765229899059133,20.06413160185763,11.72399643505017,7.029972911706386,7.440792615109266,4.534224822383359,8.54428005344885,20.349647232514837,3,341
341,iron and steel basic industries,1954,1,0,1704.1003817114874,5137.285229474709,93.15127852380022,6235.22543216429,688239353.2181406,NA,NA,NA,NA,NA,NA,NA,NA,NA,NA,NA,NA,NA,NA,NA,NA,7.440792615109266,4.534224822383359,8.54428005344885,20.349647232514837,NA,341
341,iron and steel basic industries,1955,1,0,1704.1003817114874,5137.285229474709,93.15127852380022,6235.22543216429,688239353.2181406,NA,NA,NA,NA,NA,NA,NA,NA,NA,NA,NA,NA,NA,NA,NA,NA,7.440792615109266,4.534224822383359,8.54428005344885,20.349647232514837,NA,341
341,iron and steel basic industries,1956,1,0,1704.1003817114874,5137.285229474709,93.15127852380022,6235.22543216429,688239353.2181406,NA,NA,NA,NA,NA,NA,NA,NA,NA,NA,NA,NA,NA,NA,NA,NA,7.440792615109266,4.534224822383359,8.54428005344885,20.349647232514837,NA,341
341,iron and steel basic industries,1957,1,1,1704.1003817114874,5137.285229474709,93.15127852380022,6235.22543216429,688239353.2181406,286,1239,2145231000,NA,761300000,890411000,1158977000,182400,150700,1204791000,NA,440800000,21.486513075835685,20.6071937118475,12.113957356622368,7.122059881629142,7.440792615109266,4.534224822383359,8.54428005344885,20.349647232514837,4,341
341,iron and steel basic industries,1958,1,1,1704.1003817114874,5137.285229474709,93.15127852380022,6235.22543216429,688239353.2181406,233,1226,2129598000,NA,1500824000,847326000,1231707000,173567,142411,1876844000,NA,376326000,21.47919906646118,20.557596066405438,12.064318970972682,7.111512116496157,7.440792615109266,4.534224822383359,8.54428005344885,20.349647232514837,5,341
341,iron and steel basic industries,1959,1,1,1704.1003817114874,5137.285229474709,93.15127852380022,6235.22543216429,688239353.2181406,390,759,2316058000,NA,NA,585356000,NA,167291,NA,2640335000,NA,NA,21.56313243952148,20.187730767115035,12.027490089951073,6.63200177739563,7.440792615109266,4.534224822383359,8.54428005344885,20.349647232514837,6,341
341,iron and steel basic industries,1960,1,1,1704.1003817114874,5137.285229474709,93.15127852380022,6235.22543216429,688239353.2181406,420,835,2665562550,NA,2135183360,687331350,1659173604,181918,154427,2730467329,NA,595283969,21.703680960468358,20.348327048320893,12.111311315080483,6.727431724850855,7.440792615109266,4.534224822383359,8.54428005344885,20.349647232514837,7,341
341,iron and steel basic industries,1961,1,1,1704.1003817114874,5137.285229474709,93.15127852380022,6235.22543216429,688239353.2181406,467,971,2976953322,NA,2203564020,770365621,1861416487,196204,167138,2955598778,NA,753155758,21.814166239313963,20.462375792582275,12.186910213265417,6.878326468291325,7.440792615109266,4.534224822383359,8.54428005344885,20.349647232514837,8,341
341,iron and steel basic industries,1962,1,1,1704.1003817114874,5137.285229474709,93.15127852380022,6235.22543216429,688239353.2181406,551,1098,4282105439,NA,7288665249,903268105,2610962294,273854,227083,8543035853,NA,1254370604,22.17771065058468,20.621529972075667,12.520350396641618,7.001245622069476,7.440792615109266,4.534224822383359,8.54428005344885,20.349647232514837,9,341
341,iron and steel basic industries,1963,1,1,1704.1003817114874,5137.285229474709,93.15127852380022,6235.22543216429,688239353.2181406,620,1261,5387176892,NA,8030514770,1307087162,3287913541,287915,232524,9551336367,NA,1454494289,22.407287316935093,20.991066957964758,12.570420576667141,7.13966033596492,7.440792615109266,4.534224822383359,8.54428005344885,20.349647232514837,10,341
341,iron and steel basic industries,1964,1,1,1704.1003817114874,5137.285229474709,93.15127852380022,6235.22543216429,688239353.2181406,753,1445,6166807187,NA,8247152803,1663800137,3700526537,314894,254946,10250192874,NA,2003040041,22.54244706718404,21.232370062155685,12.65999135323976,7.275864600546533,7.440792615109266,4.534224822383359,8.54428005344885,20.349647232514837,11,341
341,iron and steel basic industries,1965,1,1,1704.1003817114874,5137.285229474709,93.15127852380022,6235.22543216429,688239353.2181406,869,1601,6479553579,NA,8766522322,1677378091,3834013915,319018,246827,11375135521,NA,2608613199,22.59191745280779,21.240497751143963,12.673002806507364,7.3783837129967145,7.440792615109266,4.534224822383359,8.54428005344885,20.349647232514837,12,341
342,non-ferrous basic metal industries,1951,1,0,1112.8079120776147,3178.944870727003,47.60293188508599,15775.696628224547,274133914.336363,64,403,235711000,27047000,67701000,51954000,180329000,25700,22300,NA,19437000,102922000,19.278117036312494,17.765869269657994,10.154246270883311,5.998936561946683,7.014641750646515,3.8628943535650233,8.064304619057697,19.429127283412488,1,342
342,non-ferrous basic metal industries,1952,1,0,1112.8079120776147,3178.944870727003,47.60293188508599,15775.696628224547,274133914.336363,57,362,288121000,27642000,68463000,39983000.00000001,247291000,20043,16247,NA,15872000,94581000,19.47889108875548,17.503964921740113,9.905635244593586,5.8916442118257715,7.014641750646515,3.8628943535650233,8.064304619057697,19.429127283412488,2,342
342,non-ferrous basic metal industries,1953,1,0,1112.8079120776147,3178.944870727003,47.60293188508599,15775.696628224547,274133914.336363,65,378,263731000,27837000,81333000,53399000,209118000,19300,16100,NA,15932000,84207000,19.390440202245003,17.793302577163317,9.867860374892977,5.934894195619588,7.014641750646515,3.8628943535650233,8.064304619057697,19.429127283412488,3,342
342,non-ferrous basic metal industries,1954,1,0,1112.8079120776147,3178.944870727003,47.60293188508599,15775.696628224547,274133914.336363,NA,NA,NA,NA,NA,NA,NA,NA,NA,NA,NA,NA,NA,NA,NA,NA,7.014641750646515,3.8628943535650233,8.064304619057697,19.429127283412488,NA,342
342,non-ferrous basic metal industries,1955,1,0,1112.8079120776147,3178.944870727003,47.60293188508599,15775.696628224547,274133914.336363,NA,NA,NA,NA,NA,NA,NA,NA,NA,NA,NA,NA,NA,NA,NA,NA,7.014641750646515,3.8628943535650233,8.064304619057697,19.429127283412488,NA,342
342,non-ferrous basic metal industries,1956,1,0,1112.8079120776147,3178.944870727003,47.60293188508599,15775.696628224547,274133914.336363,NA,NA,NA,NA,NA,NA,NA,NA,NA,NA,NA,NA,NA,NA,NA,NA,7.014641750646515,3.8628943535650233,8.064304619057697,19.429127283412488,NA,342
342,non-ferrous basic metal industries,1957,1,1,1112.8079120776147,3178.944870727003,47.60293188508599,15775.696628224547,274133914.336363,127,671,548018000,NA,99279000,121814000,404549000,42400,36300,228402000,NA,129123000,20.121818691088176,18.61800584916342,10.654903641220049,6.508769136971682,7.014641750646515,3.8628943535650233,8.064304619057697,19.429127283412488,4,342
342,non-ferrous basic metal industries,1958,1,1,1112.8079120776147,3178.944870727003,47.60293188508599,15775.696628224547,274133914.336363,86,672,464882000,NA,74257000,121111000,325677000,35108,28500,197729000,NA,123472000,19.95729416790738,18.61221803841963,10.466184303712009,6.5102583405231496,7.014641750646515,3.8628943535650233,8.064304619057697,19.429127283412488,5,342
342,non-ferrous basic metal industries,1959,1,1,1112.8079120776147,3178.944870727003,47.60293188508599,15775.696628224547,274133914.336363,139,280,473920000,NA,NA,109162000,NA,21845,NA,212553000,NA,NA,19.976549089043708,18.50834357536614,9.991727341385536,5.634789603169249,7.014641750646515,3.8628943535650233,8.064304619057697,19.429127283412488,6,342
342,non-ferrous basic metal industries,1960,1,1,1112.8079120776147,3178.944870727003,47.60293188508599,15775.696628224547,274133914.336363,121,291,599034054,NA,173644558,125424070,446297288,22401,18431,302185716,NA,128541158,20.210829005882776,18.647211113517386,10.016860879703811,5.673323267171493,7.014641750646515,3.8628943535650233,8.064304619057697,19.429127283412488,7,342
342,non-ferrous basic metal industries,1961,1,1,1112.8079120776147,3178.944870727003,47.60293188508599,15775.696628224547,274133914.336363,124,313,641767479,NA,244194411,161038888,452519652,22514,18335,591772280,NA,351429869,20.279736613807415,18.897156434155228,10.02189261691475,5.746203190540153,7.014641750646515,3.8628943535650233,8.064304619057697,19.429127283412488,8,342
342,non-ferrous basic metal industries,1962,1,1,1112.8079120776147,3178.944870727003,47.60293188508599,15775.696628224547,274133914.336363,128,378,775747885,NA,385141174,189209924,530328946,28534,23149,830751235,NA,445610061,20.469338134895235,19.05836766563776,10.25885163767476,5.934894195619588,7.014641750646515,3.8628943535650233,8.064304619057697,19.429127283412488,9,342
342,non-ferrous basic metal industries,1963,1,1,1112.8079120776147,3178.944870727003,47.60293188508599,15775.696628224547,274133914.336363,164,349,971364164,NA,413656923,263005481,625029360,30468,24909,859173353,NA,411682430,20.694211996110393,19.387685430229066,10.324432231492679,5.855071922202427,7.014641750646515,3.8628943535650233,8.064304619057697,19.429127283412488,10,342
342,non-ferrous basic metal industries,1964,1,1,1112.8079120776147,3178.944870727003,47.60293188508599,15775.696628224547,274133914.336363,187,391,1197873802,NA,536876482,350169568,766537058,34062,26815,1099430561,NA,562554079,20.90381399052335,19.67392807512519,10.435937672398781,5.968707559985366,7.014641750646515,3.8628943535650233,8.064304619057697,19.429127283412488,11,342
342,non-ferrous basic metal industries,1965,1,1,1112.8079120776147,3178.944870727003,47.60293188508599,15775.696628224547,274133914.336363,192,428,1296030413,NA,737950778,385406909,814613638,36891,28364,1323352042,NA,585401264,20.98257190142214,19.769810240613126,10.515722897840558,6.059123195581797,7.014641750646515,3.8628943535650233,8.064304619057697,19.429127283412488,12,342
350+360+370,manufacture of metal products and machinery,1951,1,0,1854.7706148158718,2803.7894164137783,50.531329307646665,3522.2213939880817,381223092.03907984,167,2114,506585000,140206000,323859000,246447000,254784000,129200,111000,NA,101599999.99999999,246261000,20.04320268593439,19.322657518187036,11.769116870330638,7.656337166430183,7.525516309614081,3.922593526253386,7.938727144197936,19.75889530513698,1,350+360+370
350+360+370,manufacture of metal products and machinery,1952,1,0,1854.7706148158718,2803.7894164137783,50.531329307646665,3522.2213939880817,381223092.03907984,158,2141,536434999.9999998,158155000,361127000,243422000,290020999.9999999,125347,105780,NA,106901000,358348000,20.100455957056692,19.31030712062868,11.738841170312407,7.669028288589683,7.525516309614081,3.922593526253386,7.938727144197936,19.75889530513698,2,350+360+370
350+360+370,manufacture of metal products and machinery,1953,1,0,1854.7706148158718,2803.7894164137783,50.531329307646665,3522.2213939880817,381223092.03907984,180,2188,644212000,174369000,381625000,286736000,343015000,127800,108700,NA,302639000,336825000,20.283538422443232,19.474072489765305,11.758221820925572,7.690743163541872,7.525516309614081,3.922593526253386,7.938727144197936,19.75889530513698,3,350+360+370
350+360+370,manufacture of metal products and machinery,1954,1,0,1854.7706148158718,2803.7894164137783,50.531329307646665,3522.2213939880817,381223092.03907984,NA,NA,NA,NA,NA,NA,NA,NA,NA,NA,NA,NA,NA,NA,NA,NA,7.525516309614081,3.922593526253386,7.938727144197936,19.75889530513698,NA,350+360+370
350+360+370,manufacture of metal products and machinery,1955,1,0,1854.7706148158718,2803.7894164137783,50.531329307646665,3522.2213939880817,381223092.03907984,NA,NA,NA,NA,NA,NA,NA,NA,NA,NA,NA,NA,NA,NA,NA,NA,7.525516309614081,3.922593526253386,7.938727144197936,19.75889530513698,NA,350+360+370
350+360+370,manufacture of metal products and machinery,1956,1,0,1854.7706148158718,2803.7894164137783,50.531329307646665,3522.2213939880817,381223092.03907984,NA,NA,NA,NA,NA,NA,NA,NA,NA,NA,NA,NA,NA,NA,NA,NA,7.525516309614081,3.922593526253386,7.938727144197936,19.75889530513698,NA,350+360+370
350+360+370,manufacture of metal products and machinery,1957,1,1,1854.7706148158718,2803.7894164137783,50.531329307646665,3522.2213939880817,381223092.03907984,573,3026,1625112000,NA,473929000,600981000.0000001,935421000,247300,206300,1031819000,NA,557890000,21.208842573429948,20.214073878023044,12.418357453509508,8.014996894348302,7.525516309614081,3.922593526253386,7.938727144197936,19.75889530513698,4,350+360+370
350+360+370,manufacture of metal products and machinery,1958,1,1,1854.7706148158718,2803.7894164137783,50.531329307646665,3522.2213939880817,381223092.03907984,472,3027,2178055000,NA,692841000,752513000,1287428000,241361,197255,1350017000,NA,657176000,21.501698113663593,20.43892883018559,12.394049017012957,8.01532730902172,7.525516309614081,3.922593526253386,7.938727144197936,19.75889530513698,5,350+360+370
350+360+370,manufacture of metal products and machinery,1959,1,1,1854.7706148158718,2803.7894164137783,50.531329307646665,3522.2213939880817,381223092.03907984,1343,4628,2594508000,NA,NA,818004000,NA,285100,NA,1573087000,NA,NA,21.676662740213064,20.522377784530615,12.560595274900763,8.439880088313567,7.525516309614081,3.922593526253386,7.938727144197936,19.75889530513698,6,350+360+370
350+360+370,manufacture of metal products and machinery,1960,1,1,1854.7706148158718,2803.7894164137783,50.531329307646665,3522.2213939880817,381223092.03907984,1526,5486,3334289884,NA,1059906800,1003956671,2334559020,332962,284665,2064939616,NA,1005041825,21.92752556530571,20.727214700910185,12.715783648336956,8.60995467149755,7.525516309614081,3.922593526253386,7.938727144197936,19.75889530513698,7,350+360+370
350+360+370,manufacture of metal products and machinery,1961,1,1,1854.7706148158718,2803.7894164137783,50.531329307646665,3522.2213939880817,381223092.03907984,1730,6167,3930186011,NA,1294922915,1235730219,2351873630,361944,313058,2613531739,NA,1312485853,22.091952592750758,20.9349279027402,12.79924478270863,8.726967774991493,7.525516309614081,3.922593526253386,7.938727144197936,19.75889530513698,8,350+360+370
350+360+370,manufacture of metal products and machinery,1962,1,1,1854.7706148158718,2803.7894164137783,50.531329307646665,3522.2213939880817,381223092.03907984,1943,6748,4851789621,NA,1915929261,1425285674,2962208997,417115,351782,3437852144,NA,1521922883,22.30261346785487,21.077638103557458,12.941117242137295,8.817001443665859,7.525516309614081,3.922593526253386,7.938727144197936,19.75889530513698,9,350+360+370
350+360+370,manufacture of metal products and machinery,1963,1,1,1854.7706148158718,2803.7894164137783,50.531329307646665,3522.2213939880817,381223092.03907984,2031,7407,5990240428,NA,2322512937,1814709997,3596760536,472288,401102,4240456901,NA,1556530864,22.513397386498635,21.319191510629622,13.065344247981502,8.91018077801329,7.525516309614081,3.922593526253386,7.938727144197936,19.75889530513698,10,350+360+370
350+360+370,manufacture of metal products and machinery,1964,1,1,1854.7706148158718,2803.7894164137783,50.531329307646665,3522.2213939880817,381223092.03907984,2287,7820,7001332019,NA,2857558013,2122481525,4143240116,504795,412168,5016207788,NA,2158649775,22.66936625632775,21.475851771753824,13.13190768524725,8.964439833539357,7.525516309614081,3.922593526253386,7.938727144197936,19.75889530513698,11,350+360+370
350+360+370,manufacture of metal products and machinery,1965,1,1,1854.7706148158718,2803.7894164137783,50.531329307646665,3522.2213939880817,381223092.03907984,2616,8395,8968805504,NA,3751143094,2637922950,5387462732,564877,446628,6623098234,NA,2871955140,22.91701833848646,21.69325768308185,13.244363287313641,9.035391569511642,7.525516309614081,3.922593526253386,7.938727144197936,19.75889530513698,12,350+360+370
381,ship building and repairing,1951,0,0,2772.2168531431225,7992.648631605014,307.33747412008285,3164.6307318104436,34986711.02542195,14,46,86306000,29583000,56750000,54547000.00000001,28114000,20100,16600,NA,21931000,59714000,18.273409678550006,17.814573273314004,9.908475094047168,3.828641396489095,7.92740258709961,5.727946408073478,8.986277477145823,17.370478862367147,1,381
381,ship building and repairing,1952,0,0,2772.2168531431225,7992.648631605014,307.33747412008285,3164.6307318104436,34986711.02542195,14,42,124946000,40017000,47292000,91613000,28945000,20413,17268,NA,25846000,49395000,18.643392201927693,18.33308374097185,9.923927231773584,3.7376696182833684,7.92740258709961,5.727946408073478,8.986277477145823,17.370478862367147,2,381
381,ship building and repairing,1953,0,0,2772.2168531431225,7992.648631605014,307.33747412008285,3164.6307318104436,34986711.02542195,13,42,101735000,39173000,40977000,73151000,24991000,8800,6300,NA,26577000,58536000,18.43788195127214,18.10803635587695,9.082507000466299,3.7376696182833684,7.92740258709961,5.727946408073478,8.986277477145823,17.370478862367147,3,381
381,ship building and repairing,1954,0,0,2772.2168531431225,7992.648631605014,307.33747412008285,3164.6307318104436,34986711.02542195,NA,NA,NA,NA,NA,NA,NA,NA,NA,NA,NA,NA,NA,NA,NA,NA,7.92740258709961,5.727946408073478,8.986277477145823,17.370478862367147,NA,381
381,ship building and repairing,1955,0,0,2772.2168531431225,7992.648631605014,307.33747412008285,3164.6307318104436,34986711.02542195,NA,NA,NA,NA,NA,NA,NA,NA,NA,NA,NA,NA,NA,NA,NA,NA,7.92740258709961,5.727946408073478,8.986277477145823,17.370478862367147,NA,381
381,ship building and repairing,1956,0,0,2772.2168531431225,7992.648631605014,307.33747412008285,3164.6307318104436,34986711.02542195,NA,NA,NA,NA,NA,NA,NA,NA,NA,NA,NA,NA,NA,NA,NA,NA,7.92740258709961,5.727946408073478,8.986277477145823,17.370478862367147,NA,381
381,ship building and repairing,1957,0,1,2772.2168531431225,7992.648631605014,307.33747412008285,3164.6307318104436,34986711.02542195,24,50,186100000,NA,53300000,85400000,75600000,35000,30400,146100000,NA,92800000,19.04179472161248,18.2628566587588,10.46310334047155,3.912023005428146,7.92740258709961,5.727946408073478,8.986277477145823,17.370478862367147,4,381
381,ship building and repairing,1958,0,1,2772.2168531431225,7992.648631605014,307.33747412008285,3164.6307318104436,34986711.02542195,26,50,238925000,NA,65156000,150729000,65291000,29000,24700,141439000,NA,76283000,19.291660253116518,18.830994080385352,10.275051108968611,3.912023005428146,7.92740258709961,5.727946408073478,8.986277477145823,17.370478862367147,5,381
381,ship building and repairing,1959,0,1,2772.2168531431225,7992.648631605014,307.33747412008285,3164.6307318104436,34986711.02542195,65,68,172852000,NA,NA,75932000,NA,31379,NA,75203000,NA,NA,18.96794629499103,18.14534876089257,10.353894158347762,4.219507705176107,7.92740258709961,5.727946408073478,8.986277477145823,17.370478862367147,6,381
381,ship building and repairing,1960,0,1,2772.2168531431225,7992.648631605014,307.33747412008285,3164.6307318104436,34986711.02542195,68,68,174220853,NA,70851265,79207306,76728542,31108,26532,182720938,NA,111869673,18.9758343224514,18.187579100004864,10.345220299814834,4.219507705176107,7.92740258709961,5.727946408073478,8.986277477145823,17.370478862367147,7,381
381,ship building and repairing,1961,0,1,2772.2168531431225,7992.648631605014,307.33747412008285,3164.6307318104436,34986711.02542195,58,60,135612048,NA,65470303,59978497,60455343,24873,20898,135858821,NA,70100518,18.725308779081203,17.90949667261839,10.121538156784329,4.0943445622221,7.92740258709961,5.727946408073478,8.986277477145823,17.370478862367147,8,381
381,ship building and repairing,1962,0,1,2772.2168531431225,7992.648631605014,307.33747412008285,3164.6307318104436,34986711.02542195,65,67,158254602,NA,70296679,67655466,73029699,27119,22681,147292912,NA,76996233,18.879715699134447,18.029938707543234,10.207989868218158,4.204692619390966,7.92740258709961,5.727946408073478,8.986277477145823,17.370478862367147,9,381
381,ship building and repairing,1963,0,1,2772.2168531431225,7992.648631605014,307.33747412008285,3164.6307318104436,34986711.02542195,66,67,174322962,NA,70695819,78984678,77955778,27893,22791,140235278,NA,66899459,18.976420240195612,18.184764442253595,10.236131040272427,4.204692619390966,7.92740258709961,5.727946408073478,8.986277477145823,17.370478862367147,10,381
381,ship building and repairing,1964,0,1,2772.2168531431225,7992.648631605014,307.33747412008285,3164.6307318104436,34986711.02542195,67,70,167032560,NA,70347910,78124152,71790557,28391,22952,148304542,NA,77956632,18.933699321436716,18.17380981156193,10.253827472516985,4.248495242049359,7.92740258709961,5.727946408073478,8.986277477145823,17.370478862367147,11,381
381,ship building and repairing,1965,0,1,2772.2168531431225,7992.648631605014,307.33747412008285,3164.6307318104436,34986711.02542195,63,72,199963842,NA,71699432,93083629,85844885,28656,23362,140821264,NA,69121832,19.11364711816783,18.349008883605695,10.263118124300494,4.276666119016055,7.92740258709961,5.727946408073478,8.986277477145823,17.370478862367147,12,381
383,manufacture of motor vehicles,1951,0,0,1237.9772737571977,3380.2922200198045,52.578545415462735,7193.603257893655,254441714.50897363,81,586,336689000.0000001,67187000,117154000,94042000,242051000,53500,41100,NA,40858000,168038000,19.634670213564956,18.359252048955717,10.887436932884098,6.373319789577012,7.121234095852457,3.9623081547019328,8.125717440367152,19.35458234811475,1,383
383,manufacture of motor vehicles,1952,0,0,1237.9772737571977,3380.2922200198045,52.578545415462735,7193.603257893655,254441714.50897363,92,730,318964000,65613000,158976000,112005000,205301000,43776.00000000001,32122,NA,35925000,182872000,19.5805888017162,18.53405407112005,10.686841000982222,6.593044534142437,7.121234095852457,3.9623081547019328,8.125717440367152,19.35458234811475,2,383
383,manufacture of motor vehicles,1953,0,0,1237.9772737571977,3380.2922200198045,52.578545415462735,7193.603257893655,254441714.50897363,98,773,250325000,64927000,167555000,94178000,154680000,43800,33700,NA,35237000,162140000,19.338270631558142,18.360697166623,10.687389096364537,6.650279048587422,7.121234095852457,3.9623081547019328,8.125717440367152,19.35458234811475,3,383
383,manufacture of motor vehicles,1954,0,0,1237.9772737571977,3380.2922200198045,52.578545415462735,7193.603257893655,254441714.50897363,NA,NA,NA,NA,NA,NA,NA,NA,NA,NA,NA,NA,NA,NA,NA,NA,7.121234095852457,3.9623081547019328,8.125717440367152,19.35458234811475,NA,383
383,manufacture of motor vehicles,1955,0,0,1237.9772737571977,3380.2922200198045,52.578545415462735,7193.603257893655,254441714.50897363,NA,NA,NA,NA,NA,NA,NA,NA,NA,NA,NA,NA,NA,NA,NA,NA,7.121234095852457,3.9623081547019328,8.125717440367152,19.35458234811475,NA,383
383,manufacture of motor vehicles,1956,0,0,1237.9772737571977,3380.2922200198045,52.578545415462735,7193.603257893655,254441714.50897363,NA,NA,NA,NA,NA,NA,NA,NA,NA,NA,NA,NA,NA,NA,NA,NA,7.121234095852457,3.9623081547019328,8.125717440367152,19.35458234811475,NA,383
383,manufacture of motor vehicles,1957,0,1,1237.9772737571977,3380.2922200198045,52.578545415462735,7193.603257893655,254441714.50897363,135,1218,492285999.9999999,NA,197133000,137752000,335675000,68100,55700,386735000,NA,189602000,20.01457040637972,18.74096552494816,11.128732492137603,7.1049654482698426,7.121234095852457,3.9623081547019328,8.125717440367152,19.35458234811475,4,383
383,manufacture of motor vehicles,1958,0,1,1237.9772737571977,3380.2922200198045,52.578545415462735,7193.603257893655,254441714.50897363,175,1219,425034000,NA,192099000,141115000,265720000,71540,55556,474508000,NA,282409000,19.867679723688862,18.765085718756065,11.178012012813008,7.105786129481271,7.121234095852457,3.9623081547019328,8.125717440367152,19.35458234811475,5,383
383,manufacture of motor vehicles,1959,0,1,1237.9772737571977,3380.2922200198045,52.578545415462735,7193.603257893655,254441714.50897363,46,46,682500000,NA,NA,198900000,NA,34795,NA,349500000,NA,NA,20.34127308502339,19.1083127438242,10.45722897727895,3.828641396489095,7.121234095852457,3.9623081547019328,8.125717440367152,19.35458234811475,6,383
383,manufacture of motor vehicles,1960,0,1,1237.9772737571977,3380.2922200198045,52.578545415462735,7193.603257893655,254441714.50897363,57,57,1162930340,NA,299436327,281211137,783461554,48812,40447,572411888,NA,272975561,20.87420881187048,19.454616322379675,10.79573146325173,4.04305126783455,7.121234095852457,3.9623081547019328,8.125717440367152,19.35458234811475,7,383
383,manufacture of motor vehicles,1961,0,1,1237.9772737571977,3380.2922200198045,52.578545415462735,7193.603257893655,254441714.50897363,68,68,1361561688,NA,347229188,276674619,951851222,52837,44643,661726317,NA,314497129,21.031898177902207,19.43835271304722,10.874966981854165,4.219507705176107,7.121234095852457,3.9623081547019328,8.125717440367152,19.35458234811475,8,383
383,manufacture of motor vehicles,1962,0,1,1237.9772737571977,3380.2922200198045,52.578545415462735,7193.603257893655,254441714.50897363,92,92,1430967774,NA,402556528,345652474,822389133,58420,47597,700223823,NA,297667295,21.081616817351005,19.660944417859227,10.975413575941731,4.5217885770490405,7.121234095852457,3.9623081547019328,8.125717440367152,19.35458234811475,9,383
383,manufacture of motor vehicles,1963,0,1,1237.9772737571977,3380.2922200198045,52.578545415462735,7193.603257893655,254441714.50897363,103,104,1556623460,NA,462707470,402959229,983845292,62139,51332,766874393,NA,304086923,21.165784863685253,19.814345946058562,11.037129090123633,4.6443908991413725,7.121234095852457,3.9623081547019328,8.125717440367152,19.35458234811475,10,383
383,manufacture of motor vehicles,1964,0,1,1237.9772737571977,3380.2922200198045,52.578545415462735,7193.603257893655,254441714.50897363,140,140,2063141435,NA,675633832,544165230,1275732990,72656,57056,1057400496,NA,381766664,21.44749562661089,20.114763490320755,11.193491253337733,4.941642422609304,7.121234095852457,3.9623081547019328,8.125717440367152,19.35458234811475,11,383
383,manufacture of motor vehicles,1965,0,1,1237.9772737571977,3380.2922200198045,52.578545415462735,7193.603257893655,254441714.50897363,172,172,2525215376,NA,878020662,676647920,1527485082,84114,65148,1252597844,NA,374577182,21.64959219346186,20.332661636514725,11.339928300596592,5.147494476813453,7.121234095852457,3.9623081547019328,8.125717440367152,19.35458234811475,12,383
385,manufacture of motor cycles and bicycles,1951,0,0,1677.9161198285833,5411.163477173444,63.62773029439696,6758.554912533546,16548798.161936505,11,25,16891000,3960000,6225000,8518000,8351000.000000001,2300,1900,NA,2903000,5665000,16.642291493662484,15.957692129465295,7.7406644019172415,3.2188758248682006,7.425307897594497,4.153049386239128,8.59621940919402,16.621824038536378,1,385
385,manufacture of motor cycles and bicycles,1952,0,0,1677.9161198285833,5411.163477173444,63.62773029439696,6758.554912533546,16548798.161936505,11,39,25299000,5385000,11612000,11232000,13972000,2899,2386,NA,3403000,9569000,17.046275427224888,16.23427740524773,7.972121128921655,3.6635616461296463,7.425307897594497,4.153049386239128,8.59621940919402,16.621824038536378,2,385
385,manufacture of motor cycles and bicycles,1953,0,0,1677.9161198285833,5411.163477173444,63.62773029439696,6758.554912533546,16548798.161936505,17,54,29282000,5519000,15643000,13434000,15800000,3400,2900,NA,3901000,10160000,17.192483550735563,16.413299364808946,8.131530710604252,3.9889840465642745,7.425307897594497,4.153049386239128,8.59621940919402,16.621824038536378,3,385
385,manufacture of motor cycles and bicycles,1954,0,0,1677.9161198285833,5411.163477173444,63.62773029439696,6758.554912533546,16548798.161936505,NA,NA,NA,NA,NA,NA,NA,NA,NA,NA,NA,NA,NA,NA,NA,NA,7.425307897594497,4.153049386239128,8.59621940919402,16.621824038536378,NA,385
385,manufacture of motor cycles and bicycles,1955,0,0,1677.9161198285833,5411.163477173444,63.62773029439696,6758.554912533546,16548798.161936505,NA,NA,NA,NA,NA,NA,NA,NA,NA,NA,NA,NA,NA,NA,NA,NA,7.425307897594497,4.153049386239128,8.59621940919402,16.621824038536378,NA,385
385,manufacture of motor cycles and bicycles,1956,0,0,1677.9161198285833,5411.163477173444,63.62773029439696,6758.554912533546,16548798.161936505,NA,NA,NA,NA,NA,NA,NA,NA,NA,NA,NA,NA,NA,NA,NA,NA,7.425307897594497,4.153049386239128,8.59621940919402,16.621824038536378,NA,385
385,manufacture of motor cycles and bicycles,1957,0,1,1677.9161198285833,5411.163477173444,63.62773029439696,6758.554912533546,16548798.161936505,43,98,121800000,NA,37500000,43000000,72800000,11600,9300,55500000,NA,18000000,18.61789091324007,17.576710673657836,9.358760377094455,4.584967478670572,7.425307897594497,4.153049386239128,8.59621940919402,16.621824038536378,4,385
385,manufacture of motor cycles and bicycles,1958,0,1,1677.9161198285833,5411.163477173444,63.62773029439696,6758.554912533546,16548798.161936505,21,98,237518000,NA,57808000,60267000,171132000,22500,17600,122040000,NA,64232000,19.285753968040776,17.914295248212397,10.021270588192511,4.584967478670572,7.425307897594497,4.153049386239128,8.59621940919402,16.621824038536378,5,385
385,manufacture of motor cycles and bicycles,1959,0,1,1677.9161198285833,5411.163477173444,63.62773029439696,6758.554912533546,16548798.161936505,62,63,162324000,NA,NA,43516000,NA,14623,NA,99398000,NA,NA,18.90510489585933,17.58863924452311,9.590350910611878,4.143134726391533,7.425307897594497,4.153049386239128,8.59621940919402,16.621824038536378,6,385
385,manufacture of motor cycles and bicycles,1960,0,1,1677.9161198285833,5411.163477173444,63.62773029439696,6758.554912533546,16548798.161936505,80,91,248095496,NA,92633983,69961921,157434903,17662,14925,132609478,NA,39975495,19.32932429452707,18.063461666285438,9.779170718028748,4.51085950651685,7.425307897594497,4.153049386239128,8.59621940919402,16.621824038536378,7,385
385,manufacture of motor cycles and bicycles,1961,0,1,1677.9161198285833,5411.163477173444,63.62773029439696,6758.554912533546,16548798.161936505,85,109,239404926,NA,100973273,60846777,160074418,17425,15553,147810836,NA,44402563,19.293666927317556,17.923869409684446,9.765661235628725,4.6913478822291435,7.425307897594497,4.153049386239128,8.59621940919402,16.621824038536378,8,385
385,manufacture of motor cycles and bicycles,1962,0,1,1677.9161198285833,5411.163477173444,63.62773029439696,6758.554912533546,16548798.161936505,98,128,280763834,NA,116060810,67506852,180061204,19276,17100,197224801,NA,81163991,19.453024425524678,18.027739661801967,9.866616077760224,4.852030263919617,7.425307897594497,4.153049386239128,8.59621940919402,16.621824038536378,9,385
385,manufacture of motor cycles and bicycles,1963,0,1,1677.9161198285833,5411.163477173444,63.62773029439696,6758.554912533546,16548798.161936505,126,146,334692636,NA,149029610,84226871,209954434,20642,18171,240541674,NA,86562064,19.628723164146862,18.24902456131707,9.935083114125879,4.983606621708336,7.425307897594497,4.153049386239128,8.59621940919402,16.621824038536378,10,385
385,manufacture of motor cycles and bicycles,1964,0,1,1677.9161198285833,5411.163477173444,63.62773029439696,6758.554912533546,16548798.161936505,128,153,432338582,NA,157142877,100390002,281360350,23386,19222,251358063,NA,94215186,19.88471959386274,18.424573178590013,10.059892831700264,5.030437921392435,7.425307897594497,4.153049386239128,8.59621940919402,16.621824038536378,11,385
385,manufacture of motor cycles and bicycles,1965,0,1,1677.9161198285833,5411.163477173444,63.62773029439696,6758.554912533546,16548798.161936505,118,143,503953640,NA,161400471,121508064,330126524,24692,20101,261052158,NA,99651687,20.03799483767786,18.61549118891283,10.114234583513786,4.962844630259907,7.425307897594497,4.153049386239128,8.59621940919402,16.621824038536378,12,385
386,manufacture of aircraft,1951,0,0,1893.7486778933953,2825.1261438588945,359.9477124183007,4260.835012330142,25789847.61761064,4,16,21354000,18029000,12302000,11101000,10254000,9700,7200,NA,13617000,26009000,16.876749633720383,16.222545752314783,9.179881164491475,2.772588722239781,7.546313571115334,5.88595877761883,7.946308295277054,17.06549146925576,1,386
386,manufacture of aircraft,1952,0,0,1893.7486778933953,2825.1261438588945,359.9477124183007,4260.835012330142,25789847.61761064,4,17,38974000,18813000,13884000,13780000,24967000,11029,6174,NA,9048000,54146000,17.478405315106215,16.438728823549788,9.308283446306147,2.833213344056216,7.546313571115334,5.88595877761883,7.946308295277054,17.06549146925576,2,386
386,manufacture of aircraft,1953,0,0,1893.7486778933953,2825.1261438588945,359.9477124183007,4260.835012330142,25789847.61761064,5,21,42897000,17422000,15213000,18955000,23706000,10100,5600,NA,8487000,46275000,17.574312451383094,16.757578306932572,9.22029070282935,3.044522437723423,7.546313571115334,5.88595877761883,7.946308295277054,17.06549146925576,3,386
386,manufacture of aircraft,1954,0,0,1893.7486778933953,2825.1261438588945,359.9477124183007,4260.835012330142,25789847.61761064,NA,NA,NA,NA,NA,NA,NA,NA,NA,NA,NA,NA,NA,NA,NA,NA,7.546313571115334,5.88595877761883,7.946308295277054,17.06549146925576,NA,386
386,manufacture of aircraft,1955,0,0,1893.7486778933953,2825.1261438588945,359.9477124183007,4260.835012330142,25789847.61761064,NA,NA,NA,NA,NA,NA,NA,NA,NA,NA,NA,NA,NA,NA,NA,NA,7.546313571115334,5.88595877761883,7.946308295277054,17.06549146925576,NA,386
386,manufacture of aircraft,1956,0,0,1893.7486778933953,2825.1261438588945,359.9477124183007,4260.835012330142,25789847.61761064,NA,NA,NA,NA,NA,NA,NA,NA,NA,NA,NA,NA,NA,NA,NA,NA,7.546313571115334,5.88595877761883,7.946308295277054,17.06549146925576,NA,386
386,manufacture of aircraft,1957,0,1,1893.7486778933953,2825.1261438588945,359.9477124183007,4260.835012330142,25789847.61761064,14,16,46100000,NA,13200000,23900000,17100000,6100,4100,72200000,NA,59000000,17.646323507966876,16.98938901690174,8.716044050161402,2.772588722239781,7.546313571115334,5.88595877761883,7.946308295277054,17.06549146925576,4,386
386,manufacture of aircraft,1958,0,1,1893.7486778933953,2825.1261438588945,359.9477124183007,4260.835012330142,25789847.61761064,10,16,44765000,NA,7537000,24373000,18028000,5200,3900,37344000,NA,29807000,17.616937142050393,17.008986520199745,8.556413904569519,2.772588722239781,7.546313571115334,5.88595877761883,7.946308295277054,17.06549146925576,5,386
386,manufacture of aircraft,1959,0,1,1893.7486778933953,2825.1261438588945,359.9477124183007,4260.835012330142,25789847.61761064,20,20,54671000,NA,NA,29727000,NA,5562,NA,155836000,NA,NA,17.81684396227148,17.207566281709145,8.62371303479391,2.995732273553991,7.546313571115334,5.88595877761883,7.946308295277054,17.06549146925576,6,386
386,manufacture of aircraft,1960,0,1,1893.7486778933953,2825.1261438588945,359.9477124183007,4260.835012330142,25789847.61761064,20,20,65324727,NA,43683203,28138752,28035827,6363,4804,166629416,NA,122946213,17.99488119025774,17.15265825898687,8.758255243232792,2.995732273553991,7.546313571115334,5.88595877761883,7.946308295277054,17.06549146925576,7,386
386,manufacture of aircraft,1961,0,1,1893.7486778933953,2825.1261438588945,359.9477124183007,4260.835012330142,25789847.61761064,21,21,60510280,NA,45177867,28312953,23128726,5826,4283,179112214,NA,133935347,17.918323825922123,17.15882996107953,8.67008593751938,3.044522437723423,7.546313571115334,5.88595877761883,7.946308295277054,17.06549146925576,8,386
386,manufacture of aircraft,1962,0,1,1893.7486778933953,2825.1261438588945,359.9477124183007,4260.835012330142,25789847.61761064,21,21,92047316,NA,46379460,41814850,21118164,6568,4591,217361616,NA,170982156,18.337813307151986,17.548762097561866,8.789964651132264,3.044522437723423,7.546313571115334,5.88595877761883,7.946308295277054,17.06549146925576,9,386
386,manufacture of aircraft,1963,0,1,1893.7486778933953,2825.1261438588945,359.9477124183007,4260.835012330142,25789847.61761064,21,23,60598612,NA,41785784,31897374,19750615,5126,3634,232458612,NA,190124828,17.919782546486807,17.278034244617402,8.542080906924017,3.1354942159291497,7.546313571115334,5.88595877761883,7.946308295277054,17.06549146925576,10,386
386,manufacture of aircraft,1964,0,1,1893.7486778933953,2825.1261438588945,359.9477124183007,4260.835012330142,25789847.61761064,21,23,89843038,NA,58529617,45500093,30744760,6141,4708,310266902,NA,251737285,18.31357468349503,17.633224927875133,8.722742874329398,3.1354942159291497,7.546313571115334,5.88595877761883,7.946308295277054,17.06549146925576,11,386
386,manufacture of aircraft,1965,0,1,1893.7486778933953,2825.1261438588945,359.9477124183007,4260.835012330142,25789847.61761064,24,25,135287522,NA,80941508,66721427,51116771,10135,6919,382727438,NA,301785930,18.722912864202176,18.016036703675734,9.2237500588861,3.2188758248682006,7.546313571115334,5.88595877761883,7.946308295277054,17.06549146925576,12,386
511,"electric power, gas manufacture and distribution",1951,0,0,1350.085886609206,8951.265972208748,88.33708714724787,6312.855002136085,211944151.2275163,30,347,251552000,41424000,1157734000,151552000,99269000,30000,25000,NA,27036000,52613000,19.34316028557562,18.836439358345704,10.308952660644293,5.849324779946859,7.20792348911935,4.481160032421762,9.099550250674675,19.17183336032445,1,511
511,"electric power, gas manufacture and distribution",1952,0,0,1350.085886609206,8951.265972208748,88.33708714724787,6312.855002136085,211944151.2275163,30,361,471433000,96155000,1490280000,264720000,205412000,57416.99999999999,35765,NA,43168000,311579000,19.971287550258804,19.39418322157763,10.958095705706183,5.8888779583328805,7.20792348911935,4.481160032421762,9.099550250674675,19.17183336032445,2,511
511,"electric power, gas manufacture and distribution",1953,0,0,1350.085886609206,8951.265972208748,88.33708714724787,6312.855002136085,211944151.2275163,35,393,564486000,100750000,1819106000,343313000,181635000,56800,36900,NA,42655000,346068000,20.151426140537858,19.654153125465108,10.947291604709243,5.973809611869261,7.20792348911935,4.481160032421762,9.099550250674675,19.17183336032445,3,511
511,"electric power, gas manufacture and distribution",1954,0,0,1350.085886609206,8951.265972208748,88.33708714724787,6312.855002136085,211944151.2275163,NA,NA,NA,NA,NA,NA,NA,NA,NA,NA,NA,NA,NA,NA,NA,NA,7.20792348911935,4.481160032421762,9.099550250674675,19.17183336032445,NA,511
511,"electric power, gas manufacture and distribution",1955,0,0,1350.085886609206,8951.265972208748,88.33708714724787,6312.855002136085,211944151.2275163,NA,NA,NA,NA,NA,NA,NA,NA,NA,NA,NA,NA,NA,NA,NA,NA,7.20792348911935,4.481160032421762,9.099550250674675,19.17183336032445,NA,511
511,"electric power, gas manufacture and distribution",1956,0,0,1350.085886609206,8951.265972208748,88.33708714724787,6312.855002136085,211944151.2275163,NA,NA,NA,NA,NA,NA,NA,NA,NA,NA,NA,NA,NA,NA,NA,NA,7.20792348911935,4.481160032421762,9.099550250674675,19.17183336032445,NA,511
511,"electric power, gas manufacture and distribution",1957,0,1,1350.085886609206,8951.265972208748,88.33708714724787,6312.855002136085,211944151.2275163,100,431,536000000,NA,929900000,198400000,270200000,34800,22900,990300000,NA,60400000,20.099644719035076,19.105795752815048,10.457372665762566,6.066108090103747,7.20792348911935,4.481160032421762,9.099550250674675,19.17183336032445,4,511
511,"electric power, gas manufacture and distribution",1958,0,1,1350.085886609206,8951.265972208748,88.33708714724787,6312.855002136085,211944151.2275163,92,435,752262000,NA,983501000,343777000,385448000,33024,23013,1033076000,NA,50015000,20.438595225490765,19.655503749315066,10.404989848841234,6.075346031088684,7.20792348911935,4.481160032421762,9.099550250674675,19.17183336032445,5,511
511,"electric power, gas manufacture and distribution",1959,0,1,1350.085886609206,8951.265972208748,88.33708714724787,6312.855002136085,211944151.2275163,216,510,880700000,NA,NA,321587000,NA,51570,NA,2100601000,NA,NA,20.596227603775688,19.588778671566487,10.850695387045004,6.234410725718371,7.20792348911935,4.481160032421762,9.099550250674675,19.17183336032445,6,511
511,"electric power, gas manufacture and distribution",1960,0,1,1350.085886609206,8951.265972208748,88.33708714724787,6312.855002136085,211944151.2275163,203,536,845959516,NA,1926327817,300170118,441098710,51398,36818,2041822052,NA,115494235,20.55598206299759,19.519859931902708,10.847354540180387,6.284134161070802,7.20792348911935,4.481160032421762,9.099550250674675,19.17183336032445,7,511
511,"electric power, gas manufacture and distribution",1961,0,1,1350.085886609206,8951.265972208748,88.33708714724787,6312.855002136085,211944151.2275163,211,563,1204704724,NA,2542029838,447509393,643559026,52431,37707,2775553262,NA,211562424,20.909500331537604,19.91920808540303,10.867253298434472,6.333279628139691,7.20792348911935,4.481160032421762,9.099550250674675,19.17183336032445,8,511
511,"electric power, gas manufacture and distribution",1962,0,1,1350.085886609206,8951.265972208748,88.33708714724787,6312.855002136085,211944151.2275163,484,485,1304858157,NA,3211217661,434289991,679747747,98526,62352,3693961474,NA,482743483,20.989360179859645,19.88922305095811,11.498075751719892,6.184148890937483,7.20792348911935,4.481160032421762,9.099550250674675,19.17183336032445,9,511
511,"electric power, gas manufacture and distribution",1963,0,1,1350.085886609206,8951.265972208748,88.33708714724787,6312.855002136085,211944151.2275163,353,356,2123058062,NA,4981713188,788104331,1019513811,159443,115398,6156190299,NA,1172283111,21.476123368327936,20.485141038804272,11.979441770565154,5.87493073085203,7.20792348911935,4.481160032421762,9.099550250674675,19.17183336032445,10,511
511,"electric power, gas manufacture and distribution",1964,0,1,1350.085886609206,8951.265972208748,88.33708714724787,6312.855002136085,211944151.2275163,362,367,2955673964,NA,12239370914,1233052022,1306018241,261861,189182,13636191945,NA,1396821031,21.806992537602863,20.93275825164167,12.475569107608944,5.905361848054571,7.20792348911935,4.481160032421762,9.099550250674675,19.17183336032445,11,511
511,"electric power, gas manufacture and distribution",1965,0,1,1350.085886609206,8951.265972208748,88.33708714724787,6312.855002136085,211944151.2275163,375,385,3601428294,NA,16998349532,1397875590,1667274835,280392,203186,19228520171,NA,2230170639,22.004596352057998,21.05821948538175,12.543943903065093,5.953243334287785,7.20792348911935,4.481160032421762,9.099550250674675,19.17183336032445,12,511
