Sector Code,Industrial Sector,Year,targeted,Post,GO,GVA,Fixed_Capital,Working_Capital,Number_of_Factories,Factory_Sample,Number_of_Employees,Number_of_Workers,Material_Input,Productive_Capital,Worker_wage,Employee_Wage,ln_GO,ln_GVA,ln_mat_input,ln_employees,ln_factories,ln_workers,ln_fixed_capital,ln_working_capital,working_capital_share,godiff,gvadiff,factorydiff,workerdiff,matinputdiff,employeediff,fixedcapitaldiff,workingcapitaldiff
1,wheat flour,1951,0,0,191551000,10649000,22323000,15888000,169,40,5600,4100,180183000,NA,3625000,6074000,19.070664649666348,16.18097654899752,19.009483559065607,8.630521876723241,5.1298987149230735,8.318742252692399,16.921128095047507,16.581074665267092,0.4157964983905158,NA,NA,NA,NA,NA,NA,NA,NA
1,wheat flour,1952,0,0,229424000,16804000,29376000,26676000,154,38,6614,5279,212537000,NA,4365000,7273999.999999999,19.251082377936957,16.63712751127141,19.174626648819086,8.796943893541737,5.0369526024136295,8.571491964823617,17.195688572402354,17.099274842734335,0.47591522157996147,0.18041772827060854,0.4561509622738882,-0.09294611250944396,0.25274971213121766,0.16514308975347802,0.16642201681849578,0.27456047735484646,0.5182001774672429
1,wheat flour,1953,0,0,242650000,16128000,24266000,21177000,174,43,5900,4600,226390000,NA,3902000,6938000,19.3071306338155,16.596067449853233,19.23776973370649,8.68270762989381,5.159055299214529,8.433811582477187,17.004586751593955,16.86842624504572,0.4660123671412539,0.056048255878543785,-0.04106006141817531,0.12210269680089958,-0.13768038234642965,0.06314308488740394,-0.1142362636479266,-0.19110182080839877,-0.23084859768861676
1,wheat flour,1954,0,0,NA,NA,NA,NA,NA,NA,NA,NA,NA,NA,NA,NA,NA,NA,NA,NA,NA,NA,NA,NA,NA,NA,NA,NA,NA,NA,NA,NA,NA
1,wheat flour,1955,0,0,NA,NA,NA,NA,NA,NA,NA,NA,NA,NA,NA,NA,NA,NA,NA,NA,NA,NA,NA,NA,NA,NA,NA,NA,NA,NA,NA,NA,NA
1,wheat flour,1956,0,0,NA,NA,NA,NA,NA,NA,NA,NA,NA,NA,NA,NA,NA,NA,NA,NA,NA,NA,NA,NA,NA,NA,NA,NA,NA,NA,NA,NA,NA
1,wheat flour,1957,0,1,403000000,29400000,23700000,24100000,243,44,7700,5900,363200000,47800000,NA,NA,19.81444711991096,17.19650523230891,19.710464204691412,8.948975607841776,5.493061443340548,8.68270762989381,16.98098560610536,16.997722398460883,0.50418410041841,NA,NA,NA,NA,NA,NA,NA,NA
1,wheat flour,1958,0,1,618219000,44234000,60968000,36975000,243,36,11700,9000,565590000,97943000,NA,NA,20.242353321580165,17.605004282110805,20.153379992050876,9.367344120785848,5.493061443340548,9.104979856318357,17.92585969432809,17.425752566561137,0.3775154937055226,0.4279062016692059,0.4084990498018968,0,0.4222722264245462,0.442915787359464,0.4183685129440722,0.9448740882227291,0.4280301681002534
1,wheat flour,1959,0,1,NA,NA,NA,NA,NA,NA,NA,NA,NA,NA,NA,NA,NA,NA,NA,NA,NA,NA,NA,NA,NA,NA,NA,NA,NA,NA,NA,NA,NA
1,wheat flour,1960,0,1,NA,NA,NA,NA,NA,NA,NA,NA,NA,NA,NA,NA,NA,NA,NA,NA,NA,NA,NA,NA,NA,NA,NA,NA,NA,NA,NA,NA,NA
1,wheat flour,1961,0,1,NA,NA,NA,NA,NA,NA,NA,NA,NA,NA,NA,NA,NA,NA,NA,NA,NA,NA,NA,NA,NA,NA,NA,NA,NA,NA,NA,NA,NA
1,wheat flour,1962,0,1,NA,NA,NA,NA,NA,NA,NA,NA,NA,NA,NA,NA,NA,NA,NA,NA,NA,NA,NA,NA,NA,NA,NA,NA,NA,NA,NA,NA,NA
1,wheat flour,1963,0,1,NA,NA,NA,NA,NA,NA,NA,NA,NA,NA,NA,NA,NA,NA,NA,NA,NA,NA,NA,NA,NA,NA,NA,NA,NA,NA,NA,NA,NA
1,wheat flour,1964,0,1,NA,NA,NA,NA,NA,NA,NA,NA,NA,NA,NA,NA,NA,NA,NA,NA,NA,NA,NA,NA,NA,NA,NA,NA,NA,NA,NA,NA,NA
1,wheat flour,1965,0,1,NA,NA,NA,NA,NA,NA,NA,NA,NA,NA,NA,NA,NA,NA,NA,NA,NA,NA,NA,NA,NA,NA,NA,NA,NA,NA,NA,NA,NA
10,soap,1951,0,0,220110000,52349000,30183000,63829000,103,43,8000,6900,167634000,NA,8150999.999999999,10848000,19.209637979358288,17.77344339290162,18.93729358939996,8.987196820661973,4.634728988229636,8.83927669058535,17.222789409942298,17.97171819049507,0.6789452410330596,NA,NA,NA,NA,NA,NA,NA,NA
10,soap,1952,0,0,246170000,84438000,39594000,67061000,80,26,10475,8233,161649000,NA,10340000,16422000,19.32153291213733,18.25152809520676,18.90093787591182,9.25674674479034,4.382026634673881,9.015905747298426,17.494188149593615,18.02111321091026,0.6287656462425578,0.11189493277904106,0.47808470230513933,-0.25270235355575466,0.17662905671307527,-0.036355713488141816,0.2695499241283663,0.27139873965131756,0.04939502041519006
10,soap,1953,0,0,209906000,57584000,42555000,59255999.99999999,73,26,9700,8000,152182000,NA,9998000,16428000,19.162170369422814,17.868755309300948,18.84058773095774,9.179881164491475,4.290459441148391,8.987196820661973,17.566307914893198,17.897377598675263,0.5820196245985207,-0.1593625427145149,-0.38277278590581076,-0.09156719352549025,-0.02870892663645286,-0.060350144954078644,-0.0768655802988647,0.07211976529958264,-0.12373561223499863
10,soap,1954,0,0,NA,NA,NA,NA,NA,NA,NA,NA,NA,NA,NA,NA,NA,NA,NA,NA,NA,NA,NA,NA,NA,NA,NA,NA,NA,NA,NA,NA,NA
10,soap,1955,0,0,NA,NA,NA,NA,NA,NA,NA,NA,NA,NA,NA,NA,NA,NA,NA,NA,NA,NA,NA,NA,NA,NA,NA,NA,NA,NA,NA,NA,NA
10,soap,1956,0,0,NA,NA,NA,NA,NA,NA,NA,NA,NA,NA,NA,NA,NA,NA,NA,NA,NA,NA,NA,NA,NA,NA,NA,NA,NA,NA,NA,NA,NA
10,soap,1957,0,1,330400000,66900000,45400000,55600000,63,25,8200,6900,253100000,101000000,NA,NA,19.6158145996111,18.01870952509846,19.349295225515352,9.011889433252344,4.143134726391533,8.83927669058535,17.631022663011578,17.83369375922081,0.5504950495049505,NA,NA,NA,NA,NA,NA,NA,NA
10,soap,1958,0,1,200539000,52987000,32151000,48472000,105,40,7538,5808,142234000,82755000,NA,NA,19.116519299511268,17.78555715841073,18.772984146612952,8.92771217382708,4.653960350157523,8.666991556504632,17.285954112363243,17.69649686960696,0.6012180147104424,-0.49929530009983125,-0.23315236668772954,0.5108256237659905,-0.17228513408071855,-0.5763110789023997,-0.08417725942526388,-0.3450685506483353,-0.13719688961385046
10,soap,1959,0,1,NA,NA,NA,NA,NA,NA,NA,NA,NA,NA,NA,NA,NA,NA,NA,NA,NA,NA,NA,NA,NA,NA,NA,NA,NA,NA,NA,NA,NA
10,soap,1960,0,1,NA,NA,NA,NA,NA,NA,NA,NA,NA,NA,NA,NA,NA,NA,NA,NA,NA,NA,NA,NA,NA,NA,NA,NA,NA,NA,NA,NA,NA
10,soap,1961,0,1,NA,NA,NA,NA,NA,NA,NA,NA,NA,NA,NA,NA,NA,NA,NA,NA,NA,NA,NA,NA,NA,NA,NA,NA,NA,NA,NA,NA,NA
10,soap,1962,0,1,NA,NA,NA,NA,NA,NA,NA,NA,NA,NA,NA,NA,NA,NA,NA,NA,NA,NA,NA,NA,NA,NA,NA,NA,NA,NA,NA,NA,NA
10,soap,1963,0,1,NA,NA,NA,NA,NA,NA,NA,NA,NA,NA,NA,NA,NA,NA,NA,NA,NA,NA,NA,NA,NA,NA,NA,NA,NA,NA,NA,NA,NA
10,soap,1964,0,1,NA,NA,NA,NA,NA,NA,NA,NA,NA,NA,NA,NA,NA,NA,NA,NA,NA,NA,NA,NA,NA,NA,NA,NA,NA,NA,NA,NA,NA
10,soap,1965,0,1,NA,NA,NA,NA,NA,NA,NA,NA,NA,NA,NA,NA,NA,NA,NA,NA,NA,NA,NA,NA,NA,NA,NA,NA,NA,NA,NA,NA,NA
11,tanning,1951,0,0,328780000,41202000,16906000,68275000,373,39,23000,19700,287575000,NA,14219000,19699000,19.61089939204564,17.53399735683087,19.476994253746348,10.043249494911286,5.921578419643816,9.88837391472608,16.64317914647101,18.039054225324044,0.8015285098789636,NA,NA,NA,NA,NA,NA,NA,NA
11,tanning,1952,0,0,79853000,15523000,10703000,20749000,133,32,8349,7195.999999999999,64261000,NA,4851000,7067000,18.19569800236413,16.55783335300858,17.97846347331117,9.029897050194,4.890349128221754,8.881280595070423,16.186034633966514,16.84800861070859,0.6597036754419433,-1.4152013896815099,-0.9761640038222907,-1.0312292914220622,-1.007093319655656,-1.4985307804351784,-1.0133524447172864,-0.4571445125044953,-1.1910456146154544
11,tanning,1953,0,0,93636000,20402000,11880000,28385000,188,47,10300,9000,73223000,NA,6628000,8626000,18.354925482886898,16.8311434932246,18.109020137228928,9.239899174217728,5.236441962829949,9.104979856318357,16.290366871898772,17.161371394586965,0.7049546752762945,0.15922748052276958,0.2733101402160223,0.3460928346081955,0.22369926124793338,0.13055666391775844,0.21000212402372753,0.10433223793225821,0.31336278387837524
11,tanning,1954,0,0,NA,NA,NA,NA,NA,NA,NA,NA,NA,NA,NA,NA,NA,NA,NA,NA,NA,NA,NA,NA,NA,NA,NA,NA,NA,NA,NA,NA,NA
11,tanning,1955,0,0,NA,NA,NA,NA,NA,NA,NA,NA,NA,NA,NA,NA,NA,NA,NA,NA,NA,NA,NA,NA,NA,NA,NA,NA,NA,NA,NA,NA,NA
11,tanning,1956,0,0,NA,NA,NA,NA,NA,NA,NA,NA,NA,NA,NA,NA,NA,NA,NA,NA,NA,NA,NA,NA,NA,NA,NA,NA,NA,NA,NA,NA,NA
11,tanning,1957,0,1,267851000,40819000,27159000,13963000,443,98,21900,18300,222101000,41122000,NA,NA,19.405941413717166,17.5246582172507,19.218642791330883,9.994241915804592,6.093569770045136,9.814656338829513,17.117219041125686,16.45192153192433,0.3395506055152959,NA,NA,NA,NA,NA,NA,NA,NA
11,tanning,1958,0,1,199950000,25106000,17650000,23417000,443,59,16271,13357,160604000,54429000,NA,NA,19.1135778932571,17.03861741936029,18.894452265767022,9.69713966113932,6.093569770045136,9.499795870977106,16.68624634134358,16.96897281228415,0.5702145274794848,-0.2923635204600643,-0.48604079789041066,0,-0.31486046785240696,-0.32419052556386063,-0.2971022546652726,-0.4309726997821066,0.5170512803598193
11,tanning,1959,0,1,NA,NA,NA,NA,NA,NA,NA,NA,NA,NA,NA,NA,NA,NA,NA,NA,NA,NA,NA,NA,NA,NA,NA,NA,NA,NA,NA,NA,NA
11,tanning,1960,0,1,NA,NA,NA,NA,NA,NA,NA,NA,NA,NA,NA,NA,NA,NA,NA,NA,NA,NA,NA,NA,NA,NA,NA,NA,NA,NA,NA,NA,NA
11,tanning,1961,0,1,NA,NA,NA,NA,NA,NA,NA,NA,NA,NA,NA,NA,NA,NA,NA,NA,NA,NA,NA,NA,NA,NA,NA,NA,NA,NA,NA,NA,NA
11,tanning,1962,0,1,NA,NA,NA,NA,NA,NA,NA,NA,NA,NA,NA,NA,NA,NA,NA,NA,NA,NA,NA,NA,NA,NA,NA,NA,NA,NA,NA,NA,NA
11,tanning,1963,0,1,NA,NA,NA,NA,NA,NA,NA,NA,NA,NA,NA,NA,NA,NA,NA,NA,NA,NA,NA,NA,NA,NA,NA,NA,NA,NA,NA,NA,NA
11,tanning,1964,0,1,NA,NA,NA,NA,NA,NA,NA,NA,NA,NA,NA,NA,NA,NA,NA,NA,NA,NA,NA,NA,NA,NA,NA,NA,NA,NA,NA,NA,NA
11,tanning,1965,0,1,NA,NA,NA,NA,NA,NA,NA,NA,NA,NA,NA,NA,NA,NA,NA,NA,NA,NA,NA,NA,NA,NA,NA,NA,NA,NA,NA,NA,NA
12,cement,1951,1,0,218668000,106714000,124178000,65398000,19,19,17600,15000,110410000,NA,17193000,23254000,19.20306515578264,18.485662916662022,18.51971126741532,9.775654181026242,2.9444389791664403,9.615805480084347,18.637226578118238,17.996002234920063,0.34496982740431276,NA,NA,NA,NA,NA,NA,NA,NA
12,cement,1952,1,0,229893000,99133000,123916000,84884000,19,19,14089,11168,130035000,NA,13253000,23672000,19.25312454124898,18.411972940841785,18.68331420295299,9.553149630053277,2.9444389791664403,9.320807825002154,18.635114474662306,18.256796176513078,0.40653256704980845,0.0500593854663407,-0.07368997582023695,0,-0.29499765508219333,0.1636029355376678,-0.22250455097296573,-0.002112103455932157,0.2607939415930147
12,cement,1953,1,0,213726000,87266000,136679000,86341000,19,19,13500,11300,126226000,NA,14197000,25328000,19.18020537877544,18.28447148332338,18.653584509038737,9.51044496442652,2.9444389791664403,9.332558004700433,18.73314566882522,18.273815130141745,0.38714465070397275,-0.07291916247353925,-0.12750145751840591,0,0.011750179698278629,-0.029729693914251953,-0.04270466562675601,0.09803119416291395,0.017018953628667788
12,cement,1954,1,0,NA,NA,NA,NA,NA,NA,NA,NA,NA,NA,NA,NA,NA,NA,NA,NA,NA,NA,NA,NA,NA,NA,NA,NA,NA,NA,NA,NA,NA
12,cement,1955,1,0,NA,NA,NA,NA,NA,NA,NA,NA,NA,NA,NA,NA,NA,NA,NA,NA,NA,NA,NA,NA,NA,NA,NA,NA,NA,NA,NA,NA,NA
12,cement,1956,1,0,NA,NA,NA,NA,NA,NA,NA,NA,NA,NA,NA,NA,NA,NA,NA,NA,NA,NA,NA,NA,NA,NA,NA,NA,NA,NA,NA,NA,NA
12,cement,1957,1,1,342100000,112900000,306900000,60100000,27,27,26400,22100,203600000,367000000,NA,NA,19.650613649947832,18.54201302911989,19.131667842640642,10.181119289134408,3.295836866004329,10.003332887505843,19.542032519589963,17.911520399505434,0.16376021798365123,NA,NA,NA,NA,NA,NA,NA,NA
12,cement,1958,1,1,360670000,121698000,248135000,62775000,27,27,23800,19500,214542000,310910000,NA,NA,19.703473970804062,18.61705312396898,19.184016081361012,10.077440859659566,3.295836866004329,9.878169744551839,19.329483510860616,17.95506746300792,0.20190730436460713,0.05286032085622949,0.07504009484908991,0,-0.12516314295400477,0.05234823872036998,-0.10367842947484185,-0.21254900872934712,0.04354706350248705
12,cement,1959,1,1,NA,NA,NA,NA,NA,NA,NA,NA,NA,NA,NA,NA,NA,NA,NA,NA,NA,NA,NA,NA,NA,NA,NA,NA,NA,NA,NA,NA,NA
12,cement,1960,1,1,NA,NA,NA,NA,NA,NA,NA,NA,NA,NA,NA,NA,NA,NA,NA,NA,NA,NA,NA,NA,NA,NA,NA,NA,NA,NA,NA,NA,NA
12,cement,1961,1,1,NA,NA,NA,NA,NA,NA,NA,NA,NA,NA,NA,NA,NA,NA,NA,NA,NA,NA,NA,NA,NA,NA,NA,NA,NA,NA,NA,NA,NA
12,cement,1962,1,1,NA,NA,NA,NA,NA,NA,NA,NA,NA,NA,NA,NA,NA,NA,NA,NA,NA,NA,NA,NA,NA,NA,NA,NA,NA,NA,NA,NA,NA
12,cement,1963,1,1,NA,NA,NA,NA,NA,NA,NA,NA,NA,NA,NA,NA,NA,NA,NA,NA,NA,NA,NA,NA,NA,NA,NA,NA,NA,NA,NA,NA,NA
12,cement,1964,1,1,NA,NA,NA,NA,NA,NA,NA,NA,NA,NA,NA,NA,NA,NA,NA,NA,NA,NA,NA,NA,NA,NA,NA,NA,NA,NA,NA,NA,NA
12,cement,1965,1,1,NA,NA,NA,NA,NA,NA,NA,NA,NA,NA,NA,NA,NA,NA,NA,NA,NA,NA,NA,NA,NA,NA,NA,NA,NA,NA,NA,NA,NA
13,glass and glassware,1951,0,0,66813000,27850000,35625000,16564000,221,44,29400,26300,38700000,NA,16097000,20281000,18.017408230351098,17.142343524337566,17.47135015800001,10.288749953326773,5.3981627015177525,10.177324218165856,17.388558196553088,16.622742223647595,0.31738488953610916,NA,NA,NA,NA,NA,NA,NA,NA
13,glass and glassware,1952,0,0,65004999.99999999,24512000,60083000,23112000,181,41,31072,28490,40341000,NA,17532000,22093000,17.989974747978405,17.014673351522454,17.512878879474115,10.344062371091052,5.198497031265826,10.257308427491955,17.911237497595625,16.955862521128207,0.2778051565598894,-0.027433482372693163,-0.12767017281511173,-0.19966567025192639,0.07998420932609918,0.04152872147410491,0.055312417764278976,0.5226793010425368,0.3331202974806118
13,glass and glassware,1953,0,0,91212000,40510000,68556000,24913000,166,40,25000,23100,50701000,NA,19118000,22825000,18.32869702533618,17.517059415178874,17.741456192232775,10.126631103850338,5.111987788356544,10.047587896509885,18.0431614874946,17.030900313547644,0.26653756860563393,0.3387222773577747,0.5023860636564201,-0.08650924290928241,-0.20972053098206977,0.22857731275865945,-0.21743126724071438,0.1319239898989757,0.07503779241943676
13,glass and glassware,1954,0,0,NA,NA,NA,NA,NA,NA,NA,NA,NA,NA,NA,NA,NA,NA,NA,NA,NA,NA,NA,NA,NA,NA,NA,NA,NA,NA,NA,NA,NA
13,glass and glassware,1955,0,0,NA,NA,NA,NA,NA,NA,NA,NA,NA,NA,NA,NA,NA,NA,NA,NA,NA,NA,NA,NA,NA,NA,NA,NA,NA,NA,NA,NA,NA
13,glass and glassware,1956,0,0,NA,NA,NA,NA,NA,NA,NA,NA,NA,NA,NA,NA,NA,NA,NA,NA,NA,NA,NA,NA,NA,NA,NA,NA,NA,NA,NA,NA,NA
13,glass and glassware,1957,0,1,107600000,43400000,45000000,10900000,127,112,31000,29200,57200000,55900000,NA,NA,18.493931205691958,17.585969999070635,17.862064456350026,10.341742483467284,4.844187086458591,10.281923988256374,17.622173047734595,16.204273347199372,0.19499105545617174,NA,NA,NA,NA,NA,NA,NA,NA
13,glass and glassware,1958,0,1,164179000,65415000,60466000,24581000,228,82,39363,35514,87177000,96448000,NA,NA,18.916467853989978,17.996262147927112,18.283451092620144,10.580581567773825,5.429345628954441,10.47768226391878,17.917591781558098,17.01748434475712,0.2890284195797618,0.4225366482980206,0.41029214885647747,0.5851585424958499,0.19575827566240633,0.4213866362701175,0.23883908430654088,0.29541873382350303,0.8132109975577464
13,glass and glassware,1959,0,1,NA,NA,NA,NA,NA,NA,NA,NA,NA,NA,NA,NA,NA,NA,NA,NA,NA,NA,NA,NA,NA,NA,NA,NA,NA,NA,NA,NA,NA
13,glass and glassware,1960,0,1,NA,NA,NA,NA,NA,NA,NA,NA,NA,NA,NA,NA,NA,NA,NA,NA,NA,NA,NA,NA,NA,NA,NA,NA,NA,NA,NA,NA,NA
13,glass and glassware,1961,0,1,NA,NA,NA,NA,NA,NA,NA,NA,NA,NA,NA,NA,NA,NA,NA,NA,NA,NA,NA,NA,NA,NA,NA,NA,NA,NA,NA,NA,NA
13,glass and glassware,1962,0,1,NA,NA,NA,NA,NA,NA,NA,NA,NA,NA,NA,NA,NA,NA,NA,NA,NA,NA,NA,NA,NA,NA,NA,NA,NA,NA,NA,NA,NA
13,glass and glassware,1963,0,1,NA,NA,NA,NA,NA,NA,NA,NA,NA,NA,NA,NA,NA,NA,NA,NA,NA,NA,NA,NA,NA,NA,NA,NA,NA,NA,NA,NA,NA
13,glass and glassware,1964,0,1,NA,NA,NA,NA,NA,NA,NA,NA,NA,NA,NA,NA,NA,NA,NA,NA,NA,NA,NA,NA,NA,NA,NA,NA,NA,NA,NA,NA,NA
13,glass and glassware,1965,0,1,NA,NA,NA,NA,NA,NA,NA,NA,NA,NA,NA,NA,NA,NA,NA,NA,NA,NA,NA,NA,NA,NA,NA,NA,NA,NA,NA,NA,NA
14,ceramics,1951,0,0,47540000,29064000,28964000,14959000,68,18,20000,17600,18288000,NA,15201000,19684000,17.67708201989632,17.185010852883174,16.72175566501673,9.903487552536127,4.219507705176107,9.775654181026242,17.18156423749085,16.520823683356596,0.3405732759602031,NA,NA,NA,NA,NA,NA,NA,NA
14,ceramics,1952,0,0,55540000,33130000,55751000,23660000,63,17,19371,16794,22161000,NA,14047000,22195000,17.832614039842927,17.315949774276078,16.913844545178986,9.871532381294577,4.143134726391533,9.72877695874351,17.836405905363364,16.979296416514515,0.2979436098273539,0.15553201994660526,0.13093892139290375,-0.07637297878457439,-0.046877222282732944,0.192088880162256,-0.03195517124155067,0.654841667872514,0.4584727331579188
14,ceramics,1953,0,0,62104000,35281000,54654000,19346000,64,17,19500,17000,26822000,NA,14807000,23758000,17.944320957067653,17.378855133372365,17.104733004253024,9.878169744551839,4.1588830833596715,9.740968623038354,17.816532962955,16.77799623772463,0.2614324324324324,0.11170691722472625,0.06290535909628758,0.01574835696813892,0.012191664294844529,0.1908884590740385,0.006637363257262052,-0.01987294240836235,-0.20130017878988582
14,ceramics,1954,0,0,NA,NA,NA,NA,NA,NA,NA,NA,NA,NA,NA,NA,NA,NA,NA,NA,NA,NA,NA,NA,NA,NA,NA,NA,NA,NA,NA,NA,NA
14,ceramics,1955,0,0,NA,NA,NA,NA,NA,NA,NA,NA,NA,NA,NA,NA,NA,NA,NA,NA,NA,NA,NA,NA,NA,NA,NA,NA,NA,NA,NA,NA,NA
14,ceramics,1956,0,0,NA,NA,NA,NA,NA,NA,NA,NA,NA,NA,NA,NA,NA,NA,NA,NA,NA,NA,NA,NA,NA,NA,NA,NA,NA,NA,NA,NA,NA
14,ceramics,1957,0,1,81000000,43700000,62000000,19600000,91,76,24500,21600,31300000,81600000,NA,NA,18.209959712636714,17.59285866006582,17.25912865551038,10.106428396532818,4.51085950651685,9.980448593672257,17.942644943009366,16.791040124200745,0.24019607843137256,NA,NA,NA,NA,NA,NA,NA,NA
14,ceramics,1958,0,1,85110000,48970000,53622000,26557000,91,43,21900,19400,31863000,80179000,NA,NA,18.259455095453145,17.7067184236785,17.276956019971788,9.994241915804592,4.51085950651685,9.87302834505142,17.797469989591583,17.094803924385744,0.3312213921350977,0.04949538281643129,0.11385976361268035,0,-0.1074202486208371,0.017827364461407313,-0.11218648072822646,-0.14517495341778286,0.30376380018499916
14,ceramics,1959,0,1,NA,NA,NA,NA,NA,NA,NA,NA,NA,NA,NA,NA,NA,NA,NA,NA,NA,NA,NA,NA,NA,NA,NA,NA,NA,NA,NA,NA,NA
14,ceramics,1960,0,1,NA,NA,NA,NA,NA,NA,NA,NA,NA,NA,NA,NA,NA,NA,NA,NA,NA,NA,NA,NA,NA,NA,NA,NA,NA,NA,NA,NA,NA
14,ceramics,1961,0,1,NA,NA,NA,NA,NA,NA,NA,NA,NA,NA,NA,NA,NA,NA,NA,NA,NA,NA,NA,NA,NA,NA,NA,NA,NA,NA,NA,NA,NA
14,ceramics,1962,0,1,NA,NA,NA,NA,NA,NA,NA,NA,NA,NA,NA,NA,NA,NA,NA,NA,NA,NA,NA,NA,NA,NA,NA,NA,NA,NA,NA,NA,NA
14,ceramics,1963,0,1,NA,NA,NA,NA,NA,NA,NA,NA,NA,NA,NA,NA,NA,NA,NA,NA,NA,NA,NA,NA,NA,NA,NA,NA,NA,NA,NA,NA,NA
14,ceramics,1964,0,1,NA,NA,NA,NA,NA,NA,NA,NA,NA,NA,NA,NA,NA,NA,NA,NA,NA,NA,NA,NA,NA,NA,NA,NA,NA,NA,NA,NA,NA
14,ceramics,1965,0,1,NA,NA,NA,NA,NA,NA,NA,NA,NA,NA,NA,NA,NA,NA,NA,NA,NA,NA,NA,NA,NA,NA,NA,NA,NA,NA,NA,NA,NA
15,plywood and tea-chests,1951,0,0,29697000,10856000,13699000,7395000,58,17,5800,4800,18751000,NA,2728000,4139000,17.206556588570056,16.200228480496843,16.746757642291854,8.66561319653451,4.060443010546419,8.476371196895983,16.432833395433526,15.816314654127037,0.3505736228311368,NA,NA,NA,NA,NA,NA,NA,NA
15,plywood and tea-chests,1952,0,0,39883000,12486000,16474000,11619000,73,17,7364,5955,27362000,NA,2845000,5335000,17.501460725905634,16.340118574603828,17.124665747462195,8.904358542352968,4.290459441148391,8.691986481789401,16.617293938483332,16.268152247165,0.4135905741643826,0.2949041373355783,0.13989009410698472,0.23001643060197186,0.21561528489341875,0.37790810517034146,0.23874534581845808,0.18446054304980564,0.4518375930379612
15,plywood and tea-chests,1953,0,0,19717000,7590000.000000002,17468000,8939000,79,19,4600,3700,12115000,NA,1930000,3795000,16.796991765748405,15.842342149371813,16.30995491223276,8.433811582477187,4.3694478524670215,8.216088098632316,16.67588119358759,16.00593428406999,0.3385087287461658,-0.7044689601572287,-0.49777642523201493,0.07898841131863055,-0.47589838315708555,-0.8147108352294339,-0.4705469598757812,0.058587255104257,-0.2622179630950079
15,plywood and tea-chests,1954,0,0,NA,NA,NA,NA,NA,NA,NA,NA,NA,NA,NA,NA,NA,NA,NA,NA,NA,NA,NA,NA,NA,NA,NA,NA,NA,NA,NA,NA,NA
15,plywood and tea-chests,1955,0,0,NA,NA,NA,NA,NA,NA,NA,NA,NA,NA,NA,NA,NA,NA,NA,NA,NA,NA,NA,NA,NA,NA,NA,NA,NA,NA,NA,NA,NA
15,plywood and tea-chests,1956,0,0,NA,NA,NA,NA,NA,NA,NA,NA,NA,NA,NA,NA,NA,NA,NA,NA,NA,NA,NA,NA,NA,NA,NA,NA,NA,NA,NA,NA,NA
15,plywood and tea-chests,1957,0,1,50100000,17000000,20400000,14800000,97,54,8000,6700,30700000,35200000,NA,NA,17.729531566055094,16.64872390202049,17.239773212557427,8.987196820661973,4.574710978503383,8.809862805379057,16.831045458814444,16.510137738734343,0.42045454545454547,NA,NA,NA,NA,NA,NA,NA,NA
15,plywood and tea-chests,1958,0,1,56984000,18806000,18089000,4060000,97,28,8900,7700,34014000,22149000,NA,NA,17.85828108464033,16.749686525819158,17.342282762534495,9.093806555720231,4.574710978503383,8.948975607841776,16.710814576683774,15.216693531577915,0.1833039866359655,0.1287495185852343,0.10096262379866872,0,0.1391128024627193,0.10250954997706785,0.10660973505825844,-0.12023088213067012,-1.293444207156428
15,plywood and tea-chests,1959,0,1,NA,NA,NA,NA,NA,NA,NA,NA,NA,NA,NA,NA,NA,NA,NA,NA,NA,NA,NA,NA,NA,NA,NA,NA,NA,NA,NA,NA,NA
15,plywood and tea-chests,1960,0,1,NA,NA,NA,NA,NA,NA,NA,NA,NA,NA,NA,NA,NA,NA,NA,NA,NA,NA,NA,NA,NA,NA,NA,NA,NA,NA,NA,NA,NA
15,plywood and tea-chests,1961,0,1,NA,NA,NA,NA,NA,NA,NA,NA,NA,NA,NA,NA,NA,NA,NA,NA,NA,NA,NA,NA,NA,NA,NA,NA,NA,NA,NA,NA,NA
15,plywood and tea-chests,1962,0,1,NA,NA,NA,NA,NA,NA,NA,NA,NA,NA,NA,NA,NA,NA,NA,NA,NA,NA,NA,NA,NA,NA,NA,NA,NA,NA,NA,NA,NA
15,plywood and tea-chests,1963,0,1,NA,NA,NA,NA,NA,NA,NA,NA,NA,NA,NA,NA,NA,NA,NA,NA,NA,NA,NA,NA,NA,NA,NA,NA,NA,NA,NA,NA,NA
15,plywood and tea-chests,1964,0,1,NA,NA,NA,NA,NA,NA,NA,NA,NA,NA,NA,NA,NA,NA,NA,NA,NA,NA,NA,NA,NA,NA,NA,NA,NA,NA,NA,NA,NA
15,plywood and tea-chests,1965,0,1,NA,NA,NA,NA,NA,NA,NA,NA,NA,NA,NA,NA,NA,NA,NA,NA,NA,NA,NA,NA,NA,NA,NA,NA,NA,NA,NA,NA,NA
16,paper and paper board,1951,0,0,226807000,99034000,150822000,614074000,68,39,27800,23900,124683000,NA,23798000,33064000,19.239609993539112,18.410973783482223,18.641285074171623,10.232791299678729,4.219507705176107,10.081633737919603,18.83161089149159,20.235626000021963,0.8028202526879471,NA,NA,NA,NA,NA,NA,NA,NA
16,paper and paper board,1952,0,0,215360000,86093000,137781000,100960000,63,41,25456,21529,127772000,NA,21162000,33916000,19.187821604420638,18.27093866527986,18.66575798357171,10.144706750577567,4.143134726391533,9.977156142461329,18.741176026050436,18.43023495675718,0.42288505116423236,-0.0517883891184745,-0.1400351182023627,-0.07637297878457439,-0.10447759545827395,0.024472909400085285,-0.08808454910116126,-0.09043486544115353,-1.805391043264784
16,paper and paper board,1953,0,0,199300000,83570000,139396000,72840000,75,44,25300,20900,115217000,NA,20440000,33683000,19.11032178518302,18.24119516197762,18.56232786478321,10.138559674715612,4.31748811353631,9.947504437952903,18.752829361474415,18.10377581282368,0.34320284965792797,-0.07749981923761595,-0.029743503302242402,0.17435338714477755,-0.029651704508426135,-0.1034301187884985,-0.006147075861955287,0.011653335423979172,-0.32645914393349784
16,paper and paper board,1954,0,0,NA,NA,NA,NA,NA,NA,NA,NA,NA,NA,NA,NA,NA,NA,NA,NA,NA,NA,NA,NA,NA,NA,NA,NA,NA,NA,NA,NA,NA
16,paper and paper board,1955,0,0,NA,NA,NA,NA,NA,NA,NA,NA,NA,NA,NA,NA,NA,NA,NA,NA,NA,NA,NA,NA,NA,NA,NA,NA,NA,NA,NA,NA,NA
16,paper and paper board,1956,0,0,NA,NA,NA,NA,NA,NA,NA,NA,NA,NA,NA,NA,NA,NA,NA,NA,NA,NA,NA,NA,NA,NA,NA,NA,NA,NA,NA,NA,NA
16,paper and paper board,1957,0,1,372700000,134100000,219400000,104600000,102,70,35300,29200,214600000,324000000,NA,NA,19.736284364449485,18.714096348251907,19.18428638816087,10.471638242921388,4.624972813284271,10.281923988256374,19.206407105805404,18.465654109595096,0.3228395061728395,NA,NA,NA,NA,NA,NA,NA,NA
16,paper and paper board,1958,0,1,466011000,168844000,248276000,74656000,103,41,38200,31700,261020000,322932000,NA,NA,19.959719796961537,18.94448576966641,19.380107590703656,10.550590794594667,4.634728988229636,10.364071959865372,19.330051588537348,18.128401453803292,0.23118179678693968,0.22343543251205134,0.23038942141450391,0.009756174945365181,0.08214797160899856,0.1958212025427848,0.07895255167327875,0.12364448273194384,-0.3372526557918043
16,paper and paper board,1959,0,1,NA,NA,NA,NA,NA,NA,NA,NA,NA,NA,NA,NA,NA,NA,NA,NA,NA,NA,NA,NA,NA,NA,NA,NA,NA,NA,NA,NA,NA
16,paper and paper board,1960,0,1,NA,NA,NA,NA,NA,NA,NA,NA,NA,NA,NA,NA,NA,NA,NA,NA,NA,NA,NA,NA,NA,NA,NA,NA,NA,NA,NA,NA,NA
16,paper and paper board,1961,0,1,NA,NA,NA,NA,NA,NA,NA,NA,NA,NA,NA,NA,NA,NA,NA,NA,NA,NA,NA,NA,NA,NA,NA,NA,NA,NA,NA,NA,NA
16,paper and paper board,1962,0,1,NA,NA,NA,NA,NA,NA,NA,NA,NA,NA,NA,NA,NA,NA,NA,NA,NA,NA,NA,NA,NA,NA,NA,NA,NA,NA,NA,NA,NA
16,paper and paper board,1963,0,1,NA,NA,NA,NA,NA,NA,NA,NA,NA,NA,NA,NA,NA,NA,NA,NA,NA,NA,NA,NA,NA,NA,NA,NA,NA,NA,NA,NA,NA
16,paper and paper board,1964,0,1,NA,NA,NA,NA,NA,NA,NA,NA,NA,NA,NA,NA,NA,NA,NA,NA,NA,NA,NA,NA,NA,NA,NA,NA,NA,NA,NA,NA,NA
16,paper and paper board,1965,0,1,NA,NA,NA,NA,NA,NA,NA,NA,NA,NA,NA,NA,NA,NA,NA,NA,NA,NA,NA,NA,NA,NA,NA,NA,NA,NA,NA,NA,NA
17,matches,1951,0,0,95043000,42315000,20387000,21703000,205,37,24200,22300,52428000,NA,17397000,21649000,18.36983997873699,17.560652191086344,17.774951357721573,10.094107912144779,5.3230099791384085,10.01234195744821,16.830408000779276,16.892961057803124,0.5156331670230458,NA,NA,NA,NA,NA,NA,NA,NA
17,matches,1952,0,0,78830000,36072000,17342000,22715000,84,28,13638,11894,42722000,NA,12984000,19414000,18.18280419303609,17.401027499083057,17.57022456799976,9.520615293080597,4.430816798843313,9.38378935026654,16.668641862919245,16.93853605717564,0.5670669296252839,-0.18703578570089974,-0.15962469200328755,-0.8921931802950951,-0.6285526071816712,-0.20472678972181413,-0.5734926190641811,-0.16176613786003102,0.045574999372515634
17,matches,1953,0,0,77592000,17868000,18673000,22287000,86,30,13300,12200,38431000,NA,12584000,20478000,18.166974887055517,16.698521961454148,17.464374983539976,9.495519314209846,4.454347296253507,9.409191230721348,16.74258918820122,16.919514106802055,0.5441162109375,-0.015829305980574304,-0.7025055376289089,0.023530497410193973,0.02540188045480818,-0.10584958445978288,-0.02509597887075188,0.07394732528197423,-0.019021950373584673
17,matches,1954,0,0,NA,NA,NA,NA,NA,NA,NA,NA,NA,NA,NA,NA,NA,NA,NA,NA,NA,NA,NA,NA,NA,NA,NA,NA,NA,NA,NA,NA,NA
17,matches,1955,0,0,NA,NA,NA,NA,NA,NA,NA,NA,NA,NA,NA,NA,NA,NA,NA,NA,NA,NA,NA,NA,NA,NA,NA,NA,NA,NA,NA,NA,NA
17,matches,1956,0,0,NA,NA,NA,NA,NA,NA,NA,NA,NA,NA,NA,NA,NA,NA,NA,NA,NA,NA,NA,NA,NA,NA,NA,NA,NA,NA,NA,NA,NA
17,matches,1957,0,1,110713000,43583000,23300000,25580000,244,92,31700,29300,61357000,48880000,NA,NA,18.52245182529165,17.590177724028393,17.93221982204185,10.364071959865372,5.497168225293202,10.285342795005159,16.963963918535928,17.057321354114972,0.5233224222585925,NA,NA,NA,NA,NA,NA,NA,NA
17,matches,1958,0,1,121855000,53274000,22803000,27128000,244,53,29724,27015,62487000,55249000,NA,NA,18.618342371251885,17.79095896524252,17.95046909307163,10.299710079277359,5.497168225293202,10.204147546278167,16.94240266421629,17.116076962787613,0.5433097674791212,0.09589054596023416,0.200781241214127,0,-0.08119524872699202,0.018249271029777248,-0.06436188058801307,-0.02156125431963929,0.05875560867264085
17,matches,1959,0,1,NA,NA,NA,NA,NA,NA,NA,NA,NA,NA,NA,NA,NA,NA,NA,NA,NA,NA,NA,NA,NA,NA,NA,NA,NA,NA,NA,NA,NA
17,matches,1960,0,1,NA,NA,NA,NA,NA,NA,NA,NA,NA,NA,NA,NA,NA,NA,NA,NA,NA,NA,NA,NA,NA,NA,NA,NA,NA,NA,NA,NA,NA
17,matches,1961,0,1,NA,NA,NA,NA,NA,NA,NA,NA,NA,NA,NA,NA,NA,NA,NA,NA,NA,NA,NA,NA,NA,NA,NA,NA,NA,NA,NA,NA,NA
17,matches,1962,0,1,NA,NA,NA,NA,NA,NA,NA,NA,NA,NA,NA,NA,NA,NA,NA,NA,NA,NA,NA,NA,NA,NA,NA,NA,NA,NA,NA,NA,NA
17,matches,1963,0,1,NA,NA,NA,NA,NA,NA,NA,NA,NA,NA,NA,NA,NA,NA,NA,NA,NA,NA,NA,NA,NA,NA,NA,NA,NA,NA,NA,NA,NA
17,matches,1964,0,1,NA,NA,NA,NA,NA,NA,NA,NA,NA,NA,NA,NA,NA,NA,NA,NA,NA,NA,NA,NA,NA,NA,NA,NA,NA,NA,NA,NA,NA
17,matches,1965,0,1,NA,NA,NA,NA,NA,NA,NA,NA,NA,NA,NA,NA,NA,NA,NA,NA,NA,NA,NA,NA,NA,NA,NA,NA,NA,NA,NA,NA,NA
18,cotton textiles,1951,0,0,5174492000,1753860000,1220512000,1719454000,1480,272,804800,754400,3393164000,NA,884635999.9999999,999027000,22.36700700702821,21.28508491015095,21.945028656387372,13.598349078327612,7.299797366758161,13.533678010301385,20.922536279785007,21.265272635515974,0.5848550629497076,NA,NA,NA,NA,NA,NA,NA,NA
18,cotton textiles,1952,0,0,4727116000,1352583000,1055199000,1874332000,836,247,786902,738571,3344285000,NA,889487000.0000001,1036955000,22.276581128333714,21.02528193463932,21.930518755809956,13.575858996138857,6.728628613084702,13.512472517158336,20.77699521167929,21.35151816622407,0.6398061669256956,-0.09042587869449648,-0.25980297551162934,-0.5711687536734589,-0.021205493143048315,-0.014509900577415635,-0.022490082188754812,-0.1455410681057181,0.08624553070809782
18,cotton textiles,1953,0,0,3487030000,1552715000,201064920,1722694000,814,255,793300,726600,2895513000,NA,918176000,1086167000,21.972316207986914,21.163270848495962,21.786428134345474,13.583956739290095,6.70196036600254,13.496131398769238,19.119138398949527,21.26715518150579,0.8954833072326963,-0.30426492034679953,0.13798891385664191,-0.026668247082161756,-0.01634111838909824,-0.14409062146448193,0.00809774315123768,-1.6578568127297615,-0.08436298471828252
18,cotton textiles,1954,0,0,NA,NA,NA,NA,NA,NA,NA,NA,NA,NA,NA,NA,NA,NA,NA,NA,NA,NA,NA,NA,NA,NA,NA,NA,NA,NA,NA,NA,NA
18,cotton textiles,1955,0,0,NA,NA,NA,NA,NA,NA,NA,NA,NA,NA,NA,NA,NA,NA,NA,NA,NA,NA,NA,NA,NA,NA,NA,NA,NA,NA,NA,NA,NA
18,cotton textiles,1956,0,0,NA,NA,NA,NA,NA,NA,NA,NA,NA,NA,NA,NA,NA,NA,NA,NA,NA,NA,NA,NA,NA,NA,NA,NA,NA,NA,NA,NA,NA
18,cotton textiles,1957,0,1,5175552000,1593766000,1275879000,1190018000,1516,622,839900,782300,3359115000,2465897000,NA,NA,22.367211837076027,21.189365606036304,21.934943383370392,13.641038116113718,7.323830566202317,13.569993577673172,20.966901189786384,20.89723427000587,0.48259031094972743,NA,NA,NA,NA,NA,NA,NA,NA
18,cotton textiles,1958,0,1,5457580000,2051613000,1398102000,1680223000,1514,544,780636,725575,3120699000,3078325000,NA,NA,22.420271305007457,21.44189214997715,21.86132285213647,13.567864251035717,7.322510433997394,13.49471972294474,21.05838143946987,21.242192359647895,0.5458237840383975,0.05305946793142979,0.2525265439408457,-0.001320132204923219,-0.07527385472843129,-0.07362053123392087,-0.07317386507800094,0.09148024968348523,0.3449580896420237
18,cotton textiles,1959,0,1,NA,NA,NA,NA,NA,NA,NA,NA,NA,NA,NA,NA,NA,NA,NA,NA,NA,NA,NA,NA,NA,NA,NA,NA,NA,NA,NA,NA,NA
18,cotton textiles,1960,0,1,NA,NA,NA,NA,NA,NA,NA,NA,NA,NA,NA,NA,NA,NA,NA,NA,NA,NA,NA,NA,NA,NA,NA,NA,NA,NA,NA,NA,NA
18,cotton textiles,1961,0,1,NA,NA,NA,NA,NA,NA,NA,NA,NA,NA,NA,NA,NA,NA,NA,NA,NA,NA,NA,NA,NA,NA,NA,NA,NA,NA,NA,NA,NA
18,cotton textiles,1962,0,1,NA,NA,NA,NA,NA,NA,NA,NA,NA,NA,NA,NA,NA,NA,NA,NA,NA,NA,NA,NA,NA,NA,NA,NA,NA,NA,NA,NA,NA
18,cotton textiles,1963,0,1,NA,NA,NA,NA,NA,NA,NA,NA,NA,NA,NA,NA,NA,NA,NA,NA,NA,NA,NA,NA,NA,NA,NA,NA,NA,NA,NA,NA,NA
18,cotton textiles,1964,0,1,NA,NA,NA,NA,NA,NA,NA,NA,NA,NA,NA,NA,NA,NA,NA,NA,NA,NA,NA,NA,NA,NA,NA,NA,NA,NA,NA,NA,NA
18,cotton textiles,1965,0,1,NA,NA,NA,NA,NA,NA,NA,NA,NA,NA,NA,NA,NA,NA,NA,NA,NA,NA,NA,NA,NA,NA,NA,NA,NA,NA,NA,NA,NA
19,woollen textiles,1951,0,0,128175000,34798000,18575000,69722000,89,21,14700,12800,93102000,NA,12989000,18040000,18.66890707563404,17.365070471828798,18.349206224293678,9.595602772766828,4.48863636973214,9.457200449907708,16.737327148568095,18.06002646437792,0.7896304517707283,NA,NA,NA,NA,NA,NA,NA,NA
19,woollen textiles,1952,0,0,146648000,56919000.00000001,39599000,68466000,70,20,20822,18590,89612000,NA,15858000,21728000,18.803545715381336,17.85713976251438,18.310999797548956,9.943765399034698,4.248495242049359,9.83037908071549,17.494314423380604,18.041847829644873,0.6335631332994032,0.13463863974729762,0.49206929068558125,-0.2401411276827803,0.37317863080778224,-0.038206426744721966,0.34816262626786987,0.7569872748125093,-0.01817863473304726
19,woollen textiles,1953,0,0,140308000,35465000,42221000,80820000,76,25,19000,17100,104741000,NA,14357000,22241000,18.759350564117067,17.384056852618325,18.46700119422087,9.852194258148577,4.330733340286331,9.746833742490752,17.55842828556108,18.207735017614603,0.6568542193252656,-0.04419515126426887,-0.4730829098960534,0.0822380982369717,-0.083545338224737975,0.1560013966719147,-0.09157114088612062,0.0641138621804771,0.16588718796973012
19,woollen textiles,1954,0,0,NA,NA,NA,NA,NA,NA,NA,NA,NA,NA,NA,NA,NA,NA,NA,NA,NA,NA,NA,NA,NA,NA,NA,NA,NA,NA,NA,NA,NA
19,woollen textiles,1955,0,0,NA,NA,NA,NA,NA,NA,NA,NA,NA,NA,NA,NA,NA,NA,NA,NA,NA,NA,NA,NA,NA,NA,NA,NA,NA,NA,NA,NA,NA
19,woollen textiles,1956,0,0,NA,NA,NA,NA,NA,NA,NA,NA,NA,NA,NA,NA,NA,NA,NA,NA,NA,NA,NA,NA,NA,NA,NA,NA,NA,NA,NA,NA,NA
19,woollen textiles,1957,0,1,167600000,29500000,25600000,42200000,94,64,13500,11800,133800000,67800000,NA,NA,18.937090746012256,17.19990082131005,18.711856705658402,9.51044496442652,4.543294782270004,9.375854810453756,17.05810290944979,17.55793077900624,0.6224188790560472,NA,NA,NA,NA,NA,NA,NA,NA
19,woollen textiles,1958,0,1,226885000,55191000,18454000,60161000,120,47,21620,19065,161610000,78615000,NA,NA,19.239953839147006,17.82631045447603,18.900696583324827,9.9813740911932,4.787491742782046,9.855609472291665,16.730791707120638,17.912534859808133,0.7652610824906189,0.30286309313475,0.6264096331659808,0.24419696051204198,0.4797546618379087,0.18883987766642463,0.47092912676667886,-0.32731120232915245,0.35460408080189154
19,woollen textiles,1959,0,1,NA,NA,NA,NA,NA,NA,NA,NA,NA,NA,NA,NA,NA,NA,NA,NA,NA,NA,NA,NA,NA,NA,NA,NA,NA,NA,NA,NA,NA
19,woollen textiles,1960,0,1,NA,NA,NA,NA,NA,NA,NA,NA,NA,NA,NA,NA,NA,NA,NA,NA,NA,NA,NA,NA,NA,NA,NA,NA,NA,NA,NA,NA,NA
19,woollen textiles,1961,0,1,NA,NA,NA,NA,NA,NA,NA,NA,NA,NA,NA,NA,NA,NA,NA,NA,NA,NA,NA,NA,NA,NA,NA,NA,NA,NA,NA,NA,NA
19,woollen textiles,1962,0,1,NA,NA,NA,NA,NA,NA,NA,NA,NA,NA,NA,NA,NA,NA,NA,NA,NA,NA,NA,NA,NA,NA,NA,NA,NA,NA,NA,NA,NA
19,woollen textiles,1963,0,1,NA,NA,NA,NA,NA,NA,NA,NA,NA,NA,NA,NA,NA,NA,NA,NA,NA,NA,NA,NA,NA,NA,NA,NA,NA,NA,NA,NA,NA
19,woollen textiles,1964,0,1,NA,NA,NA,NA,NA,NA,NA,NA,NA,NA,NA,NA,NA,NA,NA,NA,NA,NA,NA,NA,NA,NA,NA,NA,NA,NA,NA,NA,NA
19,woollen textiles,1965,0,1,NA,NA,NA,NA,NA,NA,NA,NA,NA,NA,NA,NA,NA,NA,NA,NA,NA,NA,NA,NA,NA,NA,NA,NA,NA,NA,NA,NA,NA
2,rice milling,1951,0,0,678481000,47192000,112256000,48223000,2551,168,56600,42700,629925000,NA,12405000,23636000,20.33536703389943,17.66973494466505,20.261111322644073,10.943764264191275,7.844240718141811,10.661954199216716,18.536292535273937,17.691346643630645,0.30049414565145594,NA,NA,NA,NA,NA,NA,NA,NA
2,rice milling,1952,0,0,751842000,56809000,110176000,108081000,2544,201,57036,45282,694063000,NA,10925000,22704000,20.438036753455698,17.855205321843616,20.358073292448978,10.95143792640201,7.841492924460013,10.720664881512924,18.51758964512039,18.49839150397904,0.4952006121224062,0.10266971955626758,0.18547037717856796,-0.0027477936817978943,0.05871068229620846,0.09696196980490512,0.007673662210734733,-0.018702890153548424,0.8070448603483946
2,rice milling,1953,0,0,813783000,56004000,108500000,115430000,2631,217,67500,50900,757632000,NA,12131000,27429000,20.517204303660193,17.840933674719953,20.445708337592478,11.119882876860622,7.875119281040293,10.837618202538614,18.502260730944787,18.564174843591093,0.5154735854954673,0.07916755020449529,-0.01427164712366391,0.033626356580279904,0.11695332102569012,0.08763504514350018,0.1684449504586123,-0.015328914175601227,0.06578333961205374
2,rice milling,1954,0,0,NA,NA,NA,NA,NA,NA,NA,NA,NA,NA,NA,NA,NA,NA,NA,NA,NA,NA,NA,NA,NA,NA,NA,NA,NA,NA,NA,NA,NA
2,rice milling,1955,0,0,NA,NA,NA,NA,NA,NA,NA,NA,NA,NA,NA,NA,NA,NA,NA,NA,NA,NA,NA,NA,NA,NA,NA,NA,NA,NA,NA,NA,NA
2,rice milling,1956,0,0,NA,NA,NA,NA,NA,NA,NA,NA,NA,NA,NA,NA,NA,NA,NA,NA,NA,NA,NA,NA,NA,NA,NA,NA,NA,NA,NA,NA,NA
2,rice milling,1957,0,1,1325900000,101700000,109600000,117500000,3259,197,88300,72700,1210700000,227100000,NA,NA,21.005357311084946,18.43753786101879,20.91446454167797,11.388495386592052,8.089175678837561,11.194096663521611,18.51234793247819,18.58194889154849,0.5173932188463232,NA,NA,NA,NA,NA,NA,NA,NA
2,rice milling,1958,0,1,1437957000,104799000,111508000,131283000,3260,308,91800,71500,1326506000,242791000,NA,NA,21.086489193155614,18.46755478782096,21.005814254713144,11.427367576608582,8.089482474360754,11.177452728682098,18.529606895169543,18.69286585640457,0.5407243266842675,0.08113188207066813,0.030016926802169053,3.0679552319234915e-4,-0.016643934839512653,0.09134971303517503,0.038872190016530084,0.017258962691354185,0.11091696485608082
2,rice milling,1959,0,1,NA,NA,NA,NA,NA,NA,NA,NA,NA,NA,NA,NA,NA,NA,NA,NA,NA,NA,NA,NA,NA,NA,NA,NA,NA,NA,NA,NA,NA
2,rice milling,1960,0,1,NA,NA,NA,NA,NA,NA,NA,NA,NA,NA,NA,NA,NA,NA,NA,NA,NA,NA,NA,NA,NA,NA,NA,NA,NA,NA,NA,NA,NA
2,rice milling,1961,0,1,NA,NA,NA,NA,NA,NA,NA,NA,NA,NA,NA,NA,NA,NA,NA,NA,NA,NA,NA,NA,NA,NA,NA,NA,NA,NA,NA,NA,NA
2,rice milling,1962,0,1,NA,NA,NA,NA,NA,NA,NA,NA,NA,NA,NA,NA,NA,NA,NA,NA,NA,NA,NA,NA,NA,NA,NA,NA,NA,NA,NA,NA,NA
2,rice milling,1963,0,1,NA,NA,NA,NA,NA,NA,NA,NA,NA,NA,NA,NA,NA,NA,NA,NA,NA,NA,NA,NA,NA,NA,NA,NA,NA,NA,NA,NA,NA
2,rice milling,1964,0,1,NA,NA,NA,NA,NA,NA,NA,NA,NA,NA,NA,NA,NA,NA,NA,NA,NA,NA,NA,NA,NA,NA,NA,NA,NA,NA,NA,NA,NA
2,rice milling,1965,0,1,NA,NA,NA,NA,NA,NA,NA,NA,NA,NA,NA,NA,NA,NA,NA,NA,NA,NA,NA,NA,NA,NA,NA,NA,NA,NA,NA,NA,NA
20,jute textiles,1951,0,0,2229214000,550624000,320589000,498801000,109,69,302600,287600,1677569000,NA,241834000,272867000,21.524914893919856,20.12656273853502,21.24061155860204,12.620167080336392,4.6913478822291435,12.569325904829029,19.585670486883604,20.027717776579692,0.6087467506315674,NA,NA,NA,NA,NA,NA,NA,NA
20,jute textiles,1952,0,0,1616553000,504306000.0000002,309892000,365486000,107,67,299356,280381,1211710000,NA,254079000,297762000,21.20356194147753,20.03869378465613,20.91529842203557,12.609388779580057,4.672828834461906,12.543904671504368,19.55173440764581,19.716738532726932,0.5411576924329783,-0.3213529524423251,-0.0878689538788926,-0.018519047767237673,-0.02542123332466062,-0.32531313656647143,-0.010778300756335568,-0.03393607923779385,-0.3109792438527599
20,jute textiles,1953,0,0,1142520000,438572999.9999998,322586000,372972000,106,67,274200,262900,702427000,NA,241707000,295447000,20.856502186049873,19.899036832545672,20.37005203918193,12.521613046110351,4.663439094112067,12.479529010717972,19.591880325317533,19.73701390776629,0.536219840760943,-0.347059755427658,-0.1396569521104567,-0.00938974034983886,-0.06437566078639634,-0.5452463828536374,-0.08777573346970513,0.040145917671722486,0.020275375039357613
20,jute textiles,1954,0,0,NA,NA,NA,NA,NA,NA,NA,NA,NA,NA,NA,NA,NA,NA,NA,NA,NA,NA,NA,NA,NA,NA,NA,NA,NA,NA,NA,NA,NA
20,jute textiles,1955,0,0,NA,NA,NA,NA,NA,NA,NA,NA,NA,NA,NA,NA,NA,NA,NA,NA,NA,NA,NA,NA,NA,NA,NA,NA,NA,NA,NA,NA,NA
20,jute textiles,1956,0,0,NA,NA,NA,NA,NA,NA,NA,NA,NA,NA,NA,NA,NA,NA,NA,NA,NA,NA,NA,NA,NA,NA,NA,NA,NA,NA,NA,NA,NA
20,jute textiles,1957,0,1,1337900000,373900000,392600000,322900000,122,99,242700,227400,935100000,715500000,NA,NA,21.01436705744385,19.739498939947342,20.656164033405677,12.399581391714692,4.804021044733257,12.334465860298574,19.788301839806635,19.592853235728505,0.45129280223619844,NA,NA,NA,NA,NA,NA,NA,NA
20,jute textiles,1958,0,1,1384192000,398064000,382638000,290494000,122,112,255800,225500,906365000,673132000,NA,NA,21.048382412843704,19.80212335434123,20.624952652634196,12.45215116812688,4.804021044733257,12.326075437924871,19.76259993047758,19.48709347999819,0.4315557721219612,0.03401535539985545,0.06262441439388766,0,-0.008390422373702577,-0.03121138077148089,0.05256977641218796,-0.025701909329054473,-0.10575975573031471
20,jute textiles,1959,0,1,NA,NA,NA,NA,NA,NA,NA,NA,NA,NA,NA,NA,NA,NA,NA,NA,NA,NA,NA,NA,NA,NA,NA,NA,NA,NA,NA,NA,NA
20,jute textiles,1960,0,1,NA,NA,NA,NA,NA,NA,NA,NA,NA,NA,NA,NA,NA,NA,NA,NA,NA,NA,NA,NA,NA,NA,NA,NA,NA,NA,NA,NA,NA
20,jute textiles,1961,0,1,NA,NA,NA,NA,NA,NA,NA,NA,NA,NA,NA,NA,NA,NA,NA,NA,NA,NA,NA,NA,NA,NA,NA,NA,NA,NA,NA,NA,NA
20,jute textiles,1962,0,1,NA,NA,NA,NA,NA,NA,NA,NA,NA,NA,NA,NA,NA,NA,NA,NA,NA,NA,NA,NA,NA,NA,NA,NA,NA,NA,NA,NA,NA
20,jute textiles,1963,0,1,NA,NA,NA,NA,NA,NA,NA,NA,NA,NA,NA,NA,NA,NA,NA,NA,NA,NA,NA,NA,NA,NA,NA,NA,NA,NA,NA,NA,NA
20,jute textiles,1964,0,1,NA,NA,NA,NA,NA,NA,NA,NA,NA,NA,NA,NA,NA,NA,NA,NA,NA,NA,NA,NA,NA,NA,NA,NA,NA,NA,NA,NA,NA
20,jute textiles,1965,0,1,NA,NA,NA,NA,NA,NA,NA,NA,NA,NA,NA,NA,NA,NA,NA,NA,NA,NA,NA,NA,NA,NA,NA,NA,NA,NA,NA,NA,NA
203,canning and preserving of fruits and vegetables,1951,0,0,NA,NA,NA,NA,NA,NA,NA,NA,NA,NA,NA,NA,NA,NA,NA,NA,NA,NA,NA,NA,NA,NA,NA,NA,NA,NA,NA,NA,NA
203,canning and preserving of fruits and vegetables,1952,0,0,NA,NA,NA,NA,NA,NA,NA,NA,NA,NA,NA,NA,NA,NA,NA,NA,NA,NA,NA,NA,NA,NA,NA,NA,NA,NA,NA,NA,NA
203,canning and preserving of fruits and vegetables,1953,0,0,NA,NA,NA,NA,NA,NA,NA,NA,NA,NA,NA,NA,NA,NA,NA,NA,NA,NA,NA,NA,NA,NA,NA,NA,NA,NA,NA,NA,NA
203,canning and preserving of fruits and vegetables,1954,0,0,NA,NA,NA,NA,NA,NA,NA,NA,NA,NA,NA,NA,NA,NA,NA,NA,NA,NA,NA,NA,NA,NA,NA,NA,NA,NA,NA,NA,NA
203,canning and preserving of fruits and vegetables,1955,0,0,NA,NA,NA,NA,NA,NA,NA,NA,NA,NA,NA,NA,NA,NA,NA,NA,NA,NA,NA,NA,NA,NA,NA,NA,NA,NA,NA,NA,NA
203,canning and preserving of fruits and vegetables,1956,0,0,NA,NA,NA,NA,NA,NA,NA,NA,NA,NA,NA,NA,NA,NA,NA,NA,NA,NA,NA,NA,NA,NA,NA,NA,NA,NA,NA,NA,NA
203,canning and preserving of fruits and vegetables,1957,0,1,NA,NA,NA,NA,NA,NA,NA,NA,NA,NA,NA,NA,NA,NA,NA,NA,NA,NA,NA,NA,NA,NA,NA,NA,NA,NA,NA,NA,NA
203,canning and preserving of fruits and vegetables,1958,0,1,NA,NA,NA,NA,NA,NA,NA,NA,NA,NA,NA,NA,NA,NA,NA,NA,NA,NA,NA,NA,NA,NA,NA,NA,NA,NA,NA,NA,NA
203,canning and preserving of fruits and vegetables,1959,0,1,15774000,3360000,NA,NA,45,41,2177,NA,NA,11654000,NA,NA,16.573873572940073,15.027451531939388,NA,7.685703061234547,3.8066624897703196,NA,NA,NA,NA,NA,NA,NA,NA,NA,NA,NA,NA
203,canning and preserving of fruits and vegetables,1960,0,1,22840883,5427131,9290638,3700565,56,50,2855,2501,16019172,12991203,NA,NA,16.94406260224998,15.506921191320638,16.589296812875492,7.956827122090111,4.02535169073515,7.824445930877619,16.044517784427626,15.123996068659284,0.2848516030424588,0.3701890293099055,0.47946965938124997,0.21868920096483002,NA,NA,0.2711240608555636,NA,NA
203,canning and preserving of fruits and vegetables,1961,0,1,53351346,7059299,11952343,7649839,126,61,3464,2994,44565473,20721182,NA,NA,17.79240976500952,15.769856312754966,17.61246996920094,8.150179269682326,4.836281906951478,8.004365564979574,16.29643788406879,15.85019515982962,0.3902544624879006,0.8483471627595414,0.26293512143432807,0.8109302162163283,0.17991963410195488,1.0231731563254485,0.19335214759221486,0.2519200996411648,0.7261990911703347
203,canning and preserving of fruits and vegetables,1962,0,1,32855945,8375371,14130029,10612510,74,46,3325,2919,21903554,24742539,NA,NA,17.30764326064586,15.940805933201718,16.902159464725273,8.109224953089955,4.30406509320417,7.978996370854115,16.463812807029445,16.177544051886336,0.42891758198299695,-0.48476650436365887,0.170949620446752,-0.5322168137473078,-0.025369194125459238,-0.7103105044756681,-0.04095431659237114,0.16737492296065426,0.32734889205671713
203,canning and preserving of fruits and vegetables,1963,0,1,53980387,14465938,14119124,8191682,74,69,4777,4295,36158697,28790806,NA,NA,17.804131334850403,16.487307340470384,17.403428058546965,8.471568013389962,4.30406509320417,8.365206834418355,16.463040748444776,15.9186298071486,0.36716208280418017,0.49648807420454233,0.546501407268666,0,0.3862104635642405,0.5012685938216919,0.36234306030000774,-7.720585846691108e-4,-0.2589142447377366
203,canning and preserving of fruits and vegetables,1964,0,1,66898445,15899736,18701603,12607236,71,65,4682,4102,46477256,31308839,NA,NA,18.018686281181086,16.581813063279032,17.65447363262065,8.451480648050856,4.2626798770413155,8.319229938632326,16.744119800076035,16.349781492797057,0.4026733792332574,0.21455494633068284,0.09450572280864833,-0.04138521616285473,-0.045976895786029814,0.2510455740736859,-0.02008736533910671,0.28107905163125935,0.43115168564845696
203,canning and preserving of fruits and vegetables,1965,0,1,72781184,15000449,20094155,17170005,73,54,5321,4575,52356682,37264160,NA,NA,18.102968018221514,16.523590691951824,17.773590128014117,8.579416534596369,4.290459441148391,8.428361977709622,16.81593953472004,16.658674524079206,0.46076457915595037,0.08428173704042763,-0.05822237132720787,0.027779564107075494,0.10913203907729674,0.11911649539346669,0.12793588654551336,0.0718197346440057,0.3088930312821496
205,manufacture of grain mill products,1951,0,0,NA,NA,NA,NA,NA,NA,NA,NA,NA,NA,NA,NA,NA,NA,NA,NA,NA,NA,NA,NA,NA,NA,NA,NA,NA,NA,NA,NA,NA
205,manufacture of grain mill products,1952,0,0,NA,NA,NA,NA,NA,NA,NA,NA,NA,NA,NA,NA,NA,NA,NA,NA,NA,NA,NA,NA,NA,NA,NA,NA,NA,NA,NA,NA,NA
205,manufacture of grain mill products,1953,0,0,NA,NA,NA,NA,NA,NA,NA,NA,NA,NA,NA,NA,NA,NA,NA,NA,NA,NA,NA,NA,NA,NA,NA,NA,NA,NA,NA,NA,NA
205,manufacture of grain mill products,1954,0,0,NA,NA,NA,NA,NA,NA,NA,NA,NA,NA,NA,NA,NA,NA,NA,NA,NA,NA,NA,NA,NA,NA,NA,NA,NA,NA,NA,NA,NA
205,manufacture of grain mill products,1955,0,0,NA,NA,NA,NA,NA,NA,NA,NA,NA,NA,NA,NA,NA,NA,NA,NA,NA,NA,NA,NA,NA,NA,NA,NA,NA,NA,NA,NA,NA
205,manufacture of grain mill products,1956,0,0,NA,NA,NA,NA,NA,NA,NA,NA,NA,NA,NA,NA,NA,NA,NA,NA,NA,NA,NA,NA,NA,NA,NA,NA,NA,NA,NA,NA,NA
205,manufacture of grain mill products,1957,0,1,NA,NA,NA,NA,NA,NA,NA,NA,NA,NA,NA,NA,NA,NA,NA,NA,NA,NA,NA,NA,NA,NA,NA,NA,NA,NA,NA,NA,NA
205,manufacture of grain mill products,1958,0,1,NA,NA,NA,NA,NA,NA,NA,NA,NA,NA,NA,NA,NA,NA,NA,NA,NA,NA,NA,NA,NA,NA,NA,NA,NA,NA,NA,NA,NA
205,manufacture of grain mill products,1959,0,1,2226279000,156939000,NA,NA,4008,918,103392,NA,NA,369865000,NA,NA,21.52359741887297,18.871367752781442,NA,11.546282868624225,8.2960476427647,NA,NA,NA,NA,NA,NA,NA,NA,NA,NA,NA,NA
205,manufacture of grain mill products,1960,0,1,2320061489,168614271,200470287,188997954,4453,1011,107653,90451,2106162288,389468241,NA,NA,21.56485952615272,18.94312424407803,21.468133307518297,11.586668370495238,8.401333305321703,11.412563546594278,19.11617659921529,19.057246747568495,0.48527179909388296,0.041262107279749216,0.07175649129658979,0.10528566255700333,NA,NA,0.04038550187101286,NA,NA
205,manufacture of grain mill products,1961,0,1,2503544604,186567597,202817946,224667812,4709,1064,99990,85889,2266328428,425914758,NA,NA,21.640973406232238,19.04430418178101,21.541426926384336,11.512825459969894,8.457230850243555,11.360811043893564,19.127819316890452,19.230133478118326,0.5255562502271713,0.07611388007951803,0.10117993770297673,0.055897544921851505,-0.05175250270071352,0.07329361886603891,-0.07384291052534309,0.011642717675162118,0.1728867305498305
205,manufacture of grain mill products,1962,0,1,2866891142,196539497,215728316,272650094,4924,1045,109769,94046,2578338022,488378410,NA,NA,21.776494053820898,19.096373971619816,21.67041085078907,11.606133436682683,8.501876487304344,11.45153930325588,19.189530377662454,19.423699824100634,0.5582763046384462,0.13552064758865967,0.05206978983880717,0.044645637060789056,0.0907282593623151,0.12898392440473572,0.09330797671278823,0.0617110607720015,0.19356634598230826
205,manufacture of grain mill products,1963,0,1,3271645949,233072540,262923895,104832977,5594,1002,118831,101073,2887662615,578172872,NA,NA,21.908559043536346,19.266860293548802,21.783713228091703,11.685457594631984,8.629449873761905,11.523598307026532,19.387375175642127,18.46787894638478,0.2850605521791582,0.1320649897154489,0.17048632192898694,0.127573386457561,0.07205900377065255,0.11330237730263093,0.07932415794930137,0.19784479797967336,-0.9558208777158548
205,manufacture of grain mill products,1964,0,1,3798232670,280534850,243562832,351927881,4867,1043,120515,100179,3422612626,595490713,NA,NA,22.057801708650214,19.452208517633817,21.953670022109176,11.69952950549349,8.490233009833455,11.514713864829446,19.310885504162094,19.678936829048148,0.5909880260382835,0.1492426651138672,0.18534822408501483,-0.1392168639284499,-0.008884442197086173,0.1699567940174731,0.014071910861506609,-0.07648967148003294,1.2110578826633684
205,manufacture of grain mill products,1965,0,1,3203668943,250305574,244574192,336785440,5108,1183,105759,84285,2871016616,581359632,NA,NA,21.887562534659203,19.338193025430915,21.777932025599068,11.56891819967016,8.53856321715243,11.341959192214409,19.315029264612235,19.634956608994184,0.5793065453158261,-0.17023917399101052,-0.11401549220290264,0.048330207318974416,-0.17275467261503685,-0.17573799651010802,-0.13061130582333114,0.004143760450141087,-0.04398022005396385
206,manufacture of bakery products,1951,0,0,NA,NA,NA,NA,NA,NA,NA,NA,NA,NA,NA,NA,NA,NA,NA,NA,NA,NA,NA,NA,NA,NA,NA,NA,NA,NA,NA,NA,NA
206,manufacture of bakery products,1952,0,0,NA,NA,NA,NA,NA,NA,NA,NA,NA,NA,NA,NA,NA,NA,NA,NA,NA,NA,NA,NA,NA,NA,NA,NA,NA,NA,NA,NA,NA
206,manufacture of bakery products,1953,0,0,NA,NA,NA,NA,NA,NA,NA,NA,NA,NA,NA,NA,NA,NA,NA,NA,NA,NA,NA,NA,NA,NA,NA,NA,NA,NA,NA,NA,NA
206,manufacture of bakery products,1954,0,0,NA,NA,NA,NA,NA,NA,NA,NA,NA,NA,NA,NA,NA,NA,NA,NA,NA,NA,NA,NA,NA,NA,NA,NA,NA,NA,NA,NA,NA
206,manufacture of bakery products,1955,0,0,NA,NA,NA,NA,NA,NA,NA,NA,NA,NA,NA,NA,NA,NA,NA,NA,NA,NA,NA,NA,NA,NA,NA,NA,NA,NA,NA,NA,NA
206,manufacture of bakery products,1956,0,0,NA,NA,NA,NA,NA,NA,NA,NA,NA,NA,NA,NA,NA,NA,NA,NA,NA,NA,NA,NA,NA,NA,NA,NA,NA,NA,NA,NA,NA
206,manufacture of bakery products,1957,0,1,NA,NA,NA,NA,NA,NA,NA,NA,NA,NA,NA,NA,NA,NA,NA,NA,NA,NA,NA,NA,NA,NA,NA,NA,NA,NA,NA,NA,NA
206,manufacture of bakery products,1958,0,1,NA,NA,NA,NA,NA,NA,NA,NA,NA,NA,NA,NA,NA,NA,NA,NA,NA,NA,NA,NA,NA,NA,NA,NA,NA,NA,NA,NA,NA
206,manufacture of bakery products,1959,0,1,89747000,21719000,NA,NA,133,78,6503,NA,NA,47069000,NA,NA,18.312505158590152,16.893698011454457,NA,8.780018887869153,4.890349128221754,NA,NA,NA,NA,NA,NA,NA,NA,NA,NA,NA,NA
206,manufacture of bakery products,1960,0,1,96315569,26884415,20592686,14613264,148,79,6902,5914,65342469,35205950,NA,NA,18.383140535559644,17.107057308643817,17.995152750383802,8.839566503657949,4.997212273764115,8.685077700412423,16.84044652217146,16.497440167399123,0.4150793828884038,0.0706353769694914,0.21335929718935986,0.10686314554236098,NA,NA,0.05954761578879619,NA,NA
206,manufacture of bakery products,1961,0,1,123185156,33075235,25032820,16735255,162,80,8029,6853,85258056,41863075,NA,NA,18.629199114791565,17.3142953730043,18.261193168196918,8.990815266184685,5.087596335232384,8.832441791585824,17.035698321863993,16.633028130037616,0.40067096700051413,0.24605857923192076,0.20723806436048164,0.09038406146826894,0.14736409117340088,0.26604041781311594,0.1512487625267358,0.1952517996925316,0.1355879626384926
206,manufacture of bakery products,1962,0,1,143401907,40220553,29123998,21886681,166,82,8698,7465,97643216,51010679,NA,NA,18.7811617845072,17.50988869159268,18.396830740267383,9.070848393157585,5.111987788356544,8.91798070997329,17.18707306582485,16.901388836258217,0.42906076588394365,0.15196266971563688,0.19559331858837936,0.024391453124160023,0.08553891838746708,0.13563757207046478,0.08003312697289999,0.15137474396085793,0.2683607062206015
206,manufacture of bakery products,1963,0,1,165963950,43167949,30886812,20856746,161,91,9260,7985,115302902,54101558,NA,NA,18.92728115406159,17.580608856558232,18.563073154046574,9.1334593276402245,5.081404364984463,8.985320060649112,17.245839854648082,16.853188003039012,0.4030790847432641,0.14611936955438765,0.07072016496555378,-0.03058342337208053,0.06733935067582131,0.1662424137791909,0.06261093448263999,0.05876678882323105,-0.04820083321920521
206,manufacture of bakery products,1964,0,1,176185646,45854680,30255736,27461247,163,94,9244,7777,124319146,57716983,NA,NA,18.987048803902784,17.640987823431587,18.638362575190648,9.131729971394272,5.093750200806762,8.958925938694943,17.225196344300265,17.128286368780675,0.4757914494595118,0.05976764984119498,0.060378966873354756,0.0123458358222992,-0.026394121954169236,0.075289421144074,-0.0017293562459528289,-0.020643510347817084,0.2750983657416626
206,manufacture of bakery products,1965,0,1,260617980,69371480,35526100,41218172,196,103,11293,9100,182255220,76744272,NA,NA,19.37856621490278,18.05498639000488,19.02091857041818,9.331938343723671,5.278114659230517,9.116029692504942,17.385778195577842,17.53438978503904,0.5370846699803211,0.39151741099999526,0.41399856657329437,0.18436445842375448,0.15710375380999864,0.3825559952275306,0.20020837232939925,0.16058185127757696,0.40610341625836455
207,sugar factories and refineries,1951,0,0,NA,NA,NA,NA,NA,NA,NA,NA,NA,NA,NA,NA,NA,NA,NA,NA,NA,NA,NA,NA,NA,NA,NA,NA,NA,NA,NA,NA,NA
207,sugar factories and refineries,1952,0,0,NA,NA,NA,NA,NA,NA,NA,NA,NA,NA,NA,NA,NA,NA,NA,NA,NA,NA,NA,NA,NA,NA,NA,NA,NA,NA,NA,NA,NA
207,sugar factories and refineries,1953,0,0,NA,NA,NA,NA,NA,NA,NA,NA,NA,NA,NA,NA,NA,NA,NA,NA,NA,NA,NA,NA,NA,NA,NA,NA,NA,NA,NA,NA,NA
207,sugar factories and refineries,1954,0,0,NA,NA,NA,NA,NA,NA,NA,NA,NA,NA,NA,NA,NA,NA,NA,NA,NA,NA,NA,NA,NA,NA,NA,NA,NA,NA,NA,NA,NA
207,sugar factories and refineries,1955,0,0,NA,NA,NA,NA,NA,NA,NA,NA,NA,NA,NA,NA,NA,NA,NA,NA,NA,NA,NA,NA,NA,NA,NA,NA,NA,NA,NA,NA,NA
207,sugar factories and refineries,1956,0,0,NA,NA,NA,NA,NA,NA,NA,NA,NA,NA,NA,NA,NA,NA,NA,NA,NA,NA,NA,NA,NA,NA,NA,NA,NA,NA,NA,NA,NA
207,sugar factories and refineries,1957,0,1,NA,NA,NA,NA,NA,NA,NA,NA,NA,NA,NA,NA,NA,NA,NA,NA,NA,NA,NA,NA,NA,NA,NA,NA,NA,NA,NA,NA,NA
207,sugar factories and refineries,1958,0,1,NA,NA,NA,NA,NA,NA,NA,NA,NA,NA,NA,NA,NA,NA,NA,NA,NA,NA,NA,NA,NA,NA,NA,NA,NA,NA,NA,NA,NA
207,sugar factories and refineries,1959,0,1,1454413000,323831000,NA,NA,1209,251,153622,NA,NA,875695000,NA,NA,21.09786821974138,19.595732332735153,NA,11.942250318606058,7.097548850614793,NA,NA,NA,NA,NA,NA,NA,NA,NA,NA,NA,NA
207,sugar factories and refineries,1960,0,1,1897095204,391212185,678950389,445715627,1101,314,134519,108800,1293822668,1124666016,NA,NA,21.36358971325042,19.784760643390367,20.980866981902977,11.809460731987741,7.00397413672268,11.59726661340398,20.33605861805243,19.915191699002833,0.39630932264250085,0.26572149350904084,0.18902831065521397,-0.0935747138921128,NA,NA,-0.1327895866183173,NA,NA
207,sugar factories and refineries,1961,0,1,2354918764,469272753,752779554,664181294,1171,336,139407,114510,1597896542,1416874848,NA,NA,21.57977206870305,19.966694720268173,21.191953940016905,11.845152991255853,7.065613363597717,11.648417434407385,20.43928298593037,20.314065703306476,0.46873651797611277,0.21618235545263076,0.1819340768778055,0.06163922687503742,0.05115082100340551,0.21108695811392764,0.035692259268111926,0.10322436787793876,0.39887400430364295
207,sugar factories and refineries,1962,0,1,2209074673,450421330,828369716,570526931,1319,375,142118,115790,1491696626,1398896647,NA,NA,21.515839564796753,19.92569399157249,21.123179984272703,11.864412977421251,7.1846291527173145,11.65953348460632,20.534970129598737,20.162070932111924,0.4078406594393674,-0.06393250390629746,-0.04100072869568194,0.11901578911959731,0.011116050198934246,-0.0687739557442022,0.019259986165398146,0.09568714366836772,-0.15199477119455196
207,sugar factories and refineries,1963,0,1,1796142534,391112733,877552699,415335658,1302,382,121927,96497,1147378165,1297756357,NA,NA,21.308907165592796,19.7845063960866,20.860745319970146,11.711177783970475,7.171656822768514,11.47726719876093,20.59264756734147,19.844597565738653,0.3212463440878523,-0.20693239920395712,-0.1411875954858921,-0.012972329948800265,-0.1822662858453885,-0.2624346643025568,-0.15323519345077585,0.05767743774273271,-0.31747336637327095
207,sugar factories and refineries,1964,0,1,2427744650,459796896,986562815,433908461,1322,413,133121,105216,1668228246,1420471276,NA,NA,21.61022853574977,19.94629541950937,21.23502796965098,11.799013768046052,7.186901020411631,11.563770658975796,20.709737556007,19.888344150463226,0.30546795864952075,0.30132137015697325,0.16178902342277013,0.015244197643117019,0.08650346021486577,0.3742826496808327,0.08783598407557669,0.11708998866552989,0.04374658472457327
207,sugar factories and refineries,1965,0,1,3073513655,543114418,1064216871,637105490,1406,454,148590,115079,2164278896,1701322361,NA,NA,21.846087257119102,20.11283057024982,21.495353069478476,11.908946114250393,7.2485040723706105,11.6533741280205,20.78550503322396,20.272445804221146,0.3744766451112318,0.2358587213693326,0.1665351507404509,0.061603051958979194,0.08960346904470384,0.2603250998274973,0.10993234620434045,0.07576747721696009,0.38410165375792005
209,manufacture of miscellaneous food preparations,1951,0,0,NA,NA,NA,NA,NA,NA,NA,NA,NA,NA,NA,NA,NA,NA,NA,NA,NA,NA,NA,NA,NA,NA,NA,NA,NA,NA,NA,NA,NA
209,manufacture of miscellaneous food preparations,1952,0,0,NA,NA,NA,NA,NA,NA,NA,NA,NA,NA,NA,NA,NA,NA,NA,NA,NA,NA,NA,NA,NA,NA,NA,NA,NA,NA,NA,NA,NA
209,manufacture of miscellaneous food preparations,1953,0,0,NA,NA,NA,NA,NA,NA,NA,NA,NA,NA,NA,NA,NA,NA,NA,NA,NA,NA,NA,NA,NA,NA,NA,NA,NA,NA,NA,NA,NA
209,manufacture of miscellaneous food preparations,1954,0,0,NA,NA,NA,NA,NA,NA,NA,NA,NA,NA,NA,NA,NA,NA,NA,NA,NA,NA,NA,NA,NA,NA,NA,NA,NA,NA,NA,NA,NA
209,manufacture of miscellaneous food preparations,1955,0,0,NA,NA,NA,NA,NA,NA,NA,NA,NA,NA,NA,NA,NA,NA,NA,NA,NA,NA,NA,NA,NA,NA,NA,NA,NA,NA,NA,NA,NA
209,manufacture of miscellaneous food preparations,1956,0,0,NA,NA,NA,NA,NA,NA,NA,NA,NA,NA,NA,NA,NA,NA,NA,NA,NA,NA,NA,NA,NA,NA,NA,NA,NA,NA,NA,NA,NA
209,manufacture of miscellaneous food preparations,1957,0,1,NA,NA,NA,NA,NA,NA,NA,NA,NA,NA,NA,NA,NA,NA,NA,NA,NA,NA,NA,NA,NA,NA,NA,NA,NA,NA,NA,NA,NA
209,manufacture of miscellaneous food preparations,1958,0,1,NA,NA,NA,NA,NA,NA,NA,NA,NA,NA,NA,NA,NA,NA,NA,NA,NA,NA,NA,NA,NA,NA,NA,NA,NA,NA,NA,NA,NA
209,manufacture of miscellaneous food preparations,1959,0,1,4526328000,759238000,NA,NA,3985,1532,274193,NA,NA,1627922000,NA,NA,22.233176851704258,20.447825856694436,NA,12.5215875169734,8.290292591224315,NA,NA,NA,NA,NA,NA,NA,NA,NA,NA,NA,NA
209,manufacture of miscellaneous food preparations,1960,0,1,4875530911,753291202,797278018,940590578,4282,1662,280843,247137,6777772200,1737868596,NA,NA,22.307494840287035,20.439962433449875,22.636914300832345,12.545551073313128,8.362175469149628,12.417698117715847,20.496714006542042,20.662018510414633,0.5412322773798486,0.07431798858277716,-0.007863423244561574,0.07188287792531334,NA,NA,0.023963556339728243,NA,NA
209,manufacture of miscellaneous food preparations,1961,0,1,5455591215,752777560,786097979,979831308,4242,1647,280379,253701,4544572081,1764241287,NA,NA,22.419906830743685,20.439280337077022,22.237199408548154,12.543897538327965,8.352790135124629,12.443911687242986,20.48259199784095,20.702890980118138,0.5548530822910578,0.11241199045664985,-6.820963728522145e-4,-0.009385334024999636,0.026213569527138603,-0.3997148922841909,-0.0016535349851629633,-0.014122008701093591,0.04087246970350478
209,manufacture of miscellaneous food preparations,1962,0,1,5995973398,792179773,848965042,1095248183,4403,1693,287749,258439,4996918199,1944313225,NA,NA,22.514353980552503,20.49029891013236,22.332087199152475,12.569843851339169,8.390041405755754,12.46241496829455,20.5595285679273,20.81424682567494,0.5633374821838278,0.09444714980881841,0.05101857305533741,0.03725127063112588,0.01850328105156329,0.09488779060432151,0.02594631301120387,0.07693657008634958,0.11135584555680111
209,manufacture of miscellaneous food preparations,1963,0,1,5984156843,733343478,840797717,817304850,4604,1647,293974,264601,5012519613,1828774567,NA,NA,22.512381287669484,20.41312474218325,22.3352045423894,12.59124660703603,8.434680769841773,12.485978309945345,20.54986166225216,20.52152271664225,0.4929157377029741,-0.001972692883018823,-0.07717416794911003,0.04463936408601832,0.023563341650795877,0.0031173432369229204,0.021402755696861675,-0.009666905675139503,-0.2927241090326902
209,manufacture of miscellaneous food preparations,1964,0,1,6784091316,772491719,937223249,964221970,4554,1752,303896,269007,5746644674,1901445219,NA,NA,22.637846195840705,20.465131846937616,22.47188198647636,12.624440816593845,8.423761246623686,12.502492680550235,20.658432071161762,20.686832085405307,0.5070995263839889,0.1254649081712209,0.05200710475436665,-0.01091952321808698,0.016514370604889805,0.13667744408696336,0.0331942095578146,0.10857040890960334,0.16530936876305802
209,manufacture of miscellaneous food preparations,1965,0,1,7843969176,924018380,985383532,1133795661,4651,1891,309877,270827,6601054586,2119179193,NA,NA,22.78301081564505,20.64424252118301,22.610495258971984,12.643930723532073,8.444837529224097,12.509235519629112,20.70854149593936,20.848836832893547,0.5350164180287891,0.14516461980434414,0.1791106742453934,0.02107628260041139,0.006742839078876628,0.13861327249562194,0.01948990693822772,0.05010942477759883,0.1620047474882398
21,chemicals (including drugs),1951,1,0,539927000,208760000,255932000,191233000,386,61,51000,41800,324664999.9999999,NA,45144000,67098000,20.106944503199067,19.156695824739487,19.598304439455298,10.839580911706463,5.955837369464831,10.640651618512848,19.360422342159268,19.069003137831178,0.42765645790703655,NA,NA,NA,NA,NA,NA,NA,NA
21,chemicals (including drugs),1952,1,0,567112000,228432000,389825000,259874000,357,56,50759,39118,338227000,NA,39596000,71973000,20.15606737304957,19.24674913101114,19.63922782565966,10.83484422108265,5.877735781779639,10.574337998097462,19.78120847843522,19.3757074561312,0.39999138062395045,0.04912286985050329,0.09005330627165264,-0.07810158768519226,-0.0663136204153858,0.04092338620436209,-0.004736690623813544,0.42078613627595374,0.3067043183000209
21,chemicals (including drugs),1953,1,0,649477000,319226000,458180000,269197000,346,62,61200,44600,328818000,NA,45517000,89453000,20.291677981592642,19.581409873856845,19.61101496417342,11.021902468500418,5.846438775057725,10.705489138008156,19.942772677969476,19.410954011541993,0.3700928129429443,0.13561060854307172,0.33466074284570624,-0.031297006721914045,0.13115113991069371,-0.028212861486238694,0.18705824741776844,0.16156419953425427,0.03524655541079369
21,chemicals (including drugs),1954,1,0,NA,NA,NA,NA,NA,NA,NA,NA,NA,NA,NA,NA,NA,NA,NA,NA,NA,NA,NA,NA,NA,NA,NA,NA,NA,NA,NA,NA,NA
21,chemicals (including drugs),1955,1,0,NA,NA,NA,NA,NA,NA,NA,NA,NA,NA,NA,NA,NA,NA,NA,NA,NA,NA,NA,NA,NA,NA,NA,NA,NA,NA,NA,NA,NA
21,chemicals (including drugs),1956,1,0,NA,NA,NA,NA,NA,NA,NA,NA,NA,NA,NA,NA,NA,NA,NA,NA,NA,NA,NA,NA,NA,NA,NA,NA,NA,NA,NA,NA,NA
21,chemicals (including drugs),1957,1,1,992200000,377400000,507800000,285600000,530,202,67100,50800,570000000,793400000,NA,NA,20.715435257831224,19.748816190898722,20.16114691879287,11.113939322959773,6.272877006546167,10.835651633566574,20.04559822723485,19.470102788429703,0.3599697504411394,NA,NA,NA,NA,NA,NA,NA,NA
21,chemicals (including drugs),1958,1,1,1117430000,414286000,446022000,329383000,588,135,68526,50929,654139000,762455000,NA,NA,20.834297242669013,19.842067114538462,20.298830425064722,11.134968514278661,6.376726947898627,10.838187784893032,19.915878836122044,19.612731765389988,0.424788336417743,0.11886198483778898,0.09325092363974008,0.1038499413524594,0.002536151326458125,0.137683506271852,0.021029191318888252,-0.1297193911128076,0.14262897696028531
21,chemicals (including drugs),1959,1,1,NA,NA,NA,NA,NA,NA,NA,NA,NA,NA,NA,NA,NA,NA,NA,NA,NA,NA,NA,NA,NA,NA,NA,NA,NA,NA,NA,NA,NA
21,chemicals (including drugs),1960,1,1,NA,NA,NA,NA,NA,NA,NA,NA,NA,NA,NA,NA,NA,NA,NA,NA,NA,NA,NA,NA,NA,NA,NA,NA,NA,NA,NA,NA,NA
21,chemicals (including drugs),1961,1,1,NA,NA,NA,NA,NA,NA,NA,NA,NA,NA,NA,NA,NA,NA,NA,NA,NA,NA,NA,NA,NA,NA,NA,NA,NA,NA,NA,NA,NA
21,chemicals (including drugs),1962,1,1,NA,NA,NA,NA,NA,NA,NA,NA,NA,NA,NA,NA,NA,NA,NA,NA,NA,NA,NA,NA,NA,NA,NA,NA,NA,NA,NA,NA,NA
21,chemicals (including drugs),1963,1,1,NA,NA,NA,NA,NA,NA,NA,NA,NA,NA,NA,NA,NA,NA,NA,NA,NA,NA,NA,NA,NA,NA,NA,NA,NA,NA,NA,NA,NA
21,chemicals (including drugs),1964,1,1,NA,NA,NA,NA,NA,NA,NA,NA,NA,NA,NA,NA,NA,NA,NA,NA,NA,NA,NA,NA,NA,NA,NA,NA,NA,NA,NA,NA,NA
21,chemicals (including drugs),1965,1,1,NA,NA,NA,NA,NA,NA,NA,NA,NA,NA,NA,NA,NA,NA,NA,NA,NA,NA,NA,NA,NA,NA,NA,NA,NA,NA,NA,NA,NA
211,"distilling, rectifying and blending of spirits (alcohol)",1951,0,0,NA,NA,NA,NA,NA,NA,NA,NA,NA,NA,NA,NA,NA,NA,NA,NA,NA,NA,NA,NA,NA,NA,NA,NA,NA,NA,NA,NA,NA
211,"distilling, rectifying and blending of spirits (alcohol)",1952,0,0,NA,NA,NA,NA,NA,NA,NA,NA,NA,NA,NA,NA,NA,NA,NA,NA,NA,NA,NA,NA,NA,NA,NA,NA,NA,NA,NA,NA,NA
211,"distilling, rectifying and blending of spirits (alcohol)",1953,0,0,NA,NA,NA,NA,NA,NA,NA,NA,NA,NA,NA,NA,NA,NA,NA,NA,NA,NA,NA,NA,NA,NA,NA,NA,NA,NA,NA,NA,NA
211,"distilling, rectifying and blending of spirits (alcohol)",1954,0,0,NA,NA,NA,NA,NA,NA,NA,NA,NA,NA,NA,NA,NA,NA,NA,NA,NA,NA,NA,NA,NA,NA,NA,NA,NA,NA,NA,NA,NA
211,"distilling, rectifying and blending of spirits (alcohol)",1955,0,0,NA,NA,NA,NA,NA,NA,NA,NA,NA,NA,NA,NA,NA,NA,NA,NA,NA,NA,NA,NA,NA,NA,NA,NA,NA,NA,NA,NA,NA
211,"distilling, rectifying and blending of spirits (alcohol)",1956,0,0,NA,NA,NA,NA,NA,NA,NA,NA,NA,NA,NA,NA,NA,NA,NA,NA,NA,NA,NA,NA,NA,NA,NA,NA,NA,NA,NA,NA,NA
211,"distilling, rectifying and blending of spirits (alcohol)",1957,0,1,NA,NA,NA,NA,NA,NA,NA,NA,NA,NA,NA,NA,NA,NA,NA,NA,NA,NA,NA,NA,NA,NA,NA,NA,NA,NA,NA,NA,NA
211,"distilling, rectifying and blending of spirits (alcohol)",1958,0,1,NA,NA,NA,NA,NA,NA,NA,NA,NA,NA,NA,NA,NA,NA,NA,NA,NA,NA,NA,NA,NA,NA,NA,NA,NA,NA,NA,NA,NA
211,"distilling, rectifying and blending of spirits (alcohol)",1959,0,1,38587000,13125000,NA,NA,56,52,4530,NA,NA,38616000,NA,NA,17.468425990144624,16.39002936644196,NA,8.41847721847708,4.02535169073515,NA,NA,NA,NA,NA,NA,NA,NA,NA,NA,NA,NA
211,"distilling, rectifying and blending of spirits (alcohol)",1960,0,1,43167102,13534794,27624526,18979139,59,58,4887,3951,24014765,46603665,NA,NA,17.58058923532699,16.4207742611142,16.994179407482484,8.494333897270154,4.07753744390572,8.281723990411392,17.134214559283944,16.75885098657653,0.407245631861786,0.11216324518236576,0.030744894672238843,0.05218575317057006,NA,NA,0.075856678793075,NA,NA
211,"distilling, rectifying and blending of spirits (alcohol)",1961,0,1,40636025,12524319,36289733,17907713,58,57,4242,3560,22415067,54198446,NA,NA,17.520165546411416,16.34318283219955,16.92524392463703,8.352790135124629,4.060443010546419,8.177515823846075,17.407045421763456,16.700742071857633,0.3304161786516656,-0.06042368891557359,-0.07759142891465132,-0.01709443335930061,-0.10420816656531606,-0.06893548284545403,-0.14154376214552578,0.2728308624795126,-0.0581089147188969
211,"distilling, rectifying and blending of spirits (alcohol)",1962,0,1,49992665,16927388,36344840,17467606,61,53,4456,3623,26362300,53812446,NA,NA,17.72738685263092,16.64444345986753,17.087445517206486,8.40200678160712,4.110873864173311,8.195057690895077,17.408562798635028,16.675858637803096,0.32460159867105837,0.2072213062195054,0.30126062766798256,0.05043085362689226,0.01754186704900107,0.1622015925694562,0.04921664648249191,0.0015173768715719405,-0.02488343405453719
211,"distilling, rectifying and blending of spirits (alcohol)",1963,0,1,55145004,19442994,34554367,10361655,63,54,4612,3709,29999738,51464022,NA,NA,17.825476710258425,16.782997357483563,17.21669920625496,8.436416881388949,4.143134726391533,8.21851757748959,17.35804449671736,16.153622531071843,0.23068950763271065,0.09808985762750311,0.1385538976160312,0.03226086221822122,0.023459886594514145,0.12925368904847545,0.03441009978182841,-0.05051830191766982,-0.5222361067312526
211,"distilling, rectifying and blending of spirits (alcohol)",1964,0,1,59350496,21748926,43756594,23859016,64,54,4483,3544,30938962,67615610,NA,NA,17.898971036188062,16.895074934969426,17.247526853742283,8.40804774415544,4.1588830833596715,8.173011311724972,17.594152879410778,16.987672733213635,0.35286254165273373,0.07349432592963723,0.11207757748586289,0.01574835696813892,-0.0455062657646188,0.03082764748732103,-0.028369137233509534,0.23610838269341983,0.8340502021417926
211,"distilling, rectifying and blending of spirits (alcohol)",1965,0,1,68414685,23938124,42772717,22556361,62,53,4220,3284,35746456,65329078,NA,NA,18.041098052531996,16.990982892450496,17.39196168932317,8.347590407030058,4.127134385045092,8.096817470572319,17.57141100402128,16.931527668391883,0.3452729120101772,0.14212701634393454,0.09590795748107084,-0.031748698314579826,-0.07619384115265326,0.14443483558088843,-0.06045733712538137,-0.022741875389499455,-0.0561450648217523
212,wine industries,1951,0,0,NA,NA,NA,NA,NA,NA,NA,NA,NA,NA,NA,NA,NA,NA,NA,NA,NA,NA,NA,NA,NA,NA,NA,NA,NA,NA,NA,NA,NA
212,wine industries,1952,0,0,NA,NA,NA,NA,NA,NA,NA,NA,NA,NA,NA,NA,NA,NA,NA,NA,NA,NA,NA,NA,NA,NA,NA,NA,NA,NA,NA,NA,NA
212,wine industries,1953,0,0,NA,NA,NA,NA,NA,NA,NA,NA,NA,NA,NA,NA,NA,NA,NA,NA,NA,NA,NA,NA,NA,NA,NA,NA,NA,NA,NA,NA,NA
212,wine industries,1954,0,0,NA,NA,NA,NA,NA,NA,NA,NA,NA,NA,NA,NA,NA,NA,NA,NA,NA,NA,NA,NA,NA,NA,NA,NA,NA,NA,NA,NA,NA
212,wine industries,1955,0,0,NA,NA,NA,NA,NA,NA,NA,NA,NA,NA,NA,NA,NA,NA,NA,NA,NA,NA,NA,NA,NA,NA,NA,NA,NA,NA,NA,NA,NA
212,wine industries,1956,0,0,NA,NA,NA,NA,NA,NA,NA,NA,NA,NA,NA,NA,NA,NA,NA,NA,NA,NA,NA,NA,NA,NA,NA,NA,NA,NA,NA,NA,NA
212,wine industries,1957,0,1,NA,NA,NA,NA,NA,NA,NA,NA,NA,NA,NA,NA,NA,NA,NA,NA,NA,NA,NA,NA,NA,NA,NA,NA,NA,NA,NA,NA,NA
212,wine industries,1958,0,1,NA,NA,NA,NA,NA,NA,NA,NA,NA,NA,NA,NA,NA,NA,NA,NA,NA,NA,NA,NA,NA,NA,NA,NA,NA,NA,NA,NA,NA
212,wine industries,1959,0,1,3700000,1300000,NA,NA,4,4,558,NA,NA,3900000,NA,NA,15.123843377614453,14.077874822431765,NA,6.324358962381311,1.3862943611198906,NA,NA,NA,NA,NA,NA,NA,NA,NA,NA,NA,NA
212,wine industries,1960,0,1,3207519,1390195,692146,1298068,4,4,301,255,1655800,1990214,NA,NA,14.981008299070908,14.144954583037249,14.319794833686842,5.707110264748875,1.3862943611198906,5.541263545158426,13.447552195005056,14.07638756316363,0.6522253385816802,-0.14283507854354482,0.06707976060548404,0,NA,NA,-0.6172486976324354,NA,NA
212,wine industries,1961,0,1,12440286,4586031,2620718,3794534,12,12,1177,938,6668843,6415252,NA,NA,16.33645063536473,15.338525502080586,15.712956939576948,7.0707241072602764,2.4849066497880004,6.843749949006225,14.778958883995115,15.149072168123292,0.5914863515883709,1.355442336293823,1.1935709190433368,1.0986122886681098,1.3024864038477988,1.3931621058901058,1.363613842511401,1.331406688990059,1.0726846049596617
212,wine industries,1962,0,1,15474729,4258037,4380136,6008863,10,10,1302,1062,9342249,10388999,NA,NA,16.55471886426528,15.264318813923406,16.050057573510436,7.171656822768514,2.302585092994046,6.967909201801884,15.292590332098891,15.60874610392153,0.5783870996618635,0.21826822890054842,-0.07420668815717946,-0.18232155679395445,0.12415925279565965,0.3371006339334883,0.10093271550823779,0.5136314481037765,0.45967393579823757
212,wine industries,1963,0,1,18316326,2251243,8805086,9254444,8,8,1287,1061,13209377,18059530,NA,NA,16.72330335124672,14.626993066083793,16.3964375141449,7.160069207596127,2.0794415416798357,6.966967138613983,15.990840067042486,16.04061442655033,0.5124410214440797,0.16858448698144102,-0.637325747839613,-0.22314355131421015,-9.420631879013541e-4,0.3463799406344634,-0.011587615172387267,0.6982497349435945,0.4318683226288016
212,wine industries,1964,0,1,71722252,27577861,25030931,14555415,12,12,2895,2325,38889078,39586346,NA,NA,18.088311606096696,17.13252387112165,17.476223997956833,7.970740390007095,2.4849066497880004,7.751475318021456,17.035622858081787,16.49347364729403,0.3676877628463107,1.3650082548499753,2.5055308050378553,0.4054651081081646,0.7845081794074735,1.079786483811933,0.8106711824109682,1.0447827910393013,0.4528592207437008
212,wine industries,1965,0,1,98489927,46486238,39324210,25249909,12,12,3224,2546,44001985,64574119,NA,NA,18.405464836953612,17.654666869764426,17.599745304501308,8.07837810362652,2.4849066497880004,7.842278779117352,17.487350917704923,17.044333109718753,0.3910221214167862,0.31715323085691693,0.5221429986427779,0,0.09080346109589588,0.12352130654447535,0.10763771361942442,0.4517280596231359,0.5508594624247216
213,breweries and manufacture of malt,1951,0,0,NA,NA,NA,NA,NA,NA,NA,NA,NA,NA,NA,NA,NA,NA,NA,NA,NA,NA,NA,NA,NA,NA,NA,NA,NA,NA,NA,NA,NA
213,breweries and manufacture of malt,1952,0,0,NA,NA,NA,NA,NA,NA,NA,NA,NA,NA,NA,NA,NA,NA,NA,NA,NA,NA,NA,NA,NA,NA,NA,NA,NA,NA,NA,NA,NA
213,breweries and manufacture of malt,1953,0,0,NA,NA,NA,NA,NA,NA,NA,NA,NA,NA,NA,NA,NA,NA,NA,NA,NA,NA,NA,NA,NA,NA,NA,NA,NA,NA,NA,NA,NA
213,breweries and manufacture of malt,1954,0,0,NA,NA,NA,NA,NA,NA,NA,NA,NA,NA,NA,NA,NA,NA,NA,NA,NA,NA,NA,NA,NA,NA,NA,NA,NA,NA,NA,NA,NA
213,breweries and manufacture of malt,1955,0,0,NA,NA,NA,NA,NA,NA,NA,NA,NA,NA,NA,NA,NA,NA,NA,NA,NA,NA,NA,NA,NA,NA,NA,NA,NA,NA,NA,NA,NA
213,breweries and manufacture of malt,1956,0,0,NA,NA,NA,NA,NA,NA,NA,NA,NA,NA,NA,NA,NA,NA,NA,NA,NA,NA,NA,NA,NA,NA,NA,NA,NA,NA,NA,NA,NA
213,breweries and manufacture of malt,1957,0,1,NA,NA,NA,NA,NA,NA,NA,NA,NA,NA,NA,NA,NA,NA,NA,NA,NA,NA,NA,NA,NA,NA,NA,NA,NA,NA,NA,NA,NA
213,breweries and manufacture of malt,1958,0,1,NA,NA,NA,NA,NA,NA,NA,NA,NA,NA,NA,NA,NA,NA,NA,NA,NA,NA,NA,NA,NA,NA,NA,NA,NA,NA,NA,NA,NA
213,breweries and manufacture of malt,1959,0,1,21739000,11593000,NA,NA,5,5,650,NA,NA,10779000,NA,NA,16.894618440439316,16.26591202565254,NA,6.476972362889683,1.6094379124341003,NA,NA,NA,NA,NA,NA,NA,NA,NA,NA,NA,NA
213,breweries and manufacture of malt,1960,0,1,20666486,8141377,6005830,5573461,5,5,701,572,9949535,11579291,NA,NA,16.84402391236756,15.912469888291167,16.11303637437438,6.55250788703459,1.6094379124341003,6.349138991379798,15.608241222096513,15.53352678338893,0.48133007452701554,-0.05059452807175546,-0.3534421373613732,0,NA,NA,0.07553552414490738,NA,NA
213,breweries and manufacture of malt,1961,0,1,28029039,14095057,6422736,6877000,9,9,1012,868,12799801,13302736,NA,NA,17.14875163785827,16.461334726509403,16.364940181893992,6.919683849847411,2.1972245773362196,6.7661917146603505,15.675354753106557,15.743693068301972,0.5170779329755117,0.30472772549070726,0.5488648382182362,0.5877866649021193,0.41705272328055276,0.2519038075196107,0.36717596281282106,0.06711353101004391,0.21016628491304168
213,breweries and manufacture of malt,1962,0,1,36193149,10178846,11736090,19818936,8,8,1210,1055,24413235,31555026,NA,NA,17.404380404741527,16.135822203132488,17.01063596124073,7.098375638590786,2.0794415416798357,6.961296045910167,16.278179267487207,16.80214840227679,0.6280754134064095,0.25562876688325886,-0.32551252337691494,-0.11778303565638382,0.19510433124981663,0.6456957793467382,0.1786917887433752,0.6028245143806501,1.0584553339748162
213,breweries and manufacture of malt,1963,0,1,30767428,13221186,12335388,3740409,8,8,1393,1240,15471482,16067797,NA,NA,17.241967155894258,16.397331100920617,16.55450901628021,7.239214973779806,2.0794415416798357,7.122866658599083,16.327982762659644,15.134705521700303,0.2326733162903214,-0.16241324884726893,0.26150889778812925,0,0.16157061268891582,-0.45612694496051986,0.14083933518901937,0.049803495172437096,-1.6674428805764858
213,breweries and manufacture of malt,1964,0,1,23626991,8092618,8810200,19272148,10,7,1196,1040,11325377,28082348,NA,NA,16.977900302925406,15.906462846078762,16.242556517962523,7.086737934510577,2.302585092994046,6.946975992135418,15.991420699130284,16.774171502782433,0.6862726720714379,-0.2640668529688526,-0.49086825484185503,0.22314355131421015,-0.17589066646366458,-0.31195249831768734,-0.15247703926922895,-0.33656206352936024,1.6394659810821306
213,breweries and manufacture of malt,1965,0,1,32207695,8750336,9087251,15060940,9,9,1287,1100,19854491,24148191,NA,NA,17.287715957119904,15.984602657596536,16.8039407863589,7.160069207596127,2.1972245773362196,7.003065458786462,16.022383000173413,16.527615195386833,0.6236881263693831,0.3098156541944981,0.07813981151777405,-0.10536051565782634,0.056089466651043196,0.5613842683963775,0.07333127308555021,0.030962301043128804,-0.24655630739560053
22,"aluminium, copper and brass",1951,1,0,235711000,51954000,67701000,102922000,403,64,25700,22300,180329000,NA,19437000,27047000,19.278117036312494,17.765869269657994,19.01029351827907,10.154246270883311,5.998936561946683,10.01234195744821,18.030611508822158,18.449481977757994,0.6032129314336285,NA,NA,NA,NA,NA,NA,NA,NA
22,"aluminium, copper and brass",1952,1,0,288121000,39983000.00000001,68463000,94581000,362,57,20043,16247,247291000,NA,15872000,27642000,19.47889108875548,17.503964921740113,19.326076338784517,9.905635244593586,5.8916442118257715,9.69566355532975,18.04180401131566,18.364967168183952,0.5800949436961802,0.20077405244298419,-0.26190434791788064,-0.1072923501209111,-0.31667840211846077,0.31578282050544715,-0.24861102628972453,0.011192502493500456,-0.084514809574042
22,"aluminium, copper and brass",1953,1,0,263731000,53399000,81333000,84207000,378,65,19300,16100,209118000,NA,15932000,27837000,19.390440202245003,17.793302577163317,19.158409243907688,9.867860374892977,5.934894195619588,9.686574550972555,18.214062396220314,18.248788611148925,0.5086806814063066,-0.08845088651047561,0.28933765542320344,0.043249983793816504,-0.009089004357194952,-0.16766709487682974,-0.03777486970060906,0.17225838490465506,-0.11617855703502755
22,"aluminium, copper and brass",1954,1,0,NA,NA,NA,NA,NA,NA,NA,NA,NA,NA,NA,NA,NA,NA,NA,NA,NA,NA,NA,NA,NA,NA,NA,NA,NA,NA,NA,NA,NA
22,"aluminium, copper and brass",1955,1,0,NA,NA,NA,NA,NA,NA,NA,NA,NA,NA,NA,NA,NA,NA,NA,NA,NA,NA,NA,NA,NA,NA,NA,NA,NA,NA,NA,NA,NA
22,"aluminium, copper and brass",1956,1,0,NA,NA,NA,NA,NA,NA,NA,NA,NA,NA,NA,NA,NA,NA,NA,NA,NA,NA,NA,NA,NA,NA,NA,NA,NA,NA,NA,NA,NA
22,"aluminium, copper and brass",1957,1,1,548018000,121814000,99279000,129123000,671,127,42400,36300,404549000,228402000,NA,NA,20.121818691088176,18.61800584916342,19.81828342433273,10.654903641220049,6.508769136971682,10.499573020252942,18.41344462628774,18.676275996416745,0.5653321774765545,NA,NA,NA,NA,NA,NA,NA,NA
22,"aluminium, copper and brass",1958,1,1,464882000,121111000,74257000,123472000,672,86,35108,28500,325677000,197729000,NA,NA,19.95729416790738,18.61221803841963,19.601416650620624,10.466184303712009,6.5102583405231496,10.257659366256743,18.12304260729765,18.63152496767952,0.6244506369829413,-0.1645245231807948,-0.005787810743790089,0.0014892035514675328,-0.24191365399619968,-0.2168667737121055,-0.18871933750804004,-0.29040201899008977,-0.04475102873722392
22,"aluminium, copper and brass",1959,1,1,NA,NA,NA,NA,NA,NA,NA,NA,NA,NA,NA,NA,NA,NA,NA,NA,NA,NA,NA,NA,NA,NA,NA,NA,NA,NA,NA,NA,NA
22,"aluminium, copper and brass",1960,1,1,NA,NA,NA,NA,NA,NA,NA,NA,NA,NA,NA,NA,NA,NA,NA,NA,NA,NA,NA,NA,NA,NA,NA,NA,NA,NA,NA,NA,NA
22,"aluminium, copper and brass",1961,1,1,NA,NA,NA,NA,NA,NA,NA,NA,NA,NA,NA,NA,NA,NA,NA,NA,NA,NA,NA,NA,NA,NA,NA,NA,NA,NA,NA,NA,NA
22,"aluminium, copper and brass",1962,1,1,NA,NA,NA,NA,NA,NA,NA,NA,NA,NA,NA,NA,NA,NA,NA,NA,NA,NA,NA,NA,NA,NA,NA,NA,NA,NA,NA,NA,NA
22,"aluminium, copper and brass",1963,1,1,NA,NA,NA,NA,NA,NA,NA,NA,NA,NA,NA,NA,NA,NA,NA,NA,NA,NA,NA,NA,NA,NA,NA,NA,NA,NA,NA,NA,NA
22,"aluminium, copper and brass",1964,1,1,NA,NA,NA,NA,NA,NA,NA,NA,NA,NA,NA,NA,NA,NA,NA,NA,NA,NA,NA,NA,NA,NA,NA,NA,NA,NA,NA,NA,NA
22,"aluminium, copper and brass",1965,1,1,NA,NA,NA,NA,NA,NA,NA,NA,NA,NA,NA,NA,NA,NA,NA,NA,NA,NA,NA,NA,NA,NA,NA,NA,NA,NA,NA,NA,NA
220,tobacco manufacture,1951,0,0,NA,NA,NA,NA,NA,NA,NA,NA,NA,NA,NA,NA,NA,NA,NA,NA,NA,NA,NA,NA,NA,NA,NA,NA,NA,NA,NA,NA,NA
220,tobacco manufacture,1952,0,0,NA,NA,NA,NA,NA,NA,NA,NA,NA,NA,NA,NA,NA,NA,NA,NA,NA,NA,NA,NA,NA,NA,NA,NA,NA,NA,NA,NA,NA
220,tobacco manufacture,1953,0,0,NA,NA,NA,NA,NA,NA,NA,NA,NA,NA,NA,NA,NA,NA,NA,NA,NA,NA,NA,NA,NA,NA,NA,NA,NA,NA,NA,NA,NA
220,tobacco manufacture,1954,0,0,NA,NA,NA,NA,NA,NA,NA,NA,NA,NA,NA,NA,NA,NA,NA,NA,NA,NA,NA,NA,NA,NA,NA,NA,NA,NA,NA,NA,NA
220,tobacco manufacture,1955,0,0,NA,NA,NA,NA,NA,NA,NA,NA,NA,NA,NA,NA,NA,NA,NA,NA,NA,NA,NA,NA,NA,NA,NA,NA,NA,NA,NA,NA,NA
220,tobacco manufacture,1956,0,0,NA,NA,NA,NA,NA,NA,NA,NA,NA,NA,NA,NA,NA,NA,NA,NA,NA,NA,NA,NA,NA,NA,NA,NA,NA,NA,NA,NA,NA
220,tobacco manufacture,1957,0,1,NA,NA,NA,NA,NA,NA,NA,NA,NA,NA,NA,NA,NA,NA,NA,NA,NA,NA,NA,NA,NA,NA,NA,NA,NA,NA,NA,NA,NA
220,tobacco manufacture,1958,0,1,NA,NA,NA,NA,NA,NA,NA,NA,NA,NA,NA,NA,NA,NA,NA,NA,NA,NA,NA,NA,NA,NA,NA,NA,NA,NA,NA,NA,NA
220,tobacco manufacture,1959,0,1,1085300000,225036000,NA,NA,2690,825,181478,NA,NA,289025000,NA,NA,20.805122283416242,19.23177094737006,NA,12.108889713219048,7.897296472595885,NA,NA,NA,NA,NA,NA,NA,NA,NA,NA,NA,NA
220,tobacco manufacture,1960,0,1,1185809705,243716552,80741790,257196938,2685,803,182097,169078,723086493,337938728,NA,NA,20.89369167355217,19.311516435862252,20.39903940367325,12.112294791115414,7.895436006942965,12.038115425890634,18.206766843071485,19.36535264512468,0.761075652743772,0.0885693901359268,0.07974548849219332,-0.0018604656529195296,NA,NA,0.0034050778963656825,NA,NA
220,tobacco manufacture,1961,0,1,1302677446,271894189,77760422,286360788,2676,829,169554,161920,803883590,374904210,NA,NA,20.987687557245483,19.42092353754644,20.50496502810315,12.040926739136308,7.892078421248119,11.994857665081238,18.169143145056463,19.472763070269448,0.786443580147391,0.09399588369331369,0.10940710168418732,-0.0033575856948466765,-0.04325776080939647,0.10592562442990072,-0.07136805197910512,-0.037623698015021745,0.10741042514476717
220,tobacco manufacture,1962,0,1,1287106098,269869981,84752285,300863609,2364,728,160530,152611,777702995,385615894,NA,NA,20.975662200390996,19.413450849127468,20.471855254757152,11.98623611997346,7.768110378525988,11.935647479114,18.255243265513293,19.522167593774583,0.7802157890307291,-0.012025356854486802,-0.007472688418971529,-0.12396804272213036,-0.05921018596723826,-0.033109773345998406,-0.05469061916284801,0.08610012045683035,0.049404523505135245
220,tobacco manufacture,1963,0,1,1473311700,295162524,84729301,260083699,1936,640,138035,131535,836825812,410763000,NA,NA,21.11077856100219,19.503036691412092,20.545126496879508,11.835262555170823,7.568379267836522,11.787028254881566,18.254972038406166,19.376514056405693,0.7542746329169724,0.13511636061119248,0.08958584228462385,-0.19973111068946636,-0.14861922423243357,0.07327124212235603,-0.15097356480263713,-2.7122710712745857e-4,-0.14565353736889008
220,tobacco manufacture,1964,0,1,1610963992,308486662,86948808,346263257,1933,680,137024,127293,876255184,433212065,NA,NA,21.20009858955688,19.54718916536695,20.591167912415404,11.827911371949355,7.566828479208331,11.75424679481678,18.280830089642418,19.6627099020975,0.7992927366877467,0.08932002855469179,0.04415247395485977,-0.0015507886281911354,-0.032781460064786216,0.046041415535896135,-0.007351183221468105,0.025858051236252066,0.28619584569180745
220,tobacco manufacture,1965,0,1,1918570479,402067153,95370305,364337641,1910,680,131369,120334,1102113910,459707946,NA,NA,21.374846203489412,19.812129679896135,20.820495908941346,11.785765436346585,7.554858521040676,11.698026488797767,18.373277819620654,19.71359158082458,0.7925415346203305,0.17474761393253146,0.264940514529183,-0.011969958167655115,-0.05622030601901251,0.22932799652594227,-0.042145935602770024,0.09244772997823603,0.05088167872708027
23,iron and steel,1951,1,0,996591000,476098000,490437000,338169000,1277,94,151500,127900,516076000,NA,182768000,236575000,20.719851013066407,19.98113427335777,20.061764599421902,11.928340903931561,7.152268856032539,11.759003987566935,20.010807388353548,19.639056328488945,0.4081179716294596,NA,NA,NA,NA,NA,NA,NA,NA
23,iron and steel,1952,1,0,1038579000,458963000,457395000,454242000,1202,94,129220,107548,573680000,NA,152141000,230565000,20.76111926964379,19.94448015475387,20.167582307538595,11.769271657112157,7.091742115095153,11.585692538521108,19.941057908142092,19.934140653638032,0.4982706932693605,0.04126825657738209,-0.03665411860390222,-0.060526740937386414,-0.1733114490458263,0.10581770811669244,-0.1590692468194046,-0.06974948021145622,0.29508432514908733
23,iron and steel,1953,1,0,1042857000,517299000,440825000,450510999.9999999,1130,98,123500,101500,519081000.0000001,NA,153648000,226559000,20.765229899059133,20.06413160185763,20.06757049831677,11.72399643505017,7.029972911706386,11.52781407746398,19.90415852925826,19.925893052028663,0.5054334168035398,0.004110629415343681,0.11965144710375952,-0.061769203388767124,-0.057878461057129016,-0.10001180922182584,-0.04527522206198675,-0.03689937888383099,-0.008247601609369326
23,iron and steel,1954,1,0,NA,NA,NA,NA,NA,NA,NA,NA,NA,NA,NA,NA,NA,NA,NA,NA,NA,NA,NA,NA,NA,NA,NA,NA,NA,NA,NA,NA,NA
23,iron and steel,1955,1,0,NA,NA,NA,NA,NA,NA,NA,NA,NA,NA,NA,NA,NA,NA,NA,NA,NA,NA,NA,NA,NA,NA,NA,NA,NA,NA,NA,NA,NA
23,iron and steel,1956,1,0,NA,NA,NA,NA,NA,NA,NA,NA,NA,NA,NA,NA,NA,NA,NA,NA,NA,NA,NA,NA,NA,NA,NA,NA,NA,NA,NA,NA,NA
23,iron and steel,1957,1,1,2145231000,890411000,761300000,440800000,1239,286,182400,150700,1158977000,1204791000,NA,NA,21.486513075835685,20.6071937118475,20.870803556413417,12.113957356622368,7.122059881629142,11.923046384614587,20.45053805627644,19.904101815802978,0.36669162299309543,NA,NA,NA,NA,NA,NA,NA,NA
23,iron and steel,1958,1,1,2129598000,847326000,1500824000,376326000,1226,233,173567,142411,1231707000,1876844000,NA,NA,21.47919906646118,20.557596066405438,20.931666849097642,12.064318970972682,7.111512116496157,11.866472522167614,21.12928012755959,19.74596634698493,0.20047731934048957,-0.0073140093745038826,-0.0495976454420628,-0.010547765132985276,-0.05657386244697271,0.060863292684224746,-0.049638385649686256,0.6787420712831498,-0.15813546881804896
23,iron and steel,1959,1,1,NA,NA,NA,NA,NA,NA,NA,NA,NA,NA,NA,NA,NA,NA,NA,NA,NA,NA,NA,NA,NA,NA,NA,NA,NA,NA,NA,NA,NA
23,iron and steel,1960,1,1,NA,NA,NA,NA,NA,NA,NA,NA,NA,NA,NA,NA,NA,NA,NA,NA,NA,NA,NA,NA,NA,NA,NA,NA,NA,NA,NA,NA,NA
23,iron and steel,1961,1,1,NA,NA,NA,NA,NA,NA,NA,NA,NA,NA,NA,NA,NA,NA,NA,NA,NA,NA,NA,NA,NA,NA,NA,NA,NA,NA,NA,NA,NA
23,iron and steel,1962,1,1,NA,NA,NA,NA,NA,NA,NA,NA,NA,NA,NA,NA,NA,NA,NA,NA,NA,NA,NA,NA,NA,NA,NA,NA,NA,NA,NA,NA,NA
23,iron and steel,1963,1,1,NA,NA,NA,NA,NA,NA,NA,NA,NA,NA,NA,NA,NA,NA,NA,NA,NA,NA,NA,NA,NA,NA,NA,NA,NA,NA,NA,NA,NA
23,iron and steel,1964,1,1,NA,NA,NA,NA,NA,NA,NA,NA,NA,NA,NA,NA,NA,NA,NA,NA,NA,NA,NA,NA,NA,NA,NA,NA,NA,NA,NA,NA,NA
23,iron and steel,1965,1,1,NA,NA,NA,NA,NA,NA,NA,NA,NA,NA,NA,NA,NA,NA,NA,NA,NA,NA,NA,NA,NA,NA,NA,NA,NA,NA,NA,NA,NA
231,"spinning, weaving and finishing of textiles",1951,0,0,NA,NA,NA,NA,NA,NA,NA,NA,NA,NA,NA,NA,NA,NA,NA,NA,NA,NA,NA,NA,NA,NA,NA,NA,NA,NA,NA,NA,NA
231,"spinning, weaving and finishing of textiles",1952,0,0,NA,NA,NA,NA,NA,NA,NA,NA,NA,NA,NA,NA,NA,NA,NA,NA,NA,NA,NA,NA,NA,NA,NA,NA,NA,NA,NA,NA,NA
231,"spinning, weaving and finishing of textiles",1953,0,0,NA,NA,NA,NA,NA,NA,NA,NA,NA,NA,NA,NA,NA,NA,NA,NA,NA,NA,NA,NA,NA,NA,NA,NA,NA,NA,NA,NA,NA
231,"spinning, weaving and finishing of textiles",1954,0,0,NA,NA,NA,NA,NA,NA,NA,NA,NA,NA,NA,NA,NA,NA,NA,NA,NA,NA,NA,NA,NA,NA,NA,NA,NA,NA,NA,NA,NA
231,"spinning, weaving and finishing of textiles",1955,0,0,NA,NA,NA,NA,NA,NA,NA,NA,NA,NA,NA,NA,NA,NA,NA,NA,NA,NA,NA,NA,NA,NA,NA,NA,NA,NA,NA,NA,NA
231,"spinning, weaving and finishing of textiles",1956,0,0,NA,NA,NA,NA,NA,NA,NA,NA,NA,NA,NA,NA,NA,NA,NA,NA,NA,NA,NA,NA,NA,NA,NA,NA,NA,NA,NA,NA,NA
231,"spinning, weaving and finishing of textiles",1957,0,1,NA,NA,NA,NA,NA,NA,NA,NA,NA,NA,NA,NA,NA,NA,NA,NA,NA,NA,NA,NA,NA,NA,NA,NA,NA,NA,NA,NA,NA
231,"spinning, weaving and finishing of textiles",1958,0,1,NA,NA,NA,NA,NA,NA,NA,NA,NA,NA,NA,NA,NA,NA,NA,NA,NA,NA,NA,NA,NA,NA,NA,NA,NA,NA,NA,NA,NA
231,"spinning, weaving and finishing of textiles",1959,0,1,7653556000,2402899000,NA,NA,3412,1408,1159824,NA,NA,3640798000,NA,NA,22.7584362133831,21.599941762022585,NA,13.963778827433345,8.13505390861157,NA,NA,NA,NA,NA,NA,NA,NA,NA,NA,NA,NA
231,"spinning, weaving and finishing of textiles",1960,0,1,9064835236,2801714182,2235821657,1410639227,3687,1457,1153620,1074273,5729057044,3646460874,NA,NA,22.927668505146897,21.75349727466193,22.46881678938385,13.958415382394437,8.212568398234145,13.887154711694292,21.52787462921928,21.06730879108557,0.38685159991421425,0.16923229176379806,0.15355551263934686,0.07751448962257612,NA,NA,-0.005363445038907955,NA,NA
231,"spinning, weaving and finishing of textiles",1961,0,1,10518347485,3152855713,2591923449,1839514158,3970,1513,1189664,1117930,6678578053,4424076607,NA,NA,23.076386948742215,21.871574454648087,22.62217093551835,13.989181472277439,8.286521373681236,13.926989318930183,21.6756660814355,21.332767329136185,0.41510550776891486,0.1487184435953175,0.1180771799861553,0.07395297544709045,0.03983460723589083,0.15335414613450027,0.030766089883002223,0.14779145221622159,0.26545853805061626
231,"spinning, weaving and finishing of textiles",1962,0,1,11295699632,3440535603,3029049901,2274046668,4141,1573,1205246,1128145,7020924974,5303105569,NA,NA,23.147687926692203,21.958892994758468,22.672160808982255,14.002194253448836,8.328692583545568,13.93608524887809,21.831514843269808,21.544826754491613,0.42881487040859506,0.07130097794998846,0.0873185401103811,0.04217120986433187,0.009095929947907422,0.04998987346390393,0.013012781171397592,0.15584876183430652,0.21205942535542732
231,"spinning, weaving and finishing of textiles",1963,0,1,12428446465,3621164745,3537409125,2110963223,4349,1517,1208194,1129082,7747544881,5838846348,NA,NA,23.243253751954903,22.0100615637952,22.77064184057487,14.004637240609226,8.37770121259764,13.936915471140912,21.986660410539862,21.4704101840597,0.3737294733672186,0.09556582526269963,0.05116856903673295,0.049008629052071484,8.302222628220335e-4,0.09848103159261612,0.002442987160389265,0.15514556727005413,-0.07441657043191441
231,"spinning, weaving and finishing of textiles",1964,0,1,13824190444,3899705295,3924615784,2315062754,4363,1619,1258918,1156383,8613362207,6248042738,NA,NA,23.349685825244237,22.08416682184219,22.876580579392968,14.04576317984897,8.38091517312361,13.960807588220698,22.09053429396255,21.5627026316766,0.371022760211305,0.10643207328933357,0.07410525804698764,0.0032139605259704496,0.02389211707978589,0.10593873881809657,0.041125939239744724,0.10387388342268622,0.09229244761690225
231,"spinning, weaving and finishing of textiles",1965,0,1,14702989504,4049399511,4228074305,2269668825,4498,1726,1249663,1135476,9310377935,6497743130,NA,NA,23.41131667767376,22.12183443818305,22.95439552193347,14.03838447292987,8.411388132519262,13.942562504240973,22.165012479303282,21.542899765725956,0.3493011003345095,0.061630852429523486,0.0376676163408618,0.03047295939565231,-0.018245083979724797,0.07781494254050259,-0.007378706919100253,0.07447818534073392,-0.019802865950644843
232,knitting mills,1951,0,0,NA,NA,NA,NA,NA,NA,NA,NA,NA,NA,NA,NA,NA,NA,NA,NA,NA,NA,NA,NA,NA,NA,NA,NA,NA,NA,NA,NA,NA
232,knitting mills,1952,0,0,NA,NA,NA,NA,NA,NA,NA,NA,NA,NA,NA,NA,NA,NA,NA,NA,NA,NA,NA,NA,NA,NA,NA,NA,NA,NA,NA,NA,NA
232,knitting mills,1953,0,0,NA,NA,NA,NA,NA,NA,NA,NA,NA,NA,NA,NA,NA,NA,NA,NA,NA,NA,NA,NA,NA,NA,NA,NA,NA,NA,NA,NA,NA
232,knitting mills,1954,0,0,NA,NA,NA,NA,NA,NA,NA,NA,NA,NA,NA,NA,NA,NA,NA,NA,NA,NA,NA,NA,NA,NA,NA,NA,NA,NA,NA,NA,NA
232,knitting mills,1955,0,0,NA,NA,NA,NA,NA,NA,NA,NA,NA,NA,NA,NA,NA,NA,NA,NA,NA,NA,NA,NA,NA,NA,NA,NA,NA,NA,NA,NA,NA
232,knitting mills,1956,0,0,NA,NA,NA,NA,NA,NA,NA,NA,NA,NA,NA,NA,NA,NA,NA,NA,NA,NA,NA,NA,NA,NA,NA,NA,NA,NA,NA,NA,NA
232,knitting mills,1957,0,1,NA,NA,NA,NA,NA,NA,NA,NA,NA,NA,NA,NA,NA,NA,NA,NA,NA,NA,NA,NA,NA,NA,NA,NA,NA,NA,NA,NA,NA
232,knitting mills,1958,0,1,NA,NA,NA,NA,NA,NA,NA,NA,NA,NA,NA,NA,NA,NA,NA,NA,NA,NA,NA,NA,NA,NA,NA,NA,NA,NA,NA,NA,NA
232,knitting mills,1959,0,1,105718000,22201000,NA,NA,420,126,11512,NA,NA,45229000,NA,NA,18.476285729625086,16.915647890873057,NA,9.351145248567203,6.040254711277414,NA,NA,NA,NA,NA,NA,NA,NA,NA,NA,NA,NA
232,knitting mills,1960,0,1,89994532,18289693,15320778,17602488,477,113,9528,8382,66191881,32923266,NA,NA,18.31525947089329,16.721848235097692,18.008068369881375,9.161990111035136,6.1675164908883415,9.033841828485016,16.54472050427711,16.683550813653845,0.5346519388447064,-0.16102625873179477,-0.19379965577536495,0.12726177961092766,NA,NA,-0.18915513753206703,NA,NA
232,knitting mills,1961,0,1,100711658,21698641,14999810,21568556,448,108,8779,7706,71935239,37131366,NA,NA,18.427772120600718,16.89276018982144,18.091276813891625,9.080117784926209,6.104793232414985,8.949754525186103,16.523548092319594,16.88674707129365,0.5898145954894457,0.11251264970742625,0.1709119547237492,-0.06272325847335658,-0.08408730329891334,0.08320844401024985,-0.08187232610892714,-0.02117241195751518,0.20319625763980653
232,knitting mills,1962,0,1,138406567,28234908,15603194,35351051,444,103,9899,8551,101631598,50954245,NA,NA,18.74570604944412,17.156069642716492,18.436865048693964,9.200189020919808,6.095824562432225,9.053803514155955,16.5629861948524,17.38083868112373,0.6937802924957479,0.3179339288434022,0.2633094528950508,-0.008968669982760247,0.10404898896985237,0.3455882348023387,0.12007123599359915,0.039438102532805885,0.49409160983007894
232,knitting mills,1963,0,1,162235910,31976026,18912384,6879750,461,134,9409,8065,118359264,54368134,NA,NA,18.90456206848325,17.2804969924828,18.58923516715995,9.149421957006766,6.133398042996649,8.99528899055931,16.755327503550355,15.744092872040012,0.26673830090988204,0.15885601903913127,0.12442734976630732,0.03757348056442389,-0.05851452359664577,0.15237011846598492,-0.05076706391304242,0.19234130869795507,-1.6367458090837186
232,knitting mills,1964,0,1,219601533,42585446,23023908,31946334,450,130,11642,9913,156711571,54970242,NA,NA,19.2073252484496,17.56702310967378,18.869917546335884,9.362374527831681,6.1092475827643655,9.201602306032898,16.952043712270864,17.27956799042044,0.5811568739318994,0.30276317996634816,0.28652611719098076,-0.024150460232283066,0.20631331547358833,0.28068237917593564,0.2129525708249158,0.19671620872050966,1.5354751183804272
232,knitting mills,1965,0,1,198075660,37173222,20624174,45256420,453,125,10647,8698,145626351,65880594,NA,NA,19.104159636881214,17.431099221325415,18.796554659494426,9.273033441314606,6.115892125483034,9.070848393157585,16.84197444089821,17.627855096499452,0.6869461438067787,-0.10316561156838588,-0.13592388834836555,0.006644542718668767,-0.13075391287531346,-0.07336288684145842,-0.0893410865170754,-0.11006927137265521,0.34828710607901314
233,"cordage, rope and twine industries",1951,0,0,NA,NA,NA,NA,NA,NA,NA,NA,NA,NA,NA,NA,NA,NA,NA,NA,NA,NA,NA,NA,NA,NA,NA,NA,NA,NA,NA,NA,NA
233,"cordage, rope and twine industries",1952,0,0,NA,NA,NA,NA,NA,NA,NA,NA,NA,NA,NA,NA,NA,NA,NA,NA,NA,NA,NA,NA,NA,NA,NA,NA,NA,NA,NA,NA,NA
233,"cordage, rope and twine industries",1953,0,0,NA,NA,NA,NA,NA,NA,NA,NA,NA,NA,NA,NA,NA,NA,NA,NA,NA,NA,NA,NA,NA,NA,NA,NA,NA,NA,NA,NA,NA
233,"cordage, rope and twine industries",1954,0,0,NA,NA,NA,NA,NA,NA,NA,NA,NA,NA,NA,NA,NA,NA,NA,NA,NA,NA,NA,NA,NA,NA,NA,NA,NA,NA,NA,NA,NA
233,"cordage, rope and twine industries",1955,0,0,NA,NA,NA,NA,NA,NA,NA,NA,NA,NA,NA,NA,NA,NA,NA,NA,NA,NA,NA,NA,NA,NA,NA,NA,NA,NA,NA,NA,NA
233,"cordage, rope and twine industries",1956,0,0,NA,NA,NA,NA,NA,NA,NA,NA,NA,NA,NA,NA,NA,NA,NA,NA,NA,NA,NA,NA,NA,NA,NA,NA,NA,NA,NA,NA,NA
233,"cordage, rope and twine industries",1957,0,1,NA,NA,NA,NA,NA,NA,NA,NA,NA,NA,NA,NA,NA,NA,NA,NA,NA,NA,NA,NA,NA,NA,NA,NA,NA,NA,NA,NA,NA
233,"cordage, rope and twine industries",1958,0,1,NA,NA,NA,NA,NA,NA,NA,NA,NA,NA,NA,NA,NA,NA,NA,NA,NA,NA,NA,NA,NA,NA,NA,NA,NA,NA,NA,NA,NA
233,"cordage, rope and twine industries",1959,0,1,29120000,7271000,NA,NA,60,41,7131,NA,NA,20769000,NA,NA,17.18693578129276,15.799404391632194,NA,8.872206756028303,4.0943445622221,NA,NA,NA,NA,NA,NA,NA,NA,NA,NA,NA,NA
233,"cordage, rope and twine industries",1960,0,1,38242754,8765799,5814576,6354013,81,51,4226,3768,27612341,12168589,NA,NA,17.459464662382697,15.986368230197664,17.133773368432273,8.349011198176003,4.394449154672439,8.234299635696253,15.575878426401161,15.66459713976481,0.522165141743221,0.27252888108993645,0.18696383856546994,0.3001045924503387,NA,NA,-0.5231955578523007,NA,NA
233,"cordage, rope and twine industries",1961,0,1,45451954,9543297,6781623,9439574,83,51,4396,4004,33083543,16222197,NA,NA,17.63216636996285,16.07134958120369,17.31454652637487,8.388450315523512,4.418840607796598,8.295049140435111,15.729727011800604,16.06042140998478,0.5819283250181846,0.17270170758015269,0.08498135100602688,0.024391453124159135,0.06074950473885821,0.18077315794259619,0.03943911734750927,0.15384858539944268,0.39582427021997013
233,"cordage, rope and twine industries",1962,0,1,54466419,13341348,10166551,8609875,82,52,4859,4430,38575000,18776426,NA,NA,17.813094904588105,16.40637864282186,17.468114956213498,8.488587934405903,4.406719247264253,8.39615486303918,16.13461357579563,15.968420358296203,0.458547063216397,0.18092853462525582,0.3350290616181688,-0.012121360532344916,0.10110572260406947,0.15356842983862862,0.10013761888239081,0.4048865639950261,-0.09200105168857675
233,"cordage, rope and twine industries",1963,0,1,83258572,16666912,8994911,7112510,91,65,5744,5196,62088791,19713421,NA,NA,18.23746164849106,16.628935994615972,17.94407603141692,8.65591111072806,4.51085950651685,8.55564437779049,16.012169530932052,15.777365763391131,0.4415672751087837,0.42436674390295437,0.22255735179411218,0.1041402592525964,0.1594895147513089,0.475961075203422,0.16732317632215654,-0.12244404486357752,-0.19105459490507215
233,"cordage, rope and twine industries",1964,0,1,65374813,13518955,11961534,15526599,95,65,5090,4398,46844005,27488133,NA,NA,17.99564761992462,16.419603332692432,17.662333596881414,8.53503310954457,4.553876891600541,8.388905171114706,16.297206559131602,16.55806517564926,0.5648473470351734,-0.2418140285664414,-0.20933266192353983,0.04301738508369102,-0.1667392066757838,-0.28174243453550574,-0.12087800118349001,0.28503702819955024,0.7806994122581301
233,"cordage, rope and twine industries",1965,0,1,55969974,13549322,13048666,10606556,95,57,4600,3976,36827083,23655222,NA,NA,17.840325926332863,16.421847067137726,17.421744083546912,8.433811582477187,4.553876891600541,8.288031567776464,16.384196464285708,16.17698285846187,0.44838116505522546,-0.1553216935917554,0.00224373444529391,0,-0.10087360333824158,-0.24058951333450196,-0.10122152706738241,0.08698990515410543,-0.38108231718739205
239,manufacture of textiles not elsewhere classified,1951,0,0,NA,NA,NA,NA,NA,NA,NA,NA,NA,NA,NA,NA,NA,NA,NA,NA,NA,NA,NA,NA,NA,NA,NA,NA,NA,NA,NA,NA,NA
239,manufacture of textiles not elsewhere classified,1952,0,0,NA,NA,NA,NA,NA,NA,NA,NA,NA,NA,NA,NA,NA,NA,NA,NA,NA,NA,NA,NA,NA,NA,NA,NA,NA,NA,NA,NA,NA
239,manufacture of textiles not elsewhere classified,1953,0,0,NA,NA,NA,NA,NA,NA,NA,NA,NA,NA,NA,NA,NA,NA,NA,NA,NA,NA,NA,NA,NA,NA,NA,NA,NA,NA,NA,NA,NA
239,manufacture of textiles not elsewhere classified,1954,0,0,NA,NA,NA,NA,NA,NA,NA,NA,NA,NA,NA,NA,NA,NA,NA,NA,NA,NA,NA,NA,NA,NA,NA,NA,NA,NA,NA,NA,NA
239,manufacture of textiles not elsewhere classified,1955,0,0,NA,NA,NA,NA,NA,NA,NA,NA,NA,NA,NA,NA,NA,NA,NA,NA,NA,NA,NA,NA,NA,NA,NA,NA,NA,NA,NA,NA,NA
239,manufacture of textiles not elsewhere classified,1956,0,0,NA,NA,NA,NA,NA,NA,NA,NA,NA,NA,NA,NA,NA,NA,NA,NA,NA,NA,NA,NA,NA,NA,NA,NA,NA,NA,NA,NA,NA
239,manufacture of textiles not elsewhere classified,1957,0,1,NA,NA,NA,NA,NA,NA,NA,NA,NA,NA,NA,NA,NA,NA,NA,NA,NA,NA,NA,NA,NA,NA,NA,NA,NA,NA,NA,NA,NA
239,manufacture of textiles not elsewhere classified,1958,0,1,NA,NA,NA,NA,NA,NA,NA,NA,NA,NA,NA,NA,NA,NA,NA,NA,NA,NA,NA,NA,NA,NA,NA,NA,NA,NA,NA,NA,NA
239,manufacture of textiles not elsewhere classified,1959,0,1,831074000,117356000,NA,NA,3672,1695,181684,NA,NA,289563000,NA,NA,20.538229398193213,18.58072260805524,NA,12.110024193269792,8.20849175174038,NA,NA,NA,NA,NA,NA,NA,NA,NA,NA,NA,NA
239,manufacture of textiles not elsewhere classified,1960,0,1,910508555,143284640,191397765,102414096,3727,1614,143646,131811,737674912,293811861,NA,NA,20.629513853024093,18.78034369933531,20.41901378687173,11.875107218562034,8.223358899479258,11.789124357355526,19.069864359798963,18.44453491734593,0.3485703254165086,0.09128445483088043,0.199621091280072,0.014867147738877762,NA,NA,-0.23491697470775819,NA,NA
239,manufacture of textiles not elsewhere classified,1961,0,1,866055473,114790492,189709608,133019415,3650,1503,134700,124770,718652231,322560023,NA,NA,20.57945952105716,18.55861921612013,20.39288811438862,11.810805362398455,8.202482446576537,11.734227321405067,19.061005082014855,18.706005652975968,0.4121705998533637,-0.05005433196693332,-0.2217244832151799,-0.020876452902721,-0.05489703595045903,-0.026125672483111373,-0.06430185616357953,-0.008859277784107888,0.26147073563003786
239,manufacture of textiles not elsewhere classified,1962,0,1,958171874,128001184,190484509,111004893,3569,1369,126275,115165,799771564,301489402,NA,NA,20.680537729029034,18.66755007184111,20.499836699856466,11.746217347336254,8.18004072349016,11.654121161637006,19.065081431639275,18.525084839386146,0.36818837499302876,0.10107820797187372,0.1089308557209776,-0.022441723086377152,-0.08010615976806079,0.10694858546784758,-0.06458801506220091,0.004076349624419606,-0.1809208135898217
239,manufacture of textiles not elsewhere classified,1963,0,1,1112790887,134867574,185593506,77035606,3280,1406,128180,115952,925972908,306480112,NA,NA,20.83013700928764,18.719803921639407,20.64635553516302,11.761190805058218,8.09559870137819,11.660931591349062,19.039069388480097,18.159778288521235,0.2933247019469799,0.14959928025860592,0.052253849798297836,-0.08444202211197016,0.006810429712055921,0.14651883530655496,0.014973457721964678,-0.026012043159177267,-0.3653065508649114
239,manufacture of textiles not elsewhere classified,1964,0,1,1441602081,159543852,206223132,145370968,3287,1606,124302,110277,1199185214,351594100,NA,NA,21.089020888352266,18.88782937657098,20.90490817479006,11.730469367473944,8.097730573664219,11.610750661285666,19.1444693056024,18.794799433250805,0.4134624784659356,0.2588838790646264,0.1680254549315734,0.0021318722860286243,-0.05018093006339619,0.25855263962703745,-0.03072143758427437,0.1053999171223019,0.6350211447295706
239,manufacture of textiles not elsewhere classified,1965,0,1,1328374769,145608988,207388094,135223405,3255,1651,117988,103565,1108897456,342611499,NA,NA,21.00722205376044,18.796435422590825,20.826632075755423,11.67833820336127,8.08794755464267,11.547954713889624,19.15010244613313,18.72243882049598,0.3946843739766014,-0.08179883459182591,-0.09139395398015537,-0.009783019021549322,-0.062795947396042,-0.0782760990346354,-0.05213116411267471,0.005633140530729719,-0.07236061275482442
24,bicycles,1951,0,0,16891000,8518000,6225000,5665000,25,11,2300,1900,8351000.000000001,NA,2903000,3960000,16.642291493662484,15.957692129465295,15.937891850135367,7.7406644019172415,3.2188758248682006,7.549609165154532,15.644084000315045,15.549817452444243,0.47645079899074855,NA,NA,NA,NA,NA,NA,NA,NA
24,bicycles,1952,0,0,25299000,11232000,11612000,9569000,39,11,2899,2386,13972000,NA,3403000,5385000,17.046275427224888,16.23427740524773,16.45256588490886,7.972121128921655,3.6635616461296463,7.777373602657861,16.267549604126657,16.0740392647614,0.4517728152589585,0.4039839335624045,0.27658527578243586,0.44468582126144574,0.2277644375033292,0.5146740347734937,0.23145672700441366,0.6234656038116118,0.5242218123171565
24,bicycles,1953,0,0,29282000,13434000,15643000,10160000,54,17,3400,2900,15800000,NA,3901000,5519000,17.192483550735563,16.413299364808946,16.575520497997196,8.131530710604252,3.9889840465642745,7.9724660159745655,16.565534090543906,16.13396900011461,0.393752664418866,0.14620812351067514,0.17902195956121503,0.3254224004346282,0.19509241331670424,0.12295461308833566,0.15940958168259733,0.2979844864172492,0.059929735353211555
24,bicycles,1954,0,0,NA,NA,NA,NA,NA,NA,NA,NA,NA,NA,NA,NA,NA,NA,NA,NA,NA,NA,NA,NA,NA,NA,NA,NA,NA,NA,NA,NA,NA
24,bicycles,1955,0,0,NA,NA,NA,NA,NA,NA,NA,NA,NA,NA,NA,NA,NA,NA,NA,NA,NA,NA,NA,NA,NA,NA,NA,NA,NA,NA,NA,NA,NA
24,bicycles,1956,0,0,NA,NA,NA,NA,NA,NA,NA,NA,NA,NA,NA,NA,NA,NA,NA,NA,NA,NA,NA,NA,NA,NA,NA,NA,NA,NA,NA,NA,NA
24,bicycles,1957,0,1,121800000,43000000,37500000,18000000,98,43,11600,9300,72800000,55500000,NA,NA,18.61789091324007,17.576710673657836,18.103226513166913,9.358760377094455,4.584967478670572,9.137769679141348,17.43985149094064,16.70588231586044,0.32432432432432434,NA,NA,NA,NA,NA,NA,NA,NA
24,bicycles,1958,0,1,237518000,60267000,57808000,64232000,98,21,22500,17600,171132000,122040000,NA,NA,19.285753968040776,17.914295248212397,18.957945746506905,10.021270588192511,4.584967478670572,9.775654181026242,17.872637732369558,17.978012086846658,0.5263192395935758,0.667863054800705,0.3375845745545618,0,0.6378845018848942,0.854719233339992,0.6625102110980556,0.43278624142891786,1.2721297709862185
24,bicycles,1959,0,1,NA,NA,NA,NA,NA,NA,NA,NA,NA,NA,NA,NA,NA,NA,NA,NA,NA,NA,NA,NA,NA,NA,NA,NA,NA,NA,NA,NA,NA
24,bicycles,1960,0,1,NA,NA,NA,NA,NA,NA,NA,NA,NA,NA,NA,NA,NA,NA,NA,NA,NA,NA,NA,NA,NA,NA,NA,NA,NA,NA,NA,NA,NA
24,bicycles,1961,0,1,NA,NA,NA,NA,NA,NA,NA,NA,NA,NA,NA,NA,NA,NA,NA,NA,NA,NA,NA,NA,NA,NA,NA,NA,NA,NA,NA,NA,NA
24,bicycles,1962,0,1,NA,NA,NA,NA,NA,NA,NA,NA,NA,NA,NA,NA,NA,NA,NA,NA,NA,NA,NA,NA,NA,NA,NA,NA,NA,NA,NA,NA,NA
24,bicycles,1963,0,1,NA,NA,NA,NA,NA,NA,NA,NA,NA,NA,NA,NA,NA,NA,NA,NA,NA,NA,NA,NA,NA,NA,NA,NA,NA,NA,NA,NA,NA
24,bicycles,1964,0,1,NA,NA,NA,NA,NA,NA,NA,NA,NA,NA,NA,NA,NA,NA,NA,NA,NA,NA,NA,NA,NA,NA,NA,NA,NA,NA,NA,NA,NA
24,bicycles,1965,0,1,NA,NA,NA,NA,NA,NA,NA,NA,NA,NA,NA,NA,NA,NA,NA,NA,NA,NA,NA,NA,NA,NA,NA,NA,NA,NA,NA,NA,NA
241,manufacture of footwear,1951,0,0,NA,NA,NA,NA,NA,NA,NA,NA,NA,NA,NA,NA,NA,NA,NA,NA,NA,NA,NA,NA,NA,NA,NA,NA,NA,NA,NA,NA,NA
241,manufacture of footwear,1952,0,0,NA,NA,NA,NA,NA,NA,NA,NA,NA,NA,NA,NA,NA,NA,NA,NA,NA,NA,NA,NA,NA,NA,NA,NA,NA,NA,NA,NA,NA
241,manufacture of footwear,1953,0,0,NA,NA,NA,NA,NA,NA,NA,NA,NA,NA,NA,NA,NA,NA,NA,NA,NA,NA,NA,NA,NA,NA,NA,NA,NA,NA,NA,NA,NA
241,manufacture of footwear,1954,0,0,NA,NA,NA,NA,NA,NA,NA,NA,NA,NA,NA,NA,NA,NA,NA,NA,NA,NA,NA,NA,NA,NA,NA,NA,NA,NA,NA,NA,NA
241,manufacture of footwear,1955,0,0,NA,NA,NA,NA,NA,NA,NA,NA,NA,NA,NA,NA,NA,NA,NA,NA,NA,NA,NA,NA,NA,NA,NA,NA,NA,NA,NA,NA,NA
241,manufacture of footwear,1956,0,0,NA,NA,NA,NA,NA,NA,NA,NA,NA,NA,NA,NA,NA,NA,NA,NA,NA,NA,NA,NA,NA,NA,NA,NA,NA,NA,NA,NA,NA
241,manufacture of footwear,1957,0,1,NA,NA,NA,NA,NA,NA,NA,NA,NA,NA,NA,NA,NA,NA,NA,NA,NA,NA,NA,NA,NA,NA,NA,NA,NA,NA,NA,NA,NA
241,manufacture of footwear,1958,0,1,NA,NA,NA,NA,NA,NA,NA,NA,NA,NA,NA,NA,NA,NA,NA,NA,NA,NA,NA,NA,NA,NA,NA,NA,NA,NA,NA,NA,NA
241,manufacture of footwear,1959,0,1,26532000,7002000,NA,NA,74,46,3273,NA,NA,4375000,NA,NA,17.093862109627583,15.761706380496747,NA,8.09346227450118,4.30406509320417,NA,NA,NA,NA,NA,NA,NA,NA,NA,NA,NA,NA
241,manufacture of footwear,1960,0,1,24794006,5879709,1762645,2944699,69,44,2676,2446,18044066,4707344,NA,NA,17.02611248837423,15.587017828854231,16.708327435229293,7.892078421248119,4.23410650459726,7.802209316247118,14.382326079788157,14.89551716271359,0.6255542403529464,-0.06774962125335193,-0.1746885516425163,-0.06995858860691051,NA,NA,-0.20138385325306096,NA,NA
241,manufacture of footwear,1961,0,1,29947394,7696780,1598042,3862463,68,30,2861,2550,20827235,5461505,NA,NA,17.214952867053853,15.85631261754333,16.85177206318766,7.95892649305011,4.219507705176107,7.843848638152472,14.284289687816536,15.16681562085423,0.7073453828904103,0.18884037867962178,0.2692947886890984,-0.01459879942115272,0.04163932190535391,0.14344462795836677,0.06684807180199126,-0.09803639197162184,0.2712984581406399
241,manufacture of footwear,1962,0,1,59000903,14738575,5085447,25622117,80,43,5678,5055,40722888,30707564,NA,NA,17.893063306837618,16.50597876433972,17.52230085107077,8.644354337032917,4.382026634673881,8.528133131454572,15.441893489206047,17.058966481776352,0.8343910640388147,0.6781104397837652,0.64966614679639,0.16251892949777424,0.6842844933021004,0.6705287878831108,0.685427843982807,1.1576038013895111,1.892150860922122
241,manufacture of footwear,1963,0,1,79931805,20417745,4974866,26912541,79,57,7437,6666,55255299,35545407,NA,NA,18.196684391606702,16.831914933652797,17.82747480326538,8.9142228207033,4.3694478524670215,8.804775258867686,15.41990899353872,17.108102944109238,0.843986499121738,0.3036210847690839,0.3259361693130778,-0.012578782206859707,0.27664212741311367,0.3051739521946075,0.26986848367038263,-0.02198449566732741,0.0491364623328856
241,manufacture of footwear,1964,0,1,86498643,22039685,6242781,27651244,96,65,7818,7028,60611636,33894025,NA,NA,18.27563928391778,16.908355249950848,17.919997445808686,8.9641840463529,4.564348191467836,8.857657449306988,15.646936314139785,17.135181275878963,0.8158147048041653,0.07895489231107788,0.0764403162980507,0.1949003390008146,0.05288219043930198,0.09252264254330811,0.04996122564960004,0.22702732060106534,0.02707833176972585
241,manufacture of footwear,1965,0,1,79662679,19362217,5759107,29365847,94,46,7624,6781,56895187,35124954,NA,NA,18.19331176558161,16.778834147719234,17.85672130852415,8.939056445334039,4.543294782270004,8.821879862683842,15.566292985930726,17.19534289038452,0.8360394436388443,-0.08232751833617158,-0.12952110223161384,-0.021053409197832273,-0.03577758662314601,-0.06327613728453585,-0.0251276010188608,-0.0806433282090584,0.06016161450555657
243,manufacture of wearing apparel (except footwear),1951,0,0,NA,NA,NA,NA,NA,NA,NA,NA,NA,NA,NA,NA,NA,NA,NA,NA,NA,NA,NA,NA,NA,NA,NA,NA,NA,NA,NA,NA,NA
243,manufacture of wearing apparel (except footwear),1952,0,0,NA,NA,NA,NA,NA,NA,NA,NA,NA,NA,NA,NA,NA,NA,NA,NA,NA,NA,NA,NA,NA,NA,NA,NA,NA,NA,NA,NA,NA
243,manufacture of wearing apparel (except footwear),1953,0,0,NA,NA,NA,NA,NA,NA,NA,NA,NA,NA,NA,NA,NA,NA,NA,NA,NA,NA,NA,NA,NA,NA,NA,NA,NA,NA,NA,NA,NA
243,manufacture of wearing apparel (except footwear),1954,0,0,NA,NA,NA,NA,NA,NA,NA,NA,NA,NA,NA,NA,NA,NA,NA,NA,NA,NA,NA,NA,NA,NA,NA,NA,NA,NA,NA,NA,NA
243,manufacture of wearing apparel (except footwear),1955,0,0,NA,NA,NA,NA,NA,NA,NA,NA,NA,NA,NA,NA,NA,NA,NA,NA,NA,NA,NA,NA,NA,NA,NA,NA,NA,NA,NA,NA,NA
243,manufacture of wearing apparel (except footwear),1956,0,0,NA,NA,NA,NA,NA,NA,NA,NA,NA,NA,NA,NA,NA,NA,NA,NA,NA,NA,NA,NA,NA,NA,NA,NA,NA,NA,NA,NA,NA
243,manufacture of wearing apparel (except footwear),1957,0,1,NA,NA,NA,NA,NA,NA,NA,NA,NA,NA,NA,NA,NA,NA,NA,NA,NA,NA,NA,NA,NA,NA,NA,NA,NA,NA,NA,NA,NA
243,manufacture of wearing apparel (except footwear),1958,0,1,NA,NA,NA,NA,NA,NA,NA,NA,NA,NA,NA,NA,NA,NA,NA,NA,NA,NA,NA,NA,NA,NA,NA,NA,NA,NA,NA,NA,NA
243,manufacture of wearing apparel (except footwear),1959,0,1,68422000,16962000,NA,NA,189,108,9018,NA,NA,26882000,NA,NA,18.04120496830545,16.646486105903783,NA,9.106977858981029,5.241747015059643,NA,NA,NA,NA,NA,NA,NA,NA,NA,NA,NA,NA
243,manufacture of wearing apparel (except footwear),1960,0,1,67975252,17770914,9185489,20117996,201,97,9180,8296,46829454,29303485,NA,NA,18.034654255721247,16.693073633810915,17.66202292189893,9.124782483614537,5.303304908059076,9.023528749909364,16.03313551419081,16.81712529584948,0.6865393655396278,-0.0065507125842039216,0.04658752790713194,0.06155789299943315,NA,NA,0.017804624633507515,NA,NA
243,manufacture of wearing apparel (except footwear),1961,0,1,80419851,19763248,9380512,22993380,212,110,10101,9363,56032773,32401892,NA,NA,18.202771606658743,16.799334609245957,17.841447309660733,9.220389707829185,5.356586274672012,9.14452103093889,16.05414490371449,16.950716906376588,0.7102445390254591,0.16811735093749647,0.10626097543504187,0.05328136661293659,0.12099228102952608,0.17942438776180225,0.09560722421464796,0.021009389523680255,0.13359161052710888
243,manufacture of wearing apparel (except footwear),1962,0,1,102826889,20973175,10200641,24714863,219,103,10221,9350,76595203,34915504,NA,NA,18.44855744293074,16.858754798188833,18.154045008728968,9.232199706329077,5.389071729816501,9.143131622282732,16.137961119417206,17.02291536151544,0.707847808812956,0.24578583627199535,0.059420188942876706,0.03248545514448864,-0.0013894086561574426,0.31259769906823465,0.01180999849989206,0.08381621570271491,0.07219845513885303
243,manufacture of wearing apparel (except footwear),1963,0,1,116287688,22336128,10846427,16171440,231,129,10562,9546,86555916,37464867,NA,NA,18.571577747740434,16.921716015186842,18.276301190803355,9.26501793326688,5.442417710521793,9.163877497565842,16.19934627496095,16.598757281391574,0.5985461398562663,0.12302030480969606,0.0629612169980085,0.053345980705292284,0.020745875283109783,0.12225618207438771,0.032818226937802564,0.0613851555437428,-0.4241580801238669
243,manufacture of wearing apparel (except footwear),1964,0,1,136755648,28728708,11913613,26972675,244,148,11428,10215,98296319,38886288,NA,NA,18.733706300058813,17.173407459530072,18.40349713782419,9.343821763350663,5.497168225293202,9.231612507251722,16.29319225384984,17.110334874476305,0.6936294613669477,0.16212855231837864,0.2516914443432299,0.05475051477140891,0.06773500968587953,0.1271959470208337,0.07880383008378367,0.0938459788888899,0.5115775930847306
243,manufacture of wearing apparel (except footwear),1965,0,1,155347738,36378356,15683091,32635310,271,154,13406,11593,106072324,48318401,NA,NA,18.861176633027867,17.409484540368517,18.479631721301025,9.503457646917903,5.602118820879701,9.358156746670401,16.568093683560992,17.300905389010477,0.6754219784715144,0.12747033296905386,0.23607708083844514,0.10495059558649888,0.12654423941867954,0.07613458347683633,0.15963588356724046,0.2749014297111536,0.19057051453417273
25,sewing machines,1951,1,0,11222000,6207000,6276000,4529000,6,5,2300,2000,5015000,NA,0,3877000,16.233386695293053,15.64118824539579,15.427943979378172,7.7406644019172415,1.791759469228055,7.600902459542082,15.65224339283506,15.32601172253835,0.4191577973160574,NA,NA,NA,NA,NA,NA,NA,NA
25,sewing machines,1952,1,0,11730000,8738000,7926000,7516000,6,6,2243,1978,2988000,NA,3199000,4121000,16.27766022062966,15.983191888493518,14.910114825234844,7.715569534520208,1.791759469228055,7.589841512182657,15.885659052732517,15.832544639515493,0.4867245175495402,0.04427352533660667,0.342003643097728,0,-0.0110609473594252,-0.5178291541433282,-0.025094867397033482,0.2334156598974566,0.5065329169771431
25,sewing machines,1953,1,0,14324000,6950000,9033000,7366000,13,9,2500,2300,7289000,NA,3559000,4764000,16.47744701010046,15.754252217540975,15.80187692036435,7.824046010856292,2.5649493574615367,7.7406644019172415,16.01639509613198,15.812385375987148,0.4491737301054942,0.19978678947079942,-0.22893967095254375,0.7731898882334818,0.15082288973458446,0.891762095129506,0.10847647633608393,0.13073604339946243,-0.020159263528345406
25,sewing machines,1954,1,0,NA,NA,NA,NA,NA,NA,NA,NA,NA,NA,NA,NA,NA,NA,NA,NA,NA,NA,NA,NA,NA,NA,NA,NA,NA,NA,NA,NA,NA
25,sewing machines,1955,1,0,NA,NA,NA,NA,NA,NA,NA,NA,NA,NA,NA,NA,NA,NA,NA,NA,NA,NA,NA,NA,NA,NA,NA,NA,NA,NA,NA,NA,NA
25,sewing machines,1956,1,0,NA,NA,NA,NA,NA,NA,NA,NA,NA,NA,NA,NA,NA,NA,NA,NA,NA,NA,NA,NA,NA,NA,NA,NA,NA,NA,NA,NA,NA
25,sewing machines,1957,1,1,46800000,21600000,16500000,11900000,65,16,5500,4800,22600000,28400000,NA,NA,17.661393760887876,16.888203872654394,16.933460464242515,8.612503371220562,4.174387269895637,8.476371196895983,16.61887093887081,16.292048958081757,0.41901408450704225,NA,NA,NA,NA,NA,NA,NA,NA
25,sewing machines,1958,1,1,32098000,15473000,11570000,9698000,65,12,4100,3500,15651000,21268000,NA,NA,17.28430428086324,16.554607127471808,16.56604537067264,8.318742252692399,4.174387269895637,8.160518247477505,16.263926099169858,16.087430236647435,0.4559902200488998,-0.3770894800246367,-0.33359674518258586,0,-0.31585294941847764,-0.3674150935698748,-0.2937611185281632,-0.35494483970095203,-0.20461872143432203
25,sewing machines,1959,1,1,NA,NA,NA,NA,NA,NA,NA,NA,NA,NA,NA,NA,NA,NA,NA,NA,NA,NA,NA,NA,NA,NA,NA,NA,NA,NA,NA,NA,NA
25,sewing machines,1960,1,1,NA,NA,NA,NA,NA,NA,NA,NA,NA,NA,NA,NA,NA,NA,NA,NA,NA,NA,NA,NA,NA,NA,NA,NA,NA,NA,NA,NA,NA
25,sewing machines,1961,1,1,NA,NA,NA,NA,NA,NA,NA,NA,NA,NA,NA,NA,NA,NA,NA,NA,NA,NA,NA,NA,NA,NA,NA,NA,NA,NA,NA,NA,NA
25,sewing machines,1962,1,1,NA,NA,NA,NA,NA,NA,NA,NA,NA,NA,NA,NA,NA,NA,NA,NA,NA,NA,NA,NA,NA,NA,NA,NA,NA,NA,NA,NA,NA
25,sewing machines,1963,1,1,NA,NA,NA,NA,NA,NA,NA,NA,NA,NA,NA,NA,NA,NA,NA,NA,NA,NA,NA,NA,NA,NA,NA,NA,NA,NA,NA,NA,NA
25,sewing machines,1964,1,1,NA,NA,NA,NA,NA,NA,NA,NA,NA,NA,NA,NA,NA,NA,NA,NA,NA,NA,NA,NA,NA,NA,NA,NA,NA,NA,NA,NA,NA
25,sewing machines,1965,1,1,NA,NA,NA,NA,NA,NA,NA,NA,NA,NA,NA,NA,NA,NA,NA,NA,NA,NA,NA,NA,NA,NA,NA,NA,NA,NA,NA,NA,NA
251,"saw mills, planning and other wood mills",1951,0,0,NA,NA,NA,NA,NA,NA,NA,NA,NA,NA,NA,NA,NA,NA,NA,NA,NA,NA,NA,NA,NA,NA,NA,NA,NA,NA,NA,NA,NA
251,"saw mills, planning and other wood mills",1952,0,0,NA,NA,NA,NA,NA,NA,NA,NA,NA,NA,NA,NA,NA,NA,NA,NA,NA,NA,NA,NA,NA,NA,NA,NA,NA,NA,NA,NA,NA
251,"saw mills, planning and other wood mills",1953,0,0,NA,NA,NA,NA,NA,NA,NA,NA,NA,NA,NA,NA,NA,NA,NA,NA,NA,NA,NA,NA,NA,NA,NA,NA,NA,NA,NA,NA,NA
251,"saw mills, planning and other wood mills",1954,0,0,NA,NA,NA,NA,NA,NA,NA,NA,NA,NA,NA,NA,NA,NA,NA,NA,NA,NA,NA,NA,NA,NA,NA,NA,NA,NA,NA,NA,NA
251,"saw mills, planning and other wood mills",1955,0,0,NA,NA,NA,NA,NA,NA,NA,NA,NA,NA,NA,NA,NA,NA,NA,NA,NA,NA,NA,NA,NA,NA,NA,NA,NA,NA,NA,NA,NA
251,"saw mills, planning and other wood mills",1956,0,0,NA,NA,NA,NA,NA,NA,NA,NA,NA,NA,NA,NA,NA,NA,NA,NA,NA,NA,NA,NA,NA,NA,NA,NA,NA,NA,NA,NA,NA
251,"saw mills, planning and other wood mills",1957,0,1,NA,NA,NA,NA,NA,NA,NA,NA,NA,NA,NA,NA,NA,NA,NA,NA,NA,NA,NA,NA,NA,NA,NA,NA,NA,NA,NA,NA,NA
251,"saw mills, planning and other wood mills",1958,0,1,NA,NA,NA,NA,NA,NA,NA,NA,NA,NA,NA,NA,NA,NA,NA,NA,NA,NA,NA,NA,NA,NA,NA,NA,NA,NA,NA,NA,NA
251,"saw mills, planning and other wood mills",1959,0,1,81900000,27500000,NA,NA,156,156,14567,NA,NA,57900000,NA,NA,18.221009548823297,17.1296965626368,NA,9.586513975448948,5.049856007249537,NA,NA,NA,NA,NA,NA,NA,NA,NA,NA,NA,NA
251,"saw mills, planning and other wood mills",1960,0,1,87761854,26210906,41432614,23387596,130,130,13487,11779,54726050,64820210,NA,NA,18.290137499505732,17.08168614166134,17.817850388032443,9.509481537516857,4.867534450455582,9.374073563958785,17.539578906439274,16.967716354312874,0.36080716184041983,0.06912795068243582,-0.0480104209754586,-0.1823215567939549,NA,NA,-0.07703243793209147,NA,NA
251,"saw mills, planning and other wood mills",1961,0,1,86300743,21524817,28816211,21078956,130,130,11814,10307,57097481,49895167,NA,NA,18.27334876551833,16.884717106499767,17.86027055806643,9.37704054786718,4.867534450455582,9.240578555036793,17.176448668692,16.863785754794304,0.42246488522625847,-0.01678873398740066,-0.1969690351615725,0,-0.13349500892199195,0.042420170033985016,-0.13244098964967677,-0.36313023774727426,-0.10393059951856998
251,"saw mills, planning and other wood mills",1962,0,1,121844074,31608651,45513608,36965964,120,120,14455,12388,77226800,82479572,NA,NA,18.61825270328698,17.2689414069129,18.162257105011363,9.578795654450447,4.787491742782046,9.424483541093094,17.633521916129666,17.42550815535641,0.4481832665184053,0.3449039377686489,0.38422430041313405,-0.08004270767353638,0.18390498605630157,0.301986546944935,0.201755106583267,0.4570732474376662,0.5617224005621075
251,"saw mills, planning and other wood mills",1963,0,1,154743518,34431748,46521313,45557388,132,132,15435,13134,103658241,92078701,NA,NA,18.85727958173732,17.354489603703577,18.456609901644953,9.64439293693626,4.882801922586371,9.482959566750917,17.65542110963604,17.634483363907673,0.4947657547862236,0.2390268784503391,0.08554819679067549,0.09531017980432477,0.05847602565782317,0.29435279663358926,0.06559728248581287,0.021899193506374814,0.20897520855126217
251,"saw mills, planning and other wood mills",1964,0,1,175382967,36409149,53213659,57480901,176,176,18630,15910,120858886,110694560,NA,NA,18.982482523722844,17.41033064717866,18.61013419157902,9.832528463595635,5.170483995038151,9.674703121331833,17.789825669478017,17.866963294069645,0.5192748496403076,0.12520294198552406,0.05584104347508401,0.2876820724517808,0.1917435545809152,0.15352428993406875,0.18813552665937472,0.1344045598419754,0.232479930161972
251,"saw mills, planning and other wood mills",1965,0,1,205784065,48936006,73431047,107055929,197,197,22914,19521,133768680,180486976,NA,NA,19.142337948823155,17.70602400251365,18.711622597539748,10.03950335645357,5.2832037287379885,9.879246088163093,18.111857387803603,18.48886195680021,0.5931504387330419,0.1598554251003108,0.29569335533498986,0.11271973369983712,0.2045429668312604,0.10148840596072617,0.2069748928579358,0.3220317183255865,0.6218986627305654
252,wooden and cane containers and cane small ware,1951,0,0,NA,NA,NA,NA,NA,NA,NA,NA,NA,NA,NA,NA,NA,NA,NA,NA,NA,NA,NA,NA,NA,NA,NA,NA,NA,NA,NA,NA,NA
252,wooden and cane containers and cane small ware,1952,0,0,NA,NA,NA,NA,NA,NA,NA,NA,NA,NA,NA,NA,NA,NA,NA,NA,NA,NA,NA,NA,NA,NA,NA,NA,NA,NA,NA,NA,NA
252,wooden and cane containers and cane small ware,1953,0,0,NA,NA,NA,NA,NA,NA,NA,NA,NA,NA,NA,NA,NA,NA,NA,NA,NA,NA,NA,NA,NA,NA,NA,NA,NA,NA,NA,NA,NA
252,wooden and cane containers and cane small ware,1954,0,0,NA,NA,NA,NA,NA,NA,NA,NA,NA,NA,NA,NA,NA,NA,NA,NA,NA,NA,NA,NA,NA,NA,NA,NA,NA,NA,NA,NA,NA
252,wooden and cane containers and cane small ware,1955,0,0,NA,NA,NA,NA,NA,NA,NA,NA,NA,NA,NA,NA,NA,NA,NA,NA,NA,NA,NA,NA,NA,NA,NA,NA,NA,NA,NA,NA,NA
252,wooden and cane containers and cane small ware,1956,0,0,NA,NA,NA,NA,NA,NA,NA,NA,NA,NA,NA,NA,NA,NA,NA,NA,NA,NA,NA,NA,NA,NA,NA,NA,NA,NA,NA,NA,NA
252,wooden and cane containers and cane small ware,1957,0,1,NA,NA,NA,NA,NA,NA,NA,NA,NA,NA,NA,NA,NA,NA,NA,NA,NA,NA,NA,NA,NA,NA,NA,NA,NA,NA,NA,NA,NA
252,wooden and cane containers and cane small ware,1958,0,1,NA,NA,NA,NA,NA,NA,NA,NA,NA,NA,NA,NA,NA,NA,NA,NA,NA,NA,NA,NA,NA,NA,NA,NA,NA,NA,NA,NA,NA
252,wooden and cane containers and cane small ware,1959,0,1,10600000,2000000,NA,NA,19,19,1437,NA,NA,2100000,NA,NA,16.176364559082295,14.508657738524219,NA,7.270312886079025,2.9444389791664403,NA,NA,NA,NA,NA,NA,NA,NA,NA,NA,NA,NA
252,wooden and cane containers and cane small ware,1960,0,1,8705747,2514250,1846667,906888,13,13,1637,1535,5333963,1846667,NA,NA,15.979493940254015,14.737485106306726,15.489605047067117,7.400620577371135,2.5649493574615367,7.336285660021297,14.428892950560757,13.717774237459265,0.32935169263007275,-0.19687061882827983,0.22882736778250745,-0.3794896217049035,NA,NA,0.13030769129210995,NA,NA
252,wooden and cane containers and cane small ware,1961,0,1,16030229,4909287,1603718,3697572,20,20,2183,1864,9335954,5301290,NA,NA,16.58998681019798,15.406639275376865,16.049383525772722,7.688455356549944,2.995732273553991,7.530479995245536,14.287835241478309,15.123186945994135,0.6974853290425538,0.6104928699439665,0.6691541690701381,0.4307829160924541,0.194194335224239,0.5597784787056046,0.28783477917880873,-0.14105770908244786,1.40541270853487
252,wooden and cane containers and cane small ware,1962,0,1,15123523,2938554,1636323,3103456,21,21,1458,1315,10748450,4739779,NA,NA,16.531761904220264,14.89342818158881,16.190272116095628,7.284820912568604,3.044522437723423,7.181591944611865,14.307962209420383,14.948026887193857,0.6547680809590489,-0.0582249059777169,-0.5132110937880547,0.04879016416943216,-0.3488880506336711,0.14088859032290557,-0.40363444398133996,0.02012696794207436,-0.1751600588002784
252,wooden and cane containers and cane small ware,1963,0,1,22188406,4753338,2135514,3254118,22,22,1869,1712,15418556,5389632,NA,NA,16.915080458169047,15.374357666049013,16.551082277097148,7.533158807455563,3.091042453358316,7.445417556701687,14.574217925083891,14.99543182916448,0.6037736899291083,0.3833185539487829,0.4809294844602032,0.04652001563489305,0.26382561208982214,0.3608101610015204,0.24833789488695945,0.26625571566350814,0.047404941970622616
252,wooden and cane containers and cane small ware,1964,0,1,21459334,5512975,3771147,1963232,25,25,2035,1796,13736979,72777034,NA,NA,16.881670260202487,15.522614962825461,16.43560195158811,7.618251097876695,3.2188758248682006,7.493317248862145,15.142889757183193,14.490102652724442,0.34236174483758397,-0.03341019796656042,0.14825729677644794,0.1278333715098845,0.047899692160457974,-0.11548032550903642,0.08509229042113198,0.5686718320993016,-0.5053291764400374
252,wooden and cane containers and cane small ware,1965,0,1,17712849,3639744,2989985,2762471,21,21,1581,1363,12180016,5752456,NA,NA,16.68980086638611,15.107423907469347,16.31530713387406,7.365812837209472,3.044522437723423,7.217443431696533,14.910778928631878,14.831636127015488,0.48022462057945337,-0.19186939381637558,-0.41519105535611445,-0.17435338714477755,-0.2758738171656123,-0.1202948177140506,-0.25243826066722264,-0.23211082855131515,0.34153347429104564
260,manufacture of furniture and fixtures,1951,0,0,NA,NA,NA,NA,NA,NA,NA,NA,NA,NA,NA,NA,NA,NA,NA,NA,NA,NA,NA,NA,NA,NA,NA,NA,NA,NA,NA,NA,NA
260,manufacture of furniture and fixtures,1952,0,0,NA,NA,NA,NA,NA,NA,NA,NA,NA,NA,NA,NA,NA,NA,NA,NA,NA,NA,NA,NA,NA,NA,NA,NA,NA,NA,NA,NA,NA
260,manufacture of furniture and fixtures,1953,0,0,NA,NA,NA,NA,NA,NA,NA,NA,NA,NA,NA,NA,NA,NA,NA,NA,NA,NA,NA,NA,NA,NA,NA,NA,NA,NA,NA,NA,NA
260,manufacture of furniture and fixtures,1954,0,0,NA,NA,NA,NA,NA,NA,NA,NA,NA,NA,NA,NA,NA,NA,NA,NA,NA,NA,NA,NA,NA,NA,NA,NA,NA,NA,NA,NA,NA
260,manufacture of furniture and fixtures,1955,0,0,NA,NA,NA,NA,NA,NA,NA,NA,NA,NA,NA,NA,NA,NA,NA,NA,NA,NA,NA,NA,NA,NA,NA,NA,NA,NA,NA,NA,NA
260,manufacture of furniture and fixtures,1956,0,0,NA,NA,NA,NA,NA,NA,NA,NA,NA,NA,NA,NA,NA,NA,NA,NA,NA,NA,NA,NA,NA,NA,NA,NA,NA,NA,NA,NA,NA
260,manufacture of furniture and fixtures,1957,0,1,NA,NA,NA,NA,NA,NA,NA,NA,NA,NA,NA,NA,NA,NA,NA,NA,NA,NA,NA,NA,NA,NA,NA,NA,NA,NA,NA,NA,NA
260,manufacture of furniture and fixtures,1958,0,1,NA,NA,NA,NA,NA,NA,NA,NA,NA,NA,NA,NA,NA,NA,NA,NA,NA,NA,NA,NA,NA,NA,NA,NA,NA,NA,NA,NA,NA
260,manufacture of furniture and fixtures,1959,0,1,100302000,35600000,NA,NA,241,126,17944,NA,NA,59834000,NA,NA,18.42369619291282,17.38785619582226,NA,9.795011076200044,5.484796933490655,NA,NA,NA,NA,NA,NA,NA,NA,NA,NA,NA,NA
260,manufacture of furniture and fixtures,1960,0,1,127416264,44271764,41572163,28583317,274,124,18918,17346,74789194,70155480,NA,NA,18.662969953864895,17.605857650311584,18.130183967267957,9.847869128773116,5.6131281063880705,9.7611172112444,17.542941342591067,17.16833378391348,0.4074281438884033,0.23927376095207364,0.2180014544893254,0.1283311728974157,NA,NA,0.052858052573071745,NA,NA
260,manufacture of furniture and fixtures,1961,0,1,138300100,48020707,50760519,46146550,307,141,22588,20304,79634997,96750069,NA,NA,18.744936519700524,17.68714287168107,18.19296421499614,10.025174070792728,5.726847747587197,9.918573189954168,17.74262942534448,17.647332759889064,0.4761938471175926,0.08196656583562856,0.0812852213694839,0.11371964119912636,0.15745597870976802,0.06278024772818469,0.177304942019612,0.19968808275341132,0.4789989759755855
260,manufacture of furniture and fixtures,1962,0,1,170374906,59277900,57785133,53579713,335,150,24789,22668,97796732,111364846,NA,NA,18.953511896256682,17.897747113223407,18.398401719313824,10.118155285369294,5.814130531825066,10.02870951728951,17.872242086024404,17.796681065590093,0.48111872753813173,0.20857537655615843,0.21060424154233814,0.08728278423786939,0.11013632733534173,0.2054375043176826,0.09298121457656627,0.12961266067992483,0.14934830570102875
260,manufacture of furniture and fixtures,1963,0,1,190475340,64740782,65917033,50996975,369,181,24996,22541,108136251,125990008,NA,NA,19.06503329533291,17.985901885474995,18.49890257329425,10.126471091048971,5.910796644040527,10.02309115218196,18.003907433450607,17.74727687520398,0.4361921712580412,0.11152139907622782,0.0881547722515883,0.09666611221546084,-0.00561836510754965,0.10050085398042441,0.008315805679677268,0.13166534742620328,-0.0494041903861131
260,manufacture of furniture and fixtures,1964,0,1,214070025,73295064,68175286,67493122,396,206,24642,21435,119006271,135668408,NA,NA,19.181813739087627,18.110003824889596,18.59468674716633,10.112207583184613,5.981414211254481,9.972780379032077,18.0375926817733,18.027536254354683,0.49748591433312905,0.11678044375471686,0.12410193941460079,0.07061756721395351,-0.0503107731498833,0.09578417387208304,-0.01426350786435826,0.03368524832269415,0.28025937915070287
260,manufacture of furniture and fixtures,1965,0,1,262992025,87344578,80978157,84514548,436,217,25657,21475,153358373,165492705,NA,NA,19.387634266488366,18.285371520494145,18.84828804762087,10.152571717850691,6.077642243349034,9.974644746852457,18.209690009603452,18.252434243189064,0.5106844316793299,0.2058205274007392,0.17536769560454957,0.09622803209455366,0.0018643678203797975,0.25360130045453744,0.04036413466607769,0.17209732783015141,0.22489798883438183
27,electric lamps,1951,1,0,9038000,3862000,9427000,4084000,9,7,1300,1100,5050000,NA,1237000,2077000,16.016948468953363,15.166695741970598,15.434898801251542,7.170119543449628,2.1972245773362196,7.003065458786462,16.05908847037829,15.222587458266693,0.3022722226334098,NA,NA,NA,NA,NA,NA,NA,NA
27,electric lamps,1952,1,0,14460000,7743000.000000002,8839000,5356000,8,7,1394,1128,6583000,NA,1298000,2348000,16.48689677469489,15.86229976736886,15.700001126450013,7.2399325913204695,2.0794415416798357,7.028201432058005,15.994684306043085,15.4937279857932,0.3773159563226488,0.46994830574152857,0.6956040253982625,-0.11778303565638382,0.025135973271543044,0.26510232519847143,0.06981304787084142,-0.06440416433520291,0.27114052752650686
27,electric lamps,1953,1,0,13145000,749000,8820000,7256999.999999999,7,7,1300,1100,5294000,NA,1308000,2339000,16.391552016146118,13.526494262499357,15.482084661769184,7.170119543449628,1.9459101490553132,7.003065458786462,15.992532427982974,15.797477078260274,0.45139018473595816,-0.095344758548773,-2.3358055048695032,-0.13353139262452252,-0.025135973271543044,-0.2179164646808296,-0.06981304787084142,-0.0021518780601113008,0.3037490924670738
27,electric lamps,1954,1,0,NA,NA,NA,NA,NA,NA,NA,NA,NA,NA,NA,NA,NA,NA,NA,NA,NA,NA,NA,NA,NA,NA,NA,NA,NA,NA,NA,NA,NA
27,electric lamps,1955,1,0,NA,NA,NA,NA,NA,NA,NA,NA,NA,NA,NA,NA,NA,NA,NA,NA,NA,NA,NA,NA,NA,NA,NA,NA,NA,NA,NA,NA,NA
27,electric lamps,1956,1,0,NA,NA,NA,NA,NA,NA,NA,NA,NA,NA,NA,NA,NA,NA,NA,NA,NA,NA,NA,NA,NA,NA,NA,NA,NA,NA,NA,NA,NA
27,electric lamps,1957,1,1,24500000,9500000,9800000,7800000,17,16,2900,2300,13600000,17600000,NA,NA,17.014183675514957,16.06680235657077,16.42558035070628,7.9724660159745655,2.833213344056216,7.7406644019172415,16.0978929436408,15.86963429165982,0.4431818181818182,NA,NA,NA,NA,NA,NA,NA,NA
27,electric lamps,1958,1,1,21408000,6948000,8788000,5392000,17,15,2300,1800,13507000,14180000,NA,NA,16.879275241910094,15.753964406343133,16.4187186275429,7.7406644019172415,2.833213344056216,7.495541943884256,15.988897712486638,15.50042693157428,0.38025387870239774,-0.13490843360486338,-0.3128379502276353,0,-0.24512245803298516,-0.006861723163378741,-0.23180161405732402,-0.10899523115416265,-0.36920736008553945
27,electric lamps,1959,1,1,NA,NA,NA,NA,NA,NA,NA,NA,NA,NA,NA,NA,NA,NA,NA,NA,NA,NA,NA,NA,NA,NA,NA,NA,NA,NA,NA,NA,NA
27,electric lamps,1960,1,1,NA,NA,NA,NA,NA,NA,NA,NA,NA,NA,NA,NA,NA,NA,NA,NA,NA,NA,NA,NA,NA,NA,NA,NA,NA,NA,NA,NA,NA
27,electric lamps,1961,1,1,NA,NA,NA,NA,NA,NA,NA,NA,NA,NA,NA,NA,NA,NA,NA,NA,NA,NA,NA,NA,NA,NA,NA,NA,NA,NA,NA,NA,NA
27,electric lamps,1962,1,1,NA,NA,NA,NA,NA,NA,NA,NA,NA,NA,NA,NA,NA,NA,NA,NA,NA,NA,NA,NA,NA,NA,NA,NA,NA,NA,NA,NA,NA
27,electric lamps,1963,1,1,NA,NA,NA,NA,NA,NA,NA,NA,NA,NA,NA,NA,NA,NA,NA,NA,NA,NA,NA,NA,NA,NA,NA,NA,NA,NA,NA,NA,NA
27,electric lamps,1964,1,1,NA,NA,NA,NA,NA,NA,NA,NA,NA,NA,NA,NA,NA,NA,NA,NA,NA,NA,NA,NA,NA,NA,NA,NA,NA,NA,NA,NA,NA
27,electric lamps,1965,1,1,NA,NA,NA,NA,NA,NA,NA,NA,NA,NA,NA,NA,NA,NA,NA,NA,NA,NA,NA,NA,NA,NA,NA,NA,NA,NA,NA,NA,NA
271,"manufacture of pulp, paper and paper board",1951,0,0,NA,NA,NA,NA,NA,NA,NA,NA,NA,NA,NA,NA,NA,NA,NA,NA,NA,NA,NA,NA,NA,NA,NA,NA,NA,NA,NA,NA,NA
271,"manufacture of pulp, paper and paper board",1952,0,0,NA,NA,NA,NA,NA,NA,NA,NA,NA,NA,NA,NA,NA,NA,NA,NA,NA,NA,NA,NA,NA,NA,NA,NA,NA,NA,NA,NA,NA
271,"manufacture of pulp, paper and paper board",1953,0,0,NA,NA,NA,NA,NA,NA,NA,NA,NA,NA,NA,NA,NA,NA,NA,NA,NA,NA,NA,NA,NA,NA,NA,NA,NA,NA,NA,NA,NA
271,"manufacture of pulp, paper and paper board",1954,0,0,NA,NA,NA,NA,NA,NA,NA,NA,NA,NA,NA,NA,NA,NA,NA,NA,NA,NA,NA,NA,NA,NA,NA,NA,NA,NA,NA,NA,NA
271,"manufacture of pulp, paper and paper board",1955,0,0,NA,NA,NA,NA,NA,NA,NA,NA,NA,NA,NA,NA,NA,NA,NA,NA,NA,NA,NA,NA,NA,NA,NA,NA,NA,NA,NA,NA,NA
271,"manufacture of pulp, paper and paper board",1956,0,0,NA,NA,NA,NA,NA,NA,NA,NA,NA,NA,NA,NA,NA,NA,NA,NA,NA,NA,NA,NA,NA,NA,NA,NA,NA,NA,NA,NA,NA
271,"manufacture of pulp, paper and paper board",1957,0,1,NA,NA,NA,NA,NA,NA,NA,NA,NA,NA,NA,NA,NA,NA,NA,NA,NA,NA,NA,NA,NA,NA,NA,NA,NA,NA,NA,NA,NA
271,"manufacture of pulp, paper and paper board",1958,0,1,NA,NA,NA,NA,NA,NA,NA,NA,NA,NA,NA,NA,NA,NA,NA,NA,NA,NA,NA,NA,NA,NA,NA,NA,NA,NA,NA,NA,NA
271,"manufacture of pulp, paper and paper board",1959,0,1,596976000,182302000,NA,NA,208,122,44154,NA,NA,494321000,NA,NA,20.207387469543768,19.021175210515754,NA,10.695438802154653,5.337538079701318,NA,NA,NA,NA,NA,NA,NA,NA,NA,NA,NA,NA
271,"manufacture of pulp, paper and paper board",1960,0,1,665190373,181450821,501317335,126989634,225,142,51135,43850,419980545,628306969,NA,NA,20.315583832839174,19.01649521627556,19.855718946740247,10.842224473240114,5.41610040220442,10.688529997800329,20.032749861727616,18.65961601904436,0.2021139988342227,0.10819636329540572,-0.004679994240195384,0.07856232250310224,NA,NA,0.14678567108546048,NA,NA
271,"manufacture of pulp, paper and paper board",1961,0,1,755878627,200503111,507560858,174717775,244,145,49924,43355,485774206,696351705,NA,NA,20.443391374958576,19.1163403208,20.001254477198458,10.818257128038343,5.497168225293202,10.67717731581126,20.0451271789321,18.978682515778555,0.2560797987059343,0.12780754211940248,0.09984510452444084,0.08106782308878202,-0.011352681989068358,0.14553553045821133,-0.02396734520177013,0.012377317204482097,0.3190664967341945
271,"manufacture of pulp, paper and paper board",1962,0,1,834580077,233680453,662076796,253419209,281,167,55584,47762,531553934,915496005,NA,NA,20.542439254521202,19.26946515459032,20.091315225668584,10.92565066904083,5.638354669333745,10.773985623236607,20.3108921132154,19.350555628029557,0.2768108299937366,0.09904787956262595,0.15312483379032216,0.14118644404054326,0.09680830742534674,0.09006074847012613,0.10739354100248732,0.2657649342833004,0.37187311225100217
271,"manufacture of pulp, paper and paper board",1963,0,1,1008279493,279732980,775392537,249480716,309,196,61286,51664,626926628,1041507253,NA,NA,20.73151124296362,19.449346063269733,20.256340071016083,11.023306710848635,5.733341276897746,10.852516492998056,20.46887995844496,19.334892179587616,0.24342592146855452,0.1890719884424179,0.17988090867941153,0.09498660756400046,0.0785308697614493,0.1650248453474994,0.09765604180780407,0.15798784522955955,-0.01566344844194134
271,"manufacture of pulp, paper and paper board",1964,0,1,1104281802,304065901,943508653,285718204,342,226,63912,53078,680937836,1229226657,NA,NA,20.82246100766397,19.532755015482454,20.338981576540448,11.065262416161877,5.834810737062605,10.879517808761141,20.665116093901997,19.470516582357007,0.2324373262534403,0.09094976470035121,0.08340895221272149,0.10146946016485892,0.027001315763085287,0.08264150552436433,0.04195570531324222,0.19623613545703833,0.13562440276939114
271,"manufacture of pulp, paper and paper board",1965,0,1,1231363522,326657559,1002195012,313616429,381,233,66248,54699,766448904,1315811441,NA,NA,20.931387946809494,19.604422959959866,20.45727859260603,11.101160554713536,5.942799375126701,10.909600706707314,20.725458443427023,19.56368123346116,0.23834450684032318,0.10892693914552254,0.07166794447741154,0.10798863806409642,0.030082897946172693,0.11829701606558274,0.035898138551658576,0.06034234952502615,0.0931646511041535
28,electric fans,1951,1,0,29789000,14640000,12165000,17822000,30,10,6600,5500,15088000,NA,6429000.000000001,8817000,17.20964975581452,16.49926806649744,16.529410283855377,8.794824928014517,3.4011973816621555,8.612503371220562,16.31407353419976,16.695944207154803,0.5943242071564344,NA,NA,NA,NA,NA,NA,NA,NA
28,electric fans,1952,1,0,24857000,12071000,10948000,17314000,33,9,4892,3746,12663000,NA,3743000,6806000,17.028649960980538,16.306316439683265,16.354194913432746,8.495356496807062,3.4965075614664802,8.228443883004033,16.208667349142708,16.667025980757856,0.6126247257801996,-0.18099979483398343,-0.19295162681417466,0.09531017980432477,-0.38405948821652913,-0.1752153704226309,-0.2994684312074547,-0.10540618505705268,-0.028918226396946523
28,electric fans,1953,1,0,24713000,11866000,11390000,19001000,32,9,4700,3500,12728000,NA,3685000,6622000,17.022839978932105,16.289187725800726,16.35931484899976,8.45531778769815,3.4657359027997265,8.160518247477505,16.248246335423364,16.760002167324668,0.6252179921687342,-0.005809982048432971,-0.01712871388253845,-0.030771658666753687,-0.06792563552652808,0.0051199355670128455,-0.04003870910891294,0.039578986280655926,0.09297618656681195
28,electric fans,1954,1,0,NA,NA,NA,NA,NA,NA,NA,NA,NA,NA,NA,NA,NA,NA,NA,NA,NA,NA,NA,NA,NA,NA,NA,NA,NA,NA,NA,NA,NA
28,electric fans,1955,1,0,NA,NA,NA,NA,NA,NA,NA,NA,NA,NA,NA,NA,NA,NA,NA,NA,NA,NA,NA,NA,NA,NA,NA,NA,NA,NA,NA,NA,NA
28,electric fans,1956,1,0,NA,NA,NA,NA,NA,NA,NA,NA,NA,NA,NA,NA,NA,NA,NA,NA,NA,NA,NA,NA,NA,NA,NA,NA,NA,NA,NA,NA,NA
28,electric fans,1957,1,1,57400000,21100000,10900000,17600000,33,18,6600,5100,34700000,28500000,NA,NA,17.865554861289795,16.864783598446294,17.36225024491709,8.794824928014517,3.4965075614664802,8.536995818712418,16.204273347199372,16.68340946000838,0.6175438596491228,NA,NA,NA,NA,NA,NA,NA,NA
28,electric fans,1958,1,1,82792000,34180000,19340000,38233000,33,13,8300,6700,46830000,57573000,NA,NA,18.231841996330147,17.34715123565172,17.662034581159723,9.02401079378469,3.4965075614664802,8.809862805379057,16.777686047989423,17.45920957499767,0.6640786479773505,0.36628713504035204,0.4823676372054244,0,0.27286698666663867,0.29978433624263445,0.22918586577017308,0.5734127007900511,0.7758001149892877
28,electric fans,1959,1,1,NA,NA,NA,NA,NA,NA,NA,NA,NA,NA,NA,NA,NA,NA,NA,NA,NA,NA,NA,NA,NA,NA,NA,NA,NA,NA,NA,NA,NA
28,electric fans,1960,1,1,NA,NA,NA,NA,NA,NA,NA,NA,NA,NA,NA,NA,NA,NA,NA,NA,NA,NA,NA,NA,NA,NA,NA,NA,NA,NA,NA,NA,NA
28,electric fans,1961,1,1,NA,NA,NA,NA,NA,NA,NA,NA,NA,NA,NA,NA,NA,NA,NA,NA,NA,NA,NA,NA,NA,NA,NA,NA,NA,NA,NA,NA,NA
28,electric fans,1962,1,1,NA,NA,NA,NA,NA,NA,NA,NA,NA,NA,NA,NA,NA,NA,NA,NA,NA,NA,NA,NA,NA,NA,NA,NA,NA,NA,NA,NA,NA
28,electric fans,1963,1,1,NA,NA,NA,NA,NA,NA,NA,NA,NA,NA,NA,NA,NA,NA,NA,NA,NA,NA,NA,NA,NA,NA,NA,NA,NA,NA,NA,NA,NA
28,electric fans,1964,1,1,NA,NA,NA,NA,NA,NA,NA,NA,NA,NA,NA,NA,NA,NA,NA,NA,NA,NA,NA,NA,NA,NA,NA,NA,NA,NA,NA,NA,NA
28,electric fans,1965,1,1,NA,NA,NA,NA,NA,NA,NA,NA,NA,NA,NA,NA,NA,NA,NA,NA,NA,NA,NA,NA,NA,NA,NA,NA,NA,NA,NA,NA,NA
280,"printing, publishing and allied industries",1951,0,0,NA,NA,NA,NA,NA,NA,NA,NA,NA,NA,NA,NA,NA,NA,NA,NA,NA,NA,NA,NA,NA,NA,NA,NA,NA,NA,NA,NA,NA
280,"printing, publishing and allied industries",1952,0,0,NA,NA,NA,NA,NA,NA,NA,NA,NA,NA,NA,NA,NA,NA,NA,NA,NA,NA,NA,NA,NA,NA,NA,NA,NA,NA,NA,NA,NA
280,"printing, publishing and allied industries",1953,0,0,NA,NA,NA,NA,NA,NA,NA,NA,NA,NA,NA,NA,NA,NA,NA,NA,NA,NA,NA,NA,NA,NA,NA,NA,NA,NA,NA,NA,NA
280,"printing, publishing and allied industries",1954,0,0,NA,NA,NA,NA,NA,NA,NA,NA,NA,NA,NA,NA,NA,NA,NA,NA,NA,NA,NA,NA,NA,NA,NA,NA,NA,NA,NA,NA,NA
280,"printing, publishing and allied industries",1955,0,0,NA,NA,NA,NA,NA,NA,NA,NA,NA,NA,NA,NA,NA,NA,NA,NA,NA,NA,NA,NA,NA,NA,NA,NA,NA,NA,NA,NA,NA
280,"printing, publishing and allied industries",1956,0,0,NA,NA,NA,NA,NA,NA,NA,NA,NA,NA,NA,NA,NA,NA,NA,NA,NA,NA,NA,NA,NA,NA,NA,NA,NA,NA,NA,NA,NA
280,"printing, publishing and allied industries",1957,0,1,NA,NA,NA,NA,NA,NA,NA,NA,NA,NA,NA,NA,NA,NA,NA,NA,NA,NA,NA,NA,NA,NA,NA,NA,NA,NA,NA,NA,NA
280,"printing, publishing and allied industries",1958,0,1,NA,NA,NA,NA,NA,NA,NA,NA,NA,NA,NA,NA,NA,NA,NA,NA,NA,NA,NA,NA,NA,NA,NA,NA,NA,NA,NA,NA,NA
280,"printing, publishing and allied industries",1959,0,1,696486000,293706000,NA,NA,2184,523,118361,NA,NA,447514000,NA,NA,20.361558250479604,19.498089824969373,NA,11.681494555278725,7.688913336864796,NA,NA,NA,NA,NA,NA,NA,NA,NA,NA,NA,NA
280,"printing, publishing and allied industries",1960,0,1,756211139,316500273,300250146,192116568,2560,515,113555,92106,375014254,492366714,NA,NA,20.443831179542716,19.572834662107375,19.742474593878963,11.640042580029693,7.847762537473608,11.430695366701256,19.520126505185697,19.073612870766233,0.39018999972447366,0.08227292906311234,0.0747448371380024,0.15884920060881225,NA,NA,-0.0414519752490321,NA,NA
280,"printing, publishing and allied industries",1961,0,1,808371017,347023779,305867341,195895777,2642,578,122201,101635,385985979,501059118,NA,NA,20.51053169055019,19.66490386294076,19.77131160293518,11.713422508992204,7.879291485082271,11.529143242993062,19.538662039773236,19.093093325765622,0.3904148590690159,0.06670051100747543,0.09206920083338588,0.03152894760866243,0.09844787629180551,0.02883700905621822,0.07337992896251144,0.01853553458753865,0.019480454999388996
280,"printing, publishing and allied industries",1962,0,1,900319556,372649484,369575021,240291726,2630,576,128059,106716,444130237,609866747,NA,NA,20.61826032049113,19.736148814613706,19.911628403961245,11.760246374202698,7.874739125171811,11.577926379187641,19.727864311573452,19.297364268153853,0.39400693214053856,0.10772862994094012,0.07124495167294498,-0.004552359910459991,0.04878313619457941,0.1403168010260636,0.04682386521049331,0.18920227180021598,0.20427094238823074
280,"printing, publishing and allied industries",1963,0,1,1027290410,405119440,383834185,210327596,2592,571,134993,110779,515184463,651949781,NA,NA,20.750190502992524,19.8196924951726,20.060035575079183,11.812978204224361,7.860185057472165,11.61529250464619,19.765721207399427,19.164176854127785,0.35399044961459747,0.13193018250139232,0.08354368055889339,-0.014554067699645401,0.03736612545854889,0.14840717111793822,0.052731830021663484,0.037856895825974846,-0.13318741402606804
280,"printing, publishing and allied industries",1964,0,1,1046088725,418100777,421777758,276628915,2529,619,144684,118091,522034826,698406673,NA,NA,20.76832402212762,19.851233054732145,20.073244860096562,11.882307332905311,7.835579246669965,11.67921079267701,19.859989093466407,19.438187508969186,0.3960857272622308,0.018133519135094645,0.031540559559545045,-0.024605810802199812,0.06391828803081978,0.013209285017378392,0.06932912868095009,0.09426788606698011,0.2740106548414012
280,"printing, publishing and allied industries",1965,0,1,1229849346,494668311,508980440,339275452,2656,679,141808,112936,611560188,848255892,NA,NA,20.930157515902263,20.019398017141956,20.231523935067198,11.86222930897818,7.884576510596324,11.634576565564036,20.047920145485644,19.642322878183418,0.399968282212651,0.16183349377464396,0.16816496240981138,0.04899726392635895,-0.044634227112974045,0.1582790749706362,-0.020078023927132094,0.18793105201923765,0.2041353692142316
29,general and electrical engineering,1951,1,0,403916000,200636000,258507000,197029000,1896,127,104400,89600,199039000,NA,84061999.99999999,112284000,19.81671749351482,19.117002879005955,19.10901134338671,11.555984954430675,7.547501682814967,11.403110598963021,19.370433330849796,19.09886148399004,0.43252124969266975,NA,NA,NA,NA,NA,NA,NA,NA
29,general and electrical engineering,1952,1,0,443189999.9999998,192497000,307044000,308791000,1916,117,104912,88437,248080999.9999999,NA,89938000,133232000,19.9095091299659,19.07559112715509,19.329265863706098,11.5608771825034,7.557994958530806,11.390045713093464,19.542501617757356,19.54817523061245,0.5014183994089326,0.09279163645108213,-0.041411751850866096,0.010493275715838912,-0.01306488586955723,0.22025452031938642,0.004892228072725047,0.17206828690756026,0.44931374662241197
29,general and electrical engineering,1953,1,0,551682000,247142000,323192000,284716000,1954,136,107600,91600,297632000,NA,93614000,149039000,20.128482351283,19.32547362818668,19.51136838202433,11.58617592670982,7.577633832602728,11.425186550662222,19.59375713182962,19.467002750177386,0.4683537640564033,0.21897322131709984,0.24988250103158904,0.019638874071921997,0.03514083756875763,0.18210251831823143,0.02529874420642031,0.05125551407226325,-0.08117248043506464
29,general and electrical engineering,1954,1,0,NA,NA,NA,NA,NA,NA,NA,NA,NA,NA,NA,NA,NA,NA,NA,NA,NA,NA,NA,NA,NA,NA,NA,NA,NA,NA,NA,NA,NA
29,general and electrical engineering,1955,1,0,NA,NA,NA,NA,NA,NA,NA,NA,NA,NA,NA,NA,NA,NA,NA,NA,NA,NA,NA,NA,NA,NA,NA,NA,NA,NA,NA,NA,NA
29,general and electrical engineering,1956,1,0,NA,NA,NA,NA,NA,NA,NA,NA,NA,NA,NA,NA,NA,NA,NA,NA,NA,NA,NA,NA,NA,NA,NA,NA,NA,NA,NA,NA,NA
29,general and electrical engineering,1957,1,1,1347512000,483881000.0000001,382729000,471290000,2662,456,210100,175100,787921000,854019000,NA,NA,21.021525766088107,19.997349566681876,20.484908388989297,12.255338886833092,7.8868329989550565,12.073112518273943,19.76283772489628,19.970984173760943,0.5518495490147175,NA,NA,NA,NA,NA,NA,NA,NA
29,general and electrical engineering,1958,1,1,1861979000,633397000,605780000,547808000,2661,381,202761,165355,1104566000,1153588000,NA,NA,21.3449057375422,20.266607955714054,20.82271833458465,12.219783224513362,7.886457270977689,12.015849956839961,20.222027441816326,20.121435418556644,0.4748731782924233,0.3233799714540915,0.2692583890321778,-3.757279773672906e-4,-0.057262561433981674,0.33780994559535316,-0.035555662319730175,0.4591897169200472,0.1504512447957005
29,general and electrical engineering,1959,1,1,NA,NA,NA,NA,NA,NA,NA,NA,NA,NA,NA,NA,NA,NA,NA,NA,NA,NA,NA,NA,NA,NA,NA,NA,NA,NA,NA,NA,NA
29,general and electrical engineering,1960,1,1,NA,NA,NA,NA,NA,NA,NA,NA,NA,NA,NA,NA,NA,NA,NA,NA,NA,NA,NA,NA,NA,NA,NA,NA,NA,NA,NA,NA,NA
29,general and electrical engineering,1961,1,1,NA,NA,NA,NA,NA,NA,NA,NA,NA,NA,NA,NA,NA,NA,NA,NA,NA,NA,NA,NA,NA,NA,NA,NA,NA,NA,NA,NA,NA
29,general and electrical engineering,1962,1,1,NA,NA,NA,NA,NA,NA,NA,NA,NA,NA,NA,NA,NA,NA,NA,NA,NA,NA,NA,NA,NA,NA,NA,NA,NA,NA,NA,NA,NA
29,general and electrical engineering,1963,1,1,NA,NA,NA,NA,NA,NA,NA,NA,NA,NA,NA,NA,NA,NA,NA,NA,NA,NA,NA,NA,NA,NA,NA,NA,NA,NA,NA,NA,NA
29,general and electrical engineering,1964,1,1,NA,NA,NA,NA,NA,NA,NA,NA,NA,NA,NA,NA,NA,NA,NA,NA,NA,NA,NA,NA,NA,NA,NA,NA,NA,NA,NA,NA,NA
29,general and electrical engineering,1965,1,1,NA,NA,NA,NA,NA,NA,NA,NA,NA,NA,NA,NA,NA,NA,NA,NA,NA,NA,NA,NA,NA,NA,NA,NA,NA,NA,NA,NA,NA
291,tanneries and leather finishing plants,1951,0,0,NA,NA,NA,NA,NA,NA,NA,NA,NA,NA,NA,NA,NA,NA,NA,NA,NA,NA,NA,NA,NA,NA,NA,NA,NA,NA,NA,NA,NA
291,tanneries and leather finishing plants,1952,0,0,NA,NA,NA,NA,NA,NA,NA,NA,NA,NA,NA,NA,NA,NA,NA,NA,NA,NA,NA,NA,NA,NA,NA,NA,NA,NA,NA,NA,NA
291,tanneries and leather finishing plants,1953,0,0,NA,NA,NA,NA,NA,NA,NA,NA,NA,NA,NA,NA,NA,NA,NA,NA,NA,NA,NA,NA,NA,NA,NA,NA,NA,NA,NA,NA,NA
291,tanneries and leather finishing plants,1954,0,0,NA,NA,NA,NA,NA,NA,NA,NA,NA,NA,NA,NA,NA,NA,NA,NA,NA,NA,NA,NA,NA,NA,NA,NA,NA,NA,NA,NA,NA
291,tanneries and leather finishing plants,1955,0,0,NA,NA,NA,NA,NA,NA,NA,NA,NA,NA,NA,NA,NA,NA,NA,NA,NA,NA,NA,NA,NA,NA,NA,NA,NA,NA,NA,NA,NA
291,tanneries and leather finishing plants,1956,0,0,NA,NA,NA,NA,NA,NA,NA,NA,NA,NA,NA,NA,NA,NA,NA,NA,NA,NA,NA,NA,NA,NA,NA,NA,NA,NA,NA,NA,NA
291,tanneries and leather finishing plants,1957,0,1,NA,NA,NA,NA,NA,NA,NA,NA,NA,NA,NA,NA,NA,NA,NA,NA,NA,NA,NA,NA,NA,NA,NA,NA,NA,NA,NA,NA,NA
291,tanneries and leather finishing plants,1958,0,1,NA,NA,NA,NA,NA,NA,NA,NA,NA,NA,NA,NA,NA,NA,NA,NA,NA,NA,NA,NA,NA,NA,NA,NA,NA,NA,NA,NA,NA
291,tanneries and leather finishing plants,1959,0,1,379502000,46522000,NA,NA,414,130,21099,NA,NA,83680000,NA,NA,19.7543704248783,17.65543587695199,NA,9.956980924976127,6.025865973825314,NA,NA,NA,NA,NA,NA,NA,NA,NA,NA,NA,NA
291,tanneries and leather finishing plants,1960,0,1,448851720,46416686,68727048,49710614,424,134,20875,17830,390222774,104496448,NA,NA,19.92220314617478,17.653169564620526,19.782228349391175,9.946307549719057,6.049733455231958,9.788637710857186,18.04565339149882,17.721729029634083,0.4197196496499568,0.16783272129648097,-0.0022663123314643485,0.02386748140664352,NA,NA,-0.010673375257070461,NA,NA
291,tanneries and leather finishing plants,1961,0,1,421985857,49135804,20168344,73917357,413,117,18718,16817,361201103,94084701,NA,NA,19.86048235722066,17.710098532726096,19.7049454332123,9.837240906717202,6.023447592961033,9.73014555852275,16.81962480442795,18.118458229788352,0.7856385849747775,-0.061720788954119143,0.05692896810557002,-0.026285862270924554,-0.05849215233443594,-0.07728291617887706,-0.10906664300185476,-1.2260285870708714,0.3967292001542688
291,tanneries and leather finishing plants,1962,0,1,345461009,46296466,22667690,51906629,424,128,17221,14736,287073270,74574319,NA,NA,19.660390340968505,17.650576187849573,19.47524803730862,9.7538848483049,6.049733455231958,9.598048758495088,16.936451120511997,17.764957066376713,0.6960389272880922,-0.20009201625215667,-0.05952234487652319,0.026285862270924554,-0.13209680002766255,-0.22969739590367766,-0.08335605841230276,0.11682631608404748,-0.3535011634116394
291,tanneries and leather finishing plants,1963,0,1,331522518,40267000,18861726,30684775,381,153,15977,14142,276751537,69627501,NA,NA,19.619206292885025,17.51104283290831,19.43863068328647,9.67890546702757,5.942799375126701,9.556904372164187,16.752645347419115,17.239277161205532,0.6193126533799026,-0.04118404808347975,-0.13953335494126407,-0.10693408010525651,-0.04114438633090067,-0.036617354022151716,-0.07497938127732873,-0.1838057730928817,-0.5256799051711809
291,tanneries and leather finishing plants,1964,0,1,458422210,50015020,23391749,71226314,392,154,17775,14855,384410392,94618063,NA,NA,19.943301173325466,17.727833918281373,19.76722126903422,9.785548254671442,5.971261839790462,9.606091787896707,16.967893911309915,18.081372886756522,0.7527771309374617,0.3240948804404411,0.2167910853730639,0.02846246466376101,0.04918741573252028,0.3285905857477509,0.10664278764387092,0.21524856389079972,0.8420957255509904
291,tanneries and leather finishing plants,1965,0,1,490905184,54636657,31058650,58509737,408,142,18064,15086,405949024,89568387,NA,NA,20.011761559168082,17.816215589071057,19.821738153032864,9.801676286389442,6.0112671744041615,9.621522440413576,17.2513879104775,17.88470374279619,0.6532409364478117,0.06846038584261649,0.0883816707896834,0.04000533461369926,0.015430652516869259,0.054516883998644516,0.016128031718000813,0.283493999167586,-0.19666914396033164
293,manufacture of leather products except footwear and other wearing apparel,1951,0,0,NA,NA,NA,NA,NA,NA,NA,NA,NA,NA,NA,NA,NA,NA,NA,NA,NA,NA,NA,NA,NA,NA,NA,NA,NA,NA,NA,NA,NA
293,manufacture of leather products except footwear and other wearing apparel,1952,0,0,NA,NA,NA,NA,NA,NA,NA,NA,NA,NA,NA,NA,NA,NA,NA,NA,NA,NA,NA,NA,NA,NA,NA,NA,NA,NA,NA,NA,NA
293,manufacture of leather products except footwear and other wearing apparel,1953,0,0,NA,NA,NA,NA,NA,NA,NA,NA,NA,NA,NA,NA,NA,NA,NA,NA,NA,NA,NA,NA,NA,NA,NA,NA,NA,NA,NA,NA,NA
293,manufacture of leather products except footwear and other wearing apparel,1954,0,0,NA,NA,NA,NA,NA,NA,NA,NA,NA,NA,NA,NA,NA,NA,NA,NA,NA,NA,NA,NA,NA,NA,NA,NA,NA,NA,NA,NA,NA
293,manufacture of leather products except footwear and other wearing apparel,1955,0,0,NA,NA,NA,NA,NA,NA,NA,NA,NA,NA,NA,NA,NA,NA,NA,NA,NA,NA,NA,NA,NA,NA,NA,NA,NA,NA,NA,NA,NA
293,manufacture of leather products except footwear and other wearing apparel,1956,0,0,NA,NA,NA,NA,NA,NA,NA,NA,NA,NA,NA,NA,NA,NA,NA,NA,NA,NA,NA,NA,NA,NA,NA,NA,NA,NA,NA,NA,NA
293,manufacture of leather products except footwear and other wearing apparel,1957,0,1,NA,NA,NA,NA,NA,NA,NA,NA,NA,NA,NA,NA,NA,NA,NA,NA,NA,NA,NA,NA,NA,NA,NA,NA,NA,NA,NA,NA,NA
293,manufacture of leather products except footwear and other wearing apparel,1958,0,1,NA,NA,NA,NA,NA,NA,NA,NA,NA,NA,NA,NA,NA,NA,NA,NA,NA,NA,NA,NA,NA,NA,NA,NA,NA,NA,NA,NA,NA
293,manufacture of leather products except footwear and other wearing apparel,1959,0,1,16176000,2564000,NA,NA,49,34,1550,NA,NA,4552000,NA,NA,16.59903922024239,14.757079097022698,NA,7.346010209913293,3.8918202981106265,NA,NA,NA,NA,NA,NA,NA,NA,NA,NA,NA,NA
293,manufacture of leather products except footwear and other wearing apparel,1960,0,1,8692516,2161678,2360564,2333172,44,30,1073,944,6275195,4058464,NA,NA,15.977972983529702,14.586395329918986,15.652115118196493,6.9782137426306985,3.784189633918261,6.8501261661455,14.67441113150074,14.662739273103858,0.49708206852707526,-0.6210662367126876,-0.17068376710371247,-0.10763066419236544,NA,NA,-0.3677964672825942,NA,NA
293,manufacture of leather products except footwear and other wearing apparel,1961,0,1,10155721,2274983,1968263,4577053,41,26,1053,951,7392913,6543316,NA,NA,16.133547749983908,14.637483137811795,15.816032396581452,6.959398512133975,3.713572066704308,6.85751406254539,14.492661985876927,15.336565899206052,0.6992867876814504,0.15557476645420643,0.05108780789280942,-0.07061756721395307,0.007387896399889904,0.16391727838495918,-0.018815230496723068,-0.1817491456238134,0.6738266261021941
293,manufacture of leather products except footwear and other wearing apparel,1962,0,1,12042206,2982884,2032342,4463274,43,26,1253,1108,8483780,6495616,NA,NA,16.3039282036531,14.908401175714282,15.953666663165947,7.133295954896068,3.7612001156935624,7.010311867307229,14.524699380605075,15.311393135408272,0.6871209751315349,0.17038045366919263,0.2709180379024865,0.047628048989254435,0.15279780476183902,0.13763426658449518,0.17389744276209296,0.03203739472814782,-0.025172763797780107
293,manufacture of leather products except footwear and other wearing apparel,1963,0,1,12170676,2768153,3299498,1646592,43,35,1219,1027,8799330,8442090,NA,NA,16.314540009846702,14.83369086875859,15.990186140186278,7.105786129481271,3.7612001156935624,6.934397209928558,15.009280893652983,14.314218255338364,0.3329078120292999,0.01061180619360158,-0.07471030695569247,0,-0.07591465737867154,0.03651947702033098,-0.027509825414797184,0.48458151304790853,-0.9971748800699078
293,manufacture of leather products except footwear and other wearing apparel,1964,0,1,26049656,5142058,4844328,8905304,47,36,1379,1118,19769458,13749632,NA,NA,17.07551512070218,15.452963946402077,16.799648779495325,7.229113877793302,3.8501476017100584,7.0192966537150445,15.39331909399691,16.002157612247856,0.6476758068870497,0.7609751108554761,0.6192730776434878,0.08894748601649605,0.08489944378648673,0.8094626393090465,0.12332774831203075,0.38403820034392666,1.6879393569094923
293,manufacture of leather products except footwear and other wearing apparel,1965,0,1,20286787,5141237,4990603,4941243,52,29,1915,1388,14236052,9931846,NA,NA,16.8254803453938,15.45280426995562,16.471288178316986,7.557472901614746,3.9512437185814275,7.23561914106675,15.4230673021103,15.413127476946443,0.49751506416833285,-0.2500347753083787,-1.5967644645797918e-4,0.1010961168713691,0.21632248735170556,-0.3283606011783391,0.3283590238214442,0.029748208113391073,-0.5890301353014138
3,biscuit making,1951,0,0,92881000,31110000,19582000,10749000,131,16,10400,8500,61458999.99999999,NA,6758000,9509000,18.346829661876484,17.25303986887382,17.93388084378904,9.249561085129464,4.875197323201151,9.047821442478408,16.790121334896153,16.190323284955202,0.35438989812403154,NA,NA,NA,NA,NA,NA,NA,NA
3,biscuit making,1952,0,0,62232000.00000001,20123000,36552000,14414000,138,17,9290,6709.999999999999,41957000,NA,4625000,8243000.000000001,17.94637989486875,16.817373997448506,17.552155842272875,9.136693831807884,4.927253685157205,8.811354229965728,17.414246462225243,16.483710514466523,0.2828159949770435,-0.4004497670077356,-0.4356658714253143,0.0520563619560539,-0.23646721251268055,-0.3817250015161662,-0.11286725332158021,0.6241251273290906,0.2933872295113211
3,biscuit making,1953,0,0,61319000.00000001,24371000,39929000,10755000,133,20,7100,5400,36896000,NA,3951000,7620000,17.93160030394189,17.008904458817785,17.423613702050922,8.867850063029406,4.890349128221754,8.594154232552366,17.502613434899107,16.190881320683967,0.21219714308262963,-0.014779590926856656,0.19153046136927898,-0.03690455693545136,-0.2171999974133616,-0.12854214022195265,-0.2688437687784777,0.08836697267386384,-0.29282919378255556
3,biscuit making,1954,0,0,NA,NA,NA,NA,NA,NA,NA,NA,NA,NA,NA,NA,NA,NA,NA,NA,NA,NA,NA,NA,NA,NA,NA,NA,NA,NA,NA,NA,NA
3,biscuit making,1955,0,0,NA,NA,NA,NA,NA,NA,NA,NA,NA,NA,NA,NA,NA,NA,NA,NA,NA,NA,NA,NA,NA,NA,NA,NA,NA,NA,NA,NA,NA
3,biscuit making,1956,0,0,NA,NA,NA,NA,NA,NA,NA,NA,NA,NA,NA,NA,NA,NA,NA,NA,NA,NA,NA,NA,NA,NA,NA,NA,NA,NA,NA,NA,NA
3,biscuit making,1957,0,1,111000000,28600000,33800000,21700000,169,32,8500,6500,77500000,55500000,NA,NA,18.525040759276607,17.168917275790083,18.165788494323575,9.047821442478408,5.1298987149230735,8.779557455883728,17.335971360453247,16.892822818510687,0.390990990990991,NA,NA,NA,NA,NA,NA,NA,NA
3,biscuit making,1958,0,1,122166000,42479000,22991000,12316000,213,44,8486,6410,76097000,35679000,NA,NA,18.620891333582062,17.564520394131232,18.14751940024145,9.04617302576227,5.3612921657094255,8.765614549914716,16.950613392966073,16.326409788026528,0.3488260118390121,0.09585057430545518,0.3956031183411497,0.23139345078635198,-0.013942905969011932,-0.018269094082125292,-0.0016484167161383567,-0.3853579674871739,-0.5664130304841599
3,biscuit making,1959,0,1,NA,NA,NA,NA,NA,NA,NA,NA,NA,NA,NA,NA,NA,NA,NA,NA,NA,NA,NA,NA,NA,NA,NA,NA,NA,NA,NA,NA,NA
3,biscuit making,1960,0,1,NA,NA,NA,NA,NA,NA,NA,NA,NA,NA,NA,NA,NA,NA,NA,NA,NA,NA,NA,NA,NA,NA,NA,NA,NA,NA,NA,NA,NA
3,biscuit making,1961,0,1,NA,NA,NA,NA,NA,NA,NA,NA,NA,NA,NA,NA,NA,NA,NA,NA,NA,NA,NA,NA,NA,NA,NA,NA,NA,NA,NA,NA,NA
3,biscuit making,1962,0,1,NA,NA,NA,NA,NA,NA,NA,NA,NA,NA,NA,NA,NA,NA,NA,NA,NA,NA,NA,NA,NA,NA,NA,NA,NA,NA,NA,NA,NA
3,biscuit making,1963,0,1,NA,NA,NA,NA,NA,NA,NA,NA,NA,NA,NA,NA,NA,NA,NA,NA,NA,NA,NA,NA,NA,NA,NA,NA,NA,NA,NA,NA,NA
3,biscuit making,1964,0,1,NA,NA,NA,NA,NA,NA,NA,NA,NA,NA,NA,NA,NA,NA,NA,NA,NA,NA,NA,NA,NA,NA,NA,NA,NA,NA,NA,NA,NA
3,biscuit making,1965,0,1,NA,NA,NA,NA,NA,NA,NA,NA,NA,NA,NA,NA,NA,NA,NA,NA,NA,NA,NA,NA,NA,NA,NA,NA,NA,NA,NA,NA,NA
30,footwear and leather manufacturing,1951,0,0,98405000,47867000,12020000,14182000,42,12,13100,12600,50539000,NA,20082000,22020000,18.404602173739676,17.683936889674342,17.738255873420695,9.480367509189243,3.7376696182833684,9.441452092939569,16.302082487071335,16.46748411284608,0.541256392641783,NA,NA,NA,NA,NA,NA,NA,NA
30,footwear and leather manufacturing,1952,0,0,84838000,39301000,11746000,27776000,37,13,12605,10707,45501000,NA,10599000,22237000,18.25625411359694,17.486760521808385,17.633244861701645,9.44184883962202,3.6109179126442243,9.27865301215827,16.279023315064602,17.139682896442213,0.7027984413744244,-0.14834806014273738,-0.19717636786595705,-0.12675170563914406,-0.16279908078129957,-0.10501101171904992,-0.03851866956722283,-0.023059172006732354,0.6721987835961336
30,footwear and leather manufacturing,1953,0,0,77839000,33388000,12491000,22986000,34,13,12500,10500,44360000,NA,9889000,22307000,18.170153148894137,17.323707111952764,17.60784872044644,9.433483923290392,3.5263605246161616,9.259130536145614,16.340518942948048,16.95039589291084,0.6479127321926882,-0.08610096470280126,-0.1630534098556211,-0.08455738802806279,-0.019522476012655332,-0.02539614125520373,-0.008364916331627725,0.061495627883445536,-0.18928700353137273
30,footwear and leather manufacturing,1954,0,0,NA,NA,NA,NA,NA,NA,NA,NA,NA,NA,NA,NA,NA,NA,NA,NA,NA,NA,NA,NA,NA,NA,NA,NA,NA,NA,NA,NA,NA
30,footwear and leather manufacturing,1955,0,0,NA,NA,NA,NA,NA,NA,NA,NA,NA,NA,NA,NA,NA,NA,NA,NA,NA,NA,NA,NA,NA,NA,NA,NA,NA,NA,NA,NA,NA
30,footwear and leather manufacturing,1956,0,0,NA,NA,NA,NA,NA,NA,NA,NA,NA,NA,NA,NA,NA,NA,NA,NA,NA,NA,NA,NA,NA,NA,NA,NA,NA,NA,NA,NA,NA
30,footwear and leather manufacturing,1957,0,1,40100000,10800000,2700000,15400000,40,17,3700,3100,28500000,18100000,NA,NA,17.506886892276796,16.195056692094447,17.16541464523888,8.216088098632316,3.6888794541139363,8.039157390473237,14.808762330974558,16.549878067383858,0.850828729281768,NA,NA,NA,NA,NA,NA,NA,NA
30,footwear and leather manufacturing,1958,0,1,51658000,15395000,6047000,-4134000,88,29,6791,5511,34949000,1913000,NA,NA,17.760155630209674,16.549553339340736,17.369400413931462,8.823353485113792,4.477336814478207,8.614501373883236,15.61507283925535,NA,-2.1610036591740722,0.25326873793287774,0.3544966472462896,0.7884573603642706,0.5753439834099989,0.20398576869258278,0.6072653864814761,0.8063105082807915,NA
30,footwear and leather manufacturing,1959,0,1,NA,NA,NA,NA,NA,NA,NA,NA,NA,NA,NA,NA,NA,NA,NA,NA,NA,NA,NA,NA,NA,NA,NA,NA,NA,NA,NA,NA,NA
30,footwear and leather manufacturing,1960,0,1,NA,NA,NA,NA,NA,NA,NA,NA,NA,NA,NA,NA,NA,NA,NA,NA,NA,NA,NA,NA,NA,NA,NA,NA,NA,NA,NA,NA,NA
30,footwear and leather manufacturing,1961,0,1,NA,NA,NA,NA,NA,NA,NA,NA,NA,NA,NA,NA,NA,NA,NA,NA,NA,NA,NA,NA,NA,NA,NA,NA,NA,NA,NA,NA,NA
30,footwear and leather manufacturing,1962,0,1,NA,NA,NA,NA,NA,NA,NA,NA,NA,NA,NA,NA,NA,NA,NA,NA,NA,NA,NA,NA,NA,NA,NA,NA,NA,NA,NA,NA,NA
30,footwear and leather manufacturing,1963,0,1,NA,NA,NA,NA,NA,NA,NA,NA,NA,NA,NA,NA,NA,NA,NA,NA,NA,NA,NA,NA,NA,NA,NA,NA,NA,NA,NA,NA,NA
30,footwear and leather manufacturing,1964,0,1,NA,NA,NA,NA,NA,NA,NA,NA,NA,NA,NA,NA,NA,NA,NA,NA,NA,NA,NA,NA,NA,NA,NA,NA,NA,NA,NA,NA,NA
30,footwear and leather manufacturing,1965,0,1,NA,NA,NA,NA,NA,NA,NA,NA,NA,NA,NA,NA,NA,NA,NA,NA,NA,NA,NA,NA,NA,NA,NA,NA,NA,NA,NA,NA,NA
300,manufacture of rubber products,1951,0,0,NA,NA,NA,NA,NA,NA,NA,NA,NA,NA,NA,NA,NA,NA,NA,NA,NA,NA,NA,NA,NA,NA,NA,NA,NA,NA,NA,NA,NA
300,manufacture of rubber products,1952,0,0,NA,NA,NA,NA,NA,NA,NA,NA,NA,NA,NA,NA,NA,NA,NA,NA,NA,NA,NA,NA,NA,NA,NA,NA,NA,NA,NA,NA,NA
300,manufacture of rubber products,1953,0,0,NA,NA,NA,NA,NA,NA,NA,NA,NA,NA,NA,NA,NA,NA,NA,NA,NA,NA,NA,NA,NA,NA,NA,NA,NA,NA,NA,NA,NA
300,manufacture of rubber products,1954,0,0,NA,NA,NA,NA,NA,NA,NA,NA,NA,NA,NA,NA,NA,NA,NA,NA,NA,NA,NA,NA,NA,NA,NA,NA,NA,NA,NA,NA,NA
300,manufacture of rubber products,1955,0,0,NA,NA,NA,NA,NA,NA,NA,NA,NA,NA,NA,NA,NA,NA,NA,NA,NA,NA,NA,NA,NA,NA,NA,NA,NA,NA,NA,NA,NA
300,manufacture of rubber products,1956,0,0,NA,NA,NA,NA,NA,NA,NA,NA,NA,NA,NA,NA,NA,NA,NA,NA,NA,NA,NA,NA,NA,NA,NA,NA,NA,NA,NA,NA,NA
300,manufacture of rubber products,1957,0,1,NA,NA,NA,NA,NA,NA,NA,NA,NA,NA,NA,NA,NA,NA,NA,NA,NA,NA,NA,NA,NA,NA,NA,NA,NA,NA,NA,NA,NA
300,manufacture of rubber products,1958,0,1,NA,NA,NA,NA,NA,NA,NA,NA,NA,NA,NA,NA,NA,NA,NA,NA,NA,NA,NA,NA,NA,NA,NA,NA,NA,NA,NA,NA,NA
300,manufacture of rubber products,1959,0,1,598474000,196078000,NA,NA,239,127,34370,NA,NA,228765000,NA,NA,20.209893640080494,19.09402309721371,NA,10.44493936984388,5.476463551931511,NA,NA,NA,NA,NA,NA,NA,NA,NA,NA,NA,NA
300,manufacture of rubber products,1960,0,1,762781118,251851634,167395136,151026595,279,133,39709,34538,482467320,318421731,NA,NA,20.452481677844574,19.34435071812377,19.994423745879548,10.589333141234551,5.631211781821365,10.449815446144616,18.935867659444583,18.832966505098682,0.47429738707123603,0.24258803776407944,0.2503276209100598,0.15474822988985437,NA,NA,0.14439377139067133,NA,NA
300,manufacture of rubber products,1961,0,1,826652174,287254923,145628981,178491279,320,140,40188,35279,503167337,324119260,NA,NA,20.532894576849902,19.47588061292748,20.036433350671384,10.601323722582205,5.768320995793772,10.471043165047808,18.796572719249635,19.000050300847562,0.550694606378509,0.08041289900532789,0.1315298948037089,0.1371092139724066,0.02122771890319264,0.04200960479183635,0.011990581347653517,-0.13929494019494726,0.16708379574888
300,manufacture of rubber products,1962,0,1,1000517086,319971333,243805410,229570572,345,147,42629,36946,629385793,473375982,NA,NA,20.723782789303513,19.583741965370127,20.260254970048752,10.660290051825195,5.84354441703136,10.517212666118583,19.311880965085177,19.25172104346341,0.48496455403180977,0.19088821245361132,0.10786135244264727,0.07522342123758818,0.046169501070775,0.2238216193773681,0.058966329242990057,0.5153082458355414,0.2516707426158469
300,manufacture of rubber products,1963,0,1,1111678855,348437651,268914317,234049175,382,195,46705,40530,701481230,514901492,NA,NA,20.829137191603774,19.668969865415946,20.368704700199423,10.751606504306949,5.945420608606575,10.609797719622355,19.40990336266295,19.271041800816295,0.4653402855728543,0.10535440230026083,0.08522790004581893,0.1018761915752151,0.09258505350377177,0.10844973015067083,0.09131645248175424,0.09802239757777187,0.01932075735288663
300,manufacture of rubber products,1964,0,1,1175940731,306877708,306404010,298089197,387,203,49917,42219,787988587,604493207,NA,NA,20.88533428634326,19.541959880914042,20.48499416421473,10.818116905083617,5.958424693029782,10.650625635664678,19.540415083212434,19.51290331847469,0.493122492607266,0.056197094739484754,-0.12700998450190326,0.013004084423206663,0.040827916042323054,0.11628946401530627,0.06651040077666792,0.13051172054948523,0.24186151765839625
300,manufacture of rubber products,1965,0,1,1382424475,377352411,325314092,277405982,421,211,52185,43083,912124783,602720074,NA,NA,21.047104660573773,19.748690085968498,20.63128736214404,10.862550376254152,6.042632833682381,10.670883766728728,19.60030171051759,19.44099263014025,0.4602567493048191,0.16177037423051388,0.2067302050544555,0.08420814065259918,0.02025813106405039,0.14629319792931028,0.0444334711705352,0.0598866273051577,-0.07191068833444092
31,rubber and rubber manufacturing,1951,0,0,183751000,50568000,32832000,64113000,121,47,16600,14200,133045000,NA,15147000,21929000,19.029092138219283,17.73882952313427,18.706197974824637,9.717157974344635,4.795790545596741,9.560997243589352,17.306914207512577,17.97615770944044,0.6613337459384186,NA,NA,NA,NA,NA,NA,NA,NA
31,rubber and rubber manufacturing,1952,0,0,268514000,98357000,49347000,85951000,140,46,18516,15211,169906000,NA,16099000,29671000,19.408413612080874,18.404114274643792,18.950755900909716,9.8263905021511615,4.941642422609304,9.629774129311743,17.714387531722405,18.26928792439677,0.6352717704622389,0.3793214738615909,0.665284751509521,0.14585187701256253,0.06877688572239116,0.2445579260850792,0.10923252780652604,0.4074733242098283,0.2931302149563315
31,rubber and rubber manufacturing,1953,0,0,241688000,83061000,56327000,77531000,158,49,20700,17400,158456000,NA,16302000,29474000,19.303158196116822,18.235085835583934,18.88098751021924,9.93788897925346,5.062595033026967,9.764225485202621,17.846684551863454,18.1661884143449,0.579203334877258,-0.10525541596405219,-0.16902843905985776,0.12095261041766303,0.13445135589087798,-0.06976839069047713,0.11149847710229821,0.13229702014104916,-0.10309951005186946
31,rubber and rubber manufacturing,1954,0,0,NA,NA,NA,NA,NA,NA,NA,NA,NA,NA,NA,NA,NA,NA,NA,NA,NA,NA,NA,NA,NA,NA,NA,NA,NA,NA,NA,NA,NA
31,rubber and rubber manufacturing,1955,0,0,NA,NA,NA,NA,NA,NA,NA,NA,NA,NA,NA,NA,NA,NA,NA,NA,NA,NA,NA,NA,NA,NA,NA,NA,NA,NA,NA,NA,NA
31,rubber and rubber manufacturing,1956,0,0,NA,NA,NA,NA,NA,NA,NA,NA,NA,NA,NA,NA,NA,NA,NA,NA,NA,NA,NA,NA,NA,NA,NA,NA,NA,NA,NA,NA,NA
31,rubber and rubber manufacturing,1957,0,1,503800000,183400000,42000000,77200000,207,85,30700,26600,309300000,119200000,NA,NA,20.037689921882784,19.02718011778664,19.5498222376553,10.332017933575289,5.332718793265369,10.188666494769791,17.553180176247643,18.161910014995005,0.6476510067114094,NA,NA,NA,NA,NA,NA,NA,NA
31,rubber and rubber manufacturing,1958,0,1,583266000,218671000,84333000,113136000,227,57,32200,26910,349221000,197469000,NA,NA,20.184153900979904,19.20307887511707,19.67121551757858,10.3797217315325,5.424950017481403,10.200253243720951,18.250283805446703,18.544101192826158,0.5729304346505021,0.1464639790971205,0.1758987573304296,0.09223122421603414,0.011586748951160075,0.1213932799232822,0.04770379795721169,0.6971036291990593,0.3821911778311531
31,rubber and rubber manufacturing,1959,0,1,NA,NA,NA,NA,NA,NA,NA,NA,NA,NA,NA,NA,NA,NA,NA,NA,NA,NA,NA,NA,NA,NA,NA,NA,NA,NA,NA,NA,NA
31,rubber and rubber manufacturing,1960,0,1,NA,NA,NA,NA,NA,NA,NA,NA,NA,NA,NA,NA,NA,NA,NA,NA,NA,NA,NA,NA,NA,NA,NA,NA,NA,NA,NA,NA,NA
31,rubber and rubber manufacturing,1961,0,1,NA,NA,NA,NA,NA,NA,NA,NA,NA,NA,NA,NA,NA,NA,NA,NA,NA,NA,NA,NA,NA,NA,NA,NA,NA,NA,NA,NA,NA
31,rubber and rubber manufacturing,1962,0,1,NA,NA,NA,NA,NA,NA,NA,NA,NA,NA,NA,NA,NA,NA,NA,NA,NA,NA,NA,NA,NA,NA,NA,NA,NA,NA,NA,NA,NA
31,rubber and rubber manufacturing,1963,0,1,NA,NA,NA,NA,NA,NA,NA,NA,NA,NA,NA,NA,NA,NA,NA,NA,NA,NA,NA,NA,NA,NA,NA,NA,NA,NA,NA,NA,NA
31,rubber and rubber manufacturing,1964,0,1,NA,NA,NA,NA,NA,NA,NA,NA,NA,NA,NA,NA,NA,NA,NA,NA,NA,NA,NA,NA,NA,NA,NA,NA,NA,NA,NA,NA,NA
31,rubber and rubber manufacturing,1965,0,1,NA,NA,NA,NA,NA,NA,NA,NA,NA,NA,NA,NA,NA,NA,NA,NA,NA,NA,NA,NA,NA,NA,NA,NA,NA,NA,NA,NA,NA
311,"basic industrial chemicals, including fertilizers",1951,1,0,NA,NA,NA,NA,NA,NA,NA,NA,NA,NA,NA,NA,NA,NA,NA,NA,NA,NA,NA,NA,NA,NA,NA,NA,NA,NA,NA,NA,NA
311,"basic industrial chemicals, including fertilizers",1952,1,0,NA,NA,NA,NA,NA,NA,NA,NA,NA,NA,NA,NA,NA,NA,NA,NA,NA,NA,NA,NA,NA,NA,NA,NA,NA,NA,NA,NA,NA
311,"basic industrial chemicals, including fertilizers",1953,1,0,NA,NA,NA,NA,NA,NA,NA,NA,NA,NA,NA,NA,NA,NA,NA,NA,NA,NA,NA,NA,NA,NA,NA,NA,NA,NA,NA,NA,NA
311,"basic industrial chemicals, including fertilizers",1954,1,0,NA,NA,NA,NA,NA,NA,NA,NA,NA,NA,NA,NA,NA,NA,NA,NA,NA,NA,NA,NA,NA,NA,NA,NA,NA,NA,NA,NA,NA
311,"basic industrial chemicals, including fertilizers",1955,1,0,NA,NA,NA,NA,NA,NA,NA,NA,NA,NA,NA,NA,NA,NA,NA,NA,NA,NA,NA,NA,NA,NA,NA,NA,NA,NA,NA,NA,NA
311,"basic industrial chemicals, including fertilizers",1956,1,0,NA,NA,NA,NA,NA,NA,NA,NA,NA,NA,NA,NA,NA,NA,NA,NA,NA,NA,NA,NA,NA,NA,NA,NA,NA,NA,NA,NA,NA
311,"basic industrial chemicals, including fertilizers",1957,1,1,NA,NA,NA,NA,NA,NA,NA,NA,NA,NA,NA,NA,NA,NA,NA,NA,NA,NA,NA,NA,NA,NA,NA,NA,NA,NA,NA,NA,NA
311,"basic industrial chemicals, including fertilizers",1958,1,1,NA,NA,NA,NA,NA,NA,NA,NA,NA,NA,NA,NA,NA,NA,NA,NA,NA,NA,NA,NA,NA,NA,NA,NA,NA,NA,NA,NA,NA
311,"basic industrial chemicals, including fertilizers",1959,1,1,700242000,220148000,NA,NA,244,159,43476,NA,NA,756507000,NA,NA,20.36693654754798,19.209810605409803,NA,10.679964340683078,5.497168225293202,NA,NA,NA,NA,NA,NA,NA,NA,NA,NA,NA,NA
311,"basic industrial chemicals, including fertilizers",1960,1,1,1001402794,299618062,894391840,342381967,269,159,49833,38714,586934188,1157793247,NA,NA,20.724667647950096,19.518019094839545,20.19042325566365,10.816432694159186,5.594711379601839,10.563956570705491,20.611654536888786,19.65143753437297,0.2768347494603757,0.3577311004021162,0.30820848942974166,0.09754315430863691,NA,NA,0.13646835347610775,NA,NA
311,"basic industrial chemicals, including fertilizers",1961,1,1,1349889138,407276639,1441594598,442468058,318,188,59956,47460,765405604,1882027656,NA,NA,21.023288306024718,19.82500321521631,20.455916452590948,11.001366238850487,5.762051382780177,10.767642529989754,21.08901569758602,19.90787883449604,0.2348478468011204,0.298620658074622,0.3069841203767645,0.16734000317833786,0.2036859592842628,0.26549319692729867,0.18493354469130097,0.4773611606972352,0.2564413001230683
311,"basic industrial chemicals, including fertilizers",1962,1,1,1609062593,451003779,1464605424,511425660,337,199,58198,47611,921166506,1976031084,NA,NA,21.198917606002365,19.926986276589275,20.641151366152965,10.971606268867896,5.820082930352362,10.770819105958742,21.104851707984633,20.05271279555007,0.25881458249368305,0.17562929997764698,0.10198306137296598,0.05803154757218465,0.0031765759689879047,0.1852349135620166,-0.02975996998259056,0.015836010398611933,0.144833961054033
311,"basic industrial chemicals, including fertilizers",1963,1,1,1787893160,487456051,1771761277,626554140,393,262,62513,50910,1028820227,2430051417,NA,NA,21.30430375799741,20.004710692543387,20.751678572024186,11.043129814095492,5.973809611869261,10.837814646896382,21.29523996052785,20.25574574516686,0.26124759719209195,0.1053861519950452,0.07772441595411195,0.1537266815168996,0.06699554093763993,0.11052720587122167,0.07152354522759552,0.19038825254321878,0.2030329496167873
311,"basic industrial chemicals, including fertilizers",1964,1,1,2072417938,550782271,1999792751,701608442,441,296,66421,52247,1182415162,2701401193,NA,NA,21.451981848532377,20.126850136573797,20.890824931147716,11.103768550523514,6.089044875446846,10.863737751910739,21.416309387636968,20.36888603144701,0.25972019403043184,0.14767809053496705,0.12213944403040955,0.11523526357758485,0.025923105014356906,0.13914635912352935,0.060638736428021645,0.12106942710911639,0.11314028628014938
311,"basic industrial chemicals, including fertilizers",1965,1,1,2778503461,700006253,2405090427,743218846,488,314,78716,56669,1610830389,3148309273,NA,NA,21.745178296319608,20.366599825824924,21.200015652544597,11.273601717426981,6.1903154058531475,10.94498260298715,21.600853339381487,20.42650110305413,0.2360691982753627,0.2931964477872313,0.23974968925112705,0.10127053040630152,0.081244851076411,0.309190721396881,0.16983316690346761,0.18454395174451932,0.05761507160712043
313,"manufacture of paints, varnishes and lacquers",1951,0,0,NA,NA,NA,NA,NA,NA,NA,NA,NA,NA,NA,NA,NA,NA,NA,NA,NA,NA,NA,NA,NA,NA,NA,NA,NA,NA,NA,NA,NA
313,"manufacture of paints, varnishes and lacquers",1952,0,0,NA,NA,NA,NA,NA,NA,NA,NA,NA,NA,NA,NA,NA,NA,NA,NA,NA,NA,NA,NA,NA,NA,NA,NA,NA,NA,NA,NA,NA
313,"manufacture of paints, varnishes and lacquers",1953,0,0,NA,NA,NA,NA,NA,NA,NA,NA,NA,NA,NA,NA,NA,NA,NA,NA,NA,NA,NA,NA,NA,NA,NA,NA,NA,NA,NA,NA,NA
313,"manufacture of paints, varnishes and lacquers",1954,0,0,NA,NA,NA,NA,NA,NA,NA,NA,NA,NA,NA,NA,NA,NA,NA,NA,NA,NA,NA,NA,NA,NA,NA,NA,NA,NA,NA,NA,NA
313,"manufacture of paints, varnishes and lacquers",1955,0,0,NA,NA,NA,NA,NA,NA,NA,NA,NA,NA,NA,NA,NA,NA,NA,NA,NA,NA,NA,NA,NA,NA,NA,NA,NA,NA,NA,NA,NA
313,"manufacture of paints, varnishes and lacquers",1956,0,0,NA,NA,NA,NA,NA,NA,NA,NA,NA,NA,NA,NA,NA,NA,NA,NA,NA,NA,NA,NA,NA,NA,NA,NA,NA,NA,NA,NA,NA
313,"manufacture of paints, varnishes and lacquers",1957,0,1,NA,NA,NA,NA,NA,NA,NA,NA,NA,NA,NA,NA,NA,NA,NA,NA,NA,NA,NA,NA,NA,NA,NA,NA,NA,NA,NA,NA,NA
313,"manufacture of paints, varnishes and lacquers",1958,0,1,NA,NA,NA,NA,NA,NA,NA,NA,NA,NA,NA,NA,NA,NA,NA,NA,NA,NA,NA,NA,NA,NA,NA,NA,NA,NA,NA,NA,NA
313,"manufacture of paints, varnishes and lacquers",1959,0,1,117600000,34900000,NA,NA,22,22,5584,NA,NA,42100000,NA,NA,18.5827995934288,17.367997387172654,NA,8.627660644442209,3.091042453358316,NA,NA,NA,NA,NA,NA,NA,NA,NA,NA,NA,NA
313,"manufacture of paints, varnishes and lacquers",1960,0,1,140629681,35969385,17990718,39229445,22,22,5783,4530,93213169,57220163,NA,NA,18.761640617480065,17.398178717944322,18.35039956795742,8.662677858158219,3.091042453358316,8.41847721847708,16.70536651619199,17.484938170749437,0.6855877883465659,0.17884102405126612,0.030181330771668513,0,NA,NA,0.035017213716010076,NA,NA
313,"manufacture of paints, varnishes and lacquers",1961,0,1,144758933,34811379,19540752,46371561,25,25,6161,4777,101653412,65912313,NA,NA,18.79058038581198,17.365454874056113,18.437079663633686,8.725994381014571,3.2188758248682006,8.471568013389962,16.788012688997025,17.652196919807924,0.7035341181244845,0.028939768331916582,-0.032723843888209814,0.1278333715098845,0.053090794912883155,0.08668009567626456,0.06331652285635236,0.08264617280503472,0.1672587490584867
313,"manufacture of paints, varnishes and lacquers",1962,0,1,181930944,53833225,21150343,52701094,31,31,6710,5329,120124519,73851437,NA,NA,19.019137744468406,17.80140139957295,18.604039421084384,8.811354229965728,3.4339872044851463,8.580918882296782,16.86716668081915,17.780146772309408,0.713609594353594,0.22855735865642401,0.43594652551683666,0.2151113796169457,0.10935086890681944,0.16695975745069802,0.08535984895115689,0.07915399182212468,0.12794985250148372
313,"manufacture of paints, varnishes and lacquers",1963,0,1,218329722,62583099,25226976,67872370,30,30,7430,5852,143330980,93099346,NA,NA,19.201516964336605,17.95200581559252,18.780667059244333,8.913281137711804,3.4011973816621555,8.674538762140015,17.043424456121055,18.03313958776969,0.7290316518442568,0.18237921986819927,0.15060441601957208,-0.03278982282299081,0.09361987984323328,0.17662763815994964,0.10192690774607627,0.1762577753019059,0.2529928154602814
313,"manufacture of paints, varnishes and lacquers",1964,0,1,226575632,63533072,30316124,80200185,31,31,8060,5428,151191141,110516309,NA,NA,19.238589363264573,17.967071147181468,18.83405542872333,8.994668835500674,3.4339872044851463,8.59932602095476,17.227190274155063,18.200036379567248,0.7256864233495167,0.03707239892796821,0.015065331588946407,0.03278982282299081,-0.0752127411852559,0.0533883694789985,0.08138769778886967,0.18376581803400782,0.16689679179755856
313,"manufacture of paints, varnishes and lacquers",1965,0,1,251278319,59924066,37580836,92581817,33,33,8238,5390,170108257,130162653,NA,NA,19.3420717234238,17.908588752013902,18.95194559822206,9.016512874996026,3.4965075614664802,8.592300663903043,17.442004797577624,18.34360331964398,0.7112778885968158,0.10348236015922652,-0.058482395167565926,0.06252035698133396,-0.007025357051716696,0.11789016949872888,0.02184403949535252,0.2148145234225609,0.143566940076731
319,manufacture of miscellaneous chemical products,1951,0,0,NA,NA,NA,NA,NA,NA,NA,NA,NA,NA,NA,NA,NA,NA,NA,NA,NA,NA,NA,NA,NA,NA,NA,NA,NA,NA,NA,NA,NA
319,manufacture of miscellaneous chemical products,1952,0,0,NA,NA,NA,NA,NA,NA,NA,NA,NA,NA,NA,NA,NA,NA,NA,NA,NA,NA,NA,NA,NA,NA,NA,NA,NA,NA,NA,NA,NA
319,manufacture of miscellaneous chemical products,1953,0,0,NA,NA,NA,NA,NA,NA,NA,NA,NA,NA,NA,NA,NA,NA,NA,NA,NA,NA,NA,NA,NA,NA,NA,NA,NA,NA,NA,NA,NA
319,manufacture of miscellaneous chemical products,1954,0,0,NA,NA,NA,NA,NA,NA,NA,NA,NA,NA,NA,NA,NA,NA,NA,NA,NA,NA,NA,NA,NA,NA,NA,NA,NA,NA,NA,NA,NA
319,manufacture of miscellaneous chemical products,1955,0,0,NA,NA,NA,NA,NA,NA,NA,NA,NA,NA,NA,NA,NA,NA,NA,NA,NA,NA,NA,NA,NA,NA,NA,NA,NA,NA,NA,NA,NA
319,manufacture of miscellaneous chemical products,1956,0,0,NA,NA,NA,NA,NA,NA,NA,NA,NA,NA,NA,NA,NA,NA,NA,NA,NA,NA,NA,NA,NA,NA,NA,NA,NA,NA,NA,NA,NA
319,manufacture of miscellaneous chemical products,1957,0,1,NA,NA,NA,NA,NA,NA,NA,NA,NA,NA,NA,NA,NA,NA,NA,NA,NA,NA,NA,NA,NA,NA,NA,NA,NA,NA,NA,NA,NA
319,manufacture of miscellaneous chemical products,1958,0,1,NA,NA,NA,NA,NA,NA,NA,NA,NA,NA,NA,NA,NA,NA,NA,NA,NA,NA,NA,NA,NA,NA,NA,NA,NA,NA,NA,NA,NA
319,manufacture of miscellaneous chemical products,1959,0,1,1396163000,449259000,NA,NA,1039,426,80756,NA,NA,666142000,NA,NA,21.05699359664807,19.923110116816257,NA,11.299187541730115,6.946013991099227,NA,NA,NA,NA,NA,NA,NA,NA,NA,NA,NA,NA
319,manufacture of miscellaneous chemical products,1960,0,1,1525131316,479056181,358659365,454613417,1096,406,84340,72391,954682010,802228833,NA,NA,21.14534635215109,19.987328436597686,20.676888869174924,11.342611527300551,6.999422467507961,11.189837261254489,19.69788365200398,19.93495798280553,0.5589925386191026,0.08835275550302057,0.06421831978142833,0.05340847640873392,NA,NA,0.043423985570436585,NA,NA
319,manufacture of miscellaneous chemical products,1961,0,1,1733620152,536923977,399796142,521084226,1168,417,83099,71344,1049798684,919099368,NA,NA,21.273477632484344,20.101367072618782,20.77186425320958,11.32778794707679,7.0630481633881725,11.175268526867258,19.806465330159103,20.071422248839816,0.5658544194309505,0.12813128033325327,0.1140386360210961,0.06362569588021127,-0.01456873438723072,0.09497538403465455,-0.014823580223762178,0.10858167815512232,0.13646426603428807
319,manufacture of miscellaneous chemical products,1962,0,1,1948832014,620703731,478012152,551637291,1168,429,87915,74947,1174986712,1029649443,NA,NA,21.390496062890076,20.246364442321187,20.884522675542417,11.38412571757864,7.0630481633881725,11.224536476045198,19.985146712726724,20.128401306746955,0.5357525269889356,0.11701843040573223,0.14499736970240562,0,0.049267949177940196,0.11265842233283863,0.05633777050184996,0.17868138256762123,0.05697905790713875
319,manufacture of miscellaneous chemical products,1963,0,1,2288003287,727011052,555715356,615081936,1221,436,91659,77261,1341838190,1279805292,NA,NA,21.550945347088806,20.404452237583065,21.017306294455807,11.425830448119246,7.107425474110705,11.254944579444818,20.13576677148361,20.237266046164855,0.5253530565904315,0.16044928419873017,0.15808779526187777,0.04437731072253204,0.03040810339961908,0.13278361891338974,0.04170473054060686,0.15062005875688556,0.10886473941789987
319,manufacture of miscellaneous chemical products,1964,0,1,2664909870,783882547,646549353,772363418,1305,509,101322,80685,1641661244,1418912771,NA,NA,21.703436074104886,20.47976975459167,21.21897451974969,11.526058843360191,7.173958319756794,11.298307963375454,20.287160092009632,20.464965745926303,0.5443346721417309,0.15249072701607957,0.07531751700860312,0.06653284564608963,0.04336338393063599,0.20166822529388284,0.10022839524094529,0.15139332052602228,0.22769969976144822
319,manufacture of miscellaneous chemical products,1965,0,1,3030777669,886319689,689383538,1046508777,1339,557,109827,86102,1894218189,1735892315,NA,NA,21.832085079972703,20.60258826628756,21.362072025180872,11.60666167946806,7.199678345691172,11.363287918949755,20.351308333026804,20.76872548681946,0.6028650325581976,0.12864900586781758,0.1228185116958933,0.025720025934377944,0.06497995557430158,0.14309750543118227,0.08060283610786811,0.06414824101717187,0.30375974089315605
32,enamelware,1951,1,0,4972000.000000001,1744000,2289000,2528000,18,7,1900,1700,3078000,NA,1429000,2048000,15.419332731612739,14.371691883451062,14.93979059338096,7.549609165154532,2.8903717578961645,7.438383530044307,14.643625598934705,14.742939034248884,0.5248079717666597,NA,NA,NA,NA,NA,NA,NA,NA
32,enamelware,1952,1,0,9815000,5689000,3527000,2872000,20,5,2802,2456,4120000,NA,1945000,2615000,16.099422385692698,15.554045043732785,15.231363721325708,7.938088726896952,2.995732273553991,7.806289289267033,15.07595820921819,14.870519209150252,0.44882012814502265,0.6800896540799588,1.182353160281723,0.10536051565782634,0.36790575922272595,0.29157312794474777,0.38847956174241993,0.4323326102834848,0.12758017490136808
32,enamelware,1953,1,0,10107000,4643000,3289000,2754000,23,5,2800,2400,5456000,NA,194141000,2778000,16.1287388110568,15.35087126700206,15.512226478505434,7.937374696163295,3.1354942159291497,7.783224016336037,15.006094125171193,14.828564958270738,0.4557339069998345,0.02931642536410095,-0.20317377673072556,0.13976194237515882,-0.023065272930995917,0.280862757179726,-7.140307336568341e-4,-0.06986408404699596,-0.04195425087951499
32,enamelware,1954,1,0,NA,NA,NA,NA,NA,NA,NA,NA,NA,NA,NA,NA,NA,NA,NA,NA,NA,NA,NA,NA,NA,NA,NA,NA,NA,NA,NA,NA,NA
32,enamelware,1955,1,0,NA,NA,NA,NA,NA,NA,NA,NA,NA,NA,NA,NA,NA,NA,NA,NA,NA,NA,NA,NA,NA,NA,NA,NA,NA,NA,NA,NA,NA
32,enamelware,1956,1,0,NA,NA,NA,NA,NA,NA,NA,NA,NA,NA,NA,NA,NA,NA,NA,NA,NA,NA,NA,NA,NA,NA,NA,NA,NA,NA,NA,NA,NA
32,enamelware,1957,1,1,16200000,6200000,3800000,3500000,18,15,2800,2500,9000000,7300000,NA,NA,16.600521800202614,15.64005985001532,16.012735135300492,7.937374696163295,2.8903717578961645,7.824046010856292,15.150511624696614,15.068273526459642,0.4794520547945205,NA,NA,NA,NA,NA,NA,NA,NA
32,enamelware,1958,1,1,33244000,5238000,1929000,1937000,19,16,2200,1900,26461000,3866000,NA,NA,17.319384857655056,15.471450304049794,17.091182508831885,7.696212639346407,2.9444389791664403,7.549609165154532,14.472512291887867,14.476650942389133,0.5010346611484738,0.7188630574524417,-0.16860954596552524,0.054067221270275745,-0.27443684570175986,1.078447373531393,-0.24116205681688818,-0.6779993328087475,-0.5916225840705085
32,enamelware,1959,1,1,NA,NA,NA,NA,NA,NA,NA,NA,NA,NA,NA,NA,NA,NA,NA,NA,NA,NA,NA,NA,NA,NA,NA,NA,NA,NA,NA,NA,NA
32,enamelware,1960,1,1,NA,NA,NA,NA,NA,NA,NA,NA,NA,NA,NA,NA,NA,NA,NA,NA,NA,NA,NA,NA,NA,NA,NA,NA,NA,NA,NA,NA,NA
32,enamelware,1961,1,1,NA,NA,NA,NA,NA,NA,NA,NA,NA,NA,NA,NA,NA,NA,NA,NA,NA,NA,NA,NA,NA,NA,NA,NA,NA,NA,NA,NA,NA
32,enamelware,1962,1,1,NA,NA,NA,NA,NA,NA,NA,NA,NA,NA,NA,NA,NA,NA,NA,NA,NA,NA,NA,NA,NA,NA,NA,NA,NA,NA,NA,NA,NA
32,enamelware,1963,1,1,NA,NA,NA,NA,NA,NA,NA,NA,NA,NA,NA,NA,NA,NA,NA,NA,NA,NA,NA,NA,NA,NA,NA,NA,NA,NA,NA,NA,NA
32,enamelware,1964,1,1,NA,NA,NA,NA,NA,NA,NA,NA,NA,NA,NA,NA,NA,NA,NA,NA,NA,NA,NA,NA,NA,NA,NA,NA,NA,NA,NA,NA,NA
32,enamelware,1965,1,1,NA,NA,NA,NA,NA,NA,NA,NA,NA,NA,NA,NA,NA,NA,NA,NA,NA,NA,NA,NA,NA,NA,NA,NA,NA,NA,NA,NA,NA
321,petroleum refineries,1951,0,0,NA,NA,NA,NA,NA,NA,NA,NA,NA,NA,NA,NA,NA,NA,NA,NA,NA,NA,NA,NA,NA,NA,NA,NA,NA,NA,NA,NA,NA
321,petroleum refineries,1952,0,0,NA,NA,NA,NA,NA,NA,NA,NA,NA,NA,NA,NA,NA,NA,NA,NA,NA,NA,NA,NA,NA,NA,NA,NA,NA,NA,NA,NA,NA
321,petroleum refineries,1953,0,0,NA,NA,NA,NA,NA,NA,NA,NA,NA,NA,NA,NA,NA,NA,NA,NA,NA,NA,NA,NA,NA,NA,NA,NA,NA,NA,NA,NA,NA
321,petroleum refineries,1954,0,0,NA,NA,NA,NA,NA,NA,NA,NA,NA,NA,NA,NA,NA,NA,NA,NA,NA,NA,NA,NA,NA,NA,NA,NA,NA,NA,NA,NA,NA
321,petroleum refineries,1955,0,0,NA,NA,NA,NA,NA,NA,NA,NA,NA,NA,NA,NA,NA,NA,NA,NA,NA,NA,NA,NA,NA,NA,NA,NA,NA,NA,NA,NA,NA
321,petroleum refineries,1956,0,0,NA,NA,NA,NA,NA,NA,NA,NA,NA,NA,NA,NA,NA,NA,NA,NA,NA,NA,NA,NA,NA,NA,NA,NA,NA,NA,NA,NA,NA
321,petroleum refineries,1957,0,1,NA,NA,NA,NA,NA,NA,NA,NA,NA,NA,NA,NA,NA,NA,NA,NA,NA,NA,NA,NA,NA,NA,NA,NA,NA,NA,NA,NA,NA
321,petroleum refineries,1958,0,1,NA,NA,NA,NA,NA,NA,NA,NA,NA,NA,NA,NA,NA,NA,NA,NA,NA,NA,NA,NA,NA,NA,NA,NA,NA,NA,NA,NA,NA
321,petroleum refineries,1959,0,1,529558000,187220000,NA,NA,113,61,5424,NA,NA,684837000,NA,NA,20.087553254306304,19.04779495390787,NA,8.598588829620232,4.727387818712341,NA,NA,NA,NA,NA,NA,NA,NA,NA,NA,NA,NA
321,petroleum refineries,1960,0,1,471786851,153083847,416144362,273835638,31,27,4894,3978,264588282,689980000,NA,NA,19.97203785468937,18.846496348856647,19.393685522950204,8.495765244002618,3.4339872044851463,8.288534459413917,19.846542782065082,19.428038623049694,0.3968747470941187,-0.11551539961693535,-0.20129860505122465,-1.2934006142271945,NA,NA,-0.10282358561761384,NA,NA
321,petroleum refineries,1961,0,1,522850201,181436395,400875992,356207296,46,26,4716,3872,284009087,836682500,NA,NA,20.07480555844028,19.016415709479112,19.46451679209248,8.458716261657262,3.828641396489095,8.261526448396468,19.809162690561372,19.691023411484853,0.47049948353898946,0.10276770375091004,0.16991936062246538,0.3946541920039488,-0.027008011017448652,0.07083126914227478,-0.0370489823453557,-0.03738009150371013,0.2629847884351584
321,petroleum refineries,1962,0,1,542390539,163793989,504646731,401338891,15,15,5497,4502,319694583,905985622,NA,NA,20.111496851591724,18.914120031518188,19.58287666987651,8.61195776786066,2.70805020110221,8.412277021466677,20.039369199871302,19.810316743075692,0.4429859384677961,0.03669129315144559,-0.10229567796092454,-1.120591195386885,0.15075057307020856,0.11835987778403023,0.15324150620339871,0.23020650930993014,0.1192933315908391
321,petroleum refineries,1963,0,1,641177123,177949196,479193735,514712845,35,30,5262,4547,395115150,993906580,NA,NA,20.278816299647712,18.9970086517872,19.794687799369335,8.568266461600238,3.5553480614894135,8.42222295382501,19.987615530806927,20.059119720596794,0.5178684348784571,0.16731944805598786,0.08288862026901356,0.8472978603872034,0.009945932358332854,0.2118111294928262,-0.04369130626042228,-0.051753669064375174,0.2488029775211018
321,petroleum refineries,1964,0,1,678457674,156679679,522021009,551832568,9,9,5158,4177,468198939,1073853577,NA,NA,20.335332653568987,18.869714017998,19.964403846892928,8.54830418644129,2.1972245773362196,8.337348564497175,20.073218392163454,20.128755239390326,0.5138806442696238,0.05651635392127474,-0.12729463378920158,-1.358123484153194,-0.08487438932783498,0.16971604752359326,-0.019962275158947662,0.08560286135652717,0.06963551879353247
321,petroleum refineries,1965,0,1,737774393,138605899,1135388773,477501661,21,16,8025,5399,519400132,1612901434,NA,NA,20.419148635286806,18.74714520514193,20.06818511133228,8.990316947998217,3.044522437723423,8.593969030218288,20.850240960506866,19.98407819641304,0.29605337779565505,0.08381598171781945,-0.1225688128560698,0.8472978603872034,0.2566204657211131,0.10378126443935187,0.44201276155692604,0.777022568343412,-0.14467704297728545
33,hume pipes and other cement and cement concrete products,1951,0,0,10336000,6223000,4451000,5235000,70,8,2400,2000,4114000,NA,1389000,2113000,16.15114350500452,15.643762663551355,15.229906349195039,7.783224016336037,4.248495242049359,7.600902459542082,15.30863934799799,15.470877402286774,0.5404707825727855,NA,NA,NA,NA,NA,NA,NA,NA
33,hume pipes and other cement and cement concrete products,1952,0,0,17279000,9469000,12156000,9563000,79,11,4074,3403,7804000.000000001,NA,2046000,3252000,16.665002449295258,16.063533862965638,15.870146980725139,8.31238059678675,4.3694478524670215,8.132412674500905,16.31333343301882,16.07341204333168,0.4403057230995902,0.5138589442907389,0.4197711994142832,0.12095261041766214,0.5315102149588231,0.6402406315300997,0.5291565804507137,1.0046940850208284,0.6025346410449046
33,hume pipes and other cement and cement concrete products,1953,0,0,18586000,9803000,9763000,11183000,85,13,3000,2600,8654000,NA,1649000,3235000,16.73791916709942,16.098199019243864,15.973532199766968,8.006367567650246,4.442651256490317,7.8632667240095735,16.09411028820781,16.229905326010325,0.5338966867182279,0.07291671780416209,0.034665156278226306,0.07320340402329517,-0.26914595049133183,0.1033852190418294,-0.30601302913650485,-0.21922314481101068,0.15649328267864604
33,hume pipes and other cement and cement concrete products,1954,0,0,NA,NA,NA,NA,NA,NA,NA,NA,NA,NA,NA,NA,NA,NA,NA,NA,NA,NA,NA,NA,NA,NA,NA,NA,NA,NA,NA,NA,NA
33,hume pipes and other cement and cement concrete products,1955,0,0,NA,NA,NA,NA,NA,NA,NA,NA,NA,NA,NA,NA,NA,NA,NA,NA,NA,NA,NA,NA,NA,NA,NA,NA,NA,NA,NA,NA,NA
33,hume pipes and other cement and cement concrete products,1956,0,0,NA,NA,NA,NA,NA,NA,NA,NA,NA,NA,NA,NA,NA,NA,NA,NA,NA,NA,NA,NA,NA,NA,NA,NA,NA,NA,NA,NA,NA
33,hume pipes and other cement and cement concrete products,1957,0,1,70800000,34000000,17300000,30100000,108,25,8600,7200,34500000,47400000,NA,NA,18.075369558663947,17.341871082580436,17.356469882001587,9.0595174822416,4.68213122712422,8.881836305004146,16.666217059468007,17.220035729719104,0.6350210970464135,NA,NA,NA,NA,NA,NA,NA,NA
33,hume pipes and other cement and cement concrete products,1958,0,1,41495000,18775000,9205000,18529000,117,32,5464,4358,20973000,27734000,NA,NA,17.541083496014686,16.74803675561447,16.858746454162233,8.605936401250625,4.762173934797756,8.379768515504566,16.035257372649315,16.73484763026455,0.6680969207470975,-0.5342860626492616,-0.5938343269659647,0.08004270767353638,-0.5020677894995806,-0.49772342783935386,-0.4535810809909737,-0.6309596868186915,-0.4851880994545539
33,hume pipes and other cement and cement concrete products,1959,0,1,NA,NA,NA,NA,NA,NA,NA,NA,NA,NA,NA,NA,NA,NA,NA,NA,NA,NA,NA,NA,NA,NA,NA,NA,NA,NA,NA,NA,NA
33,hume pipes and other cement and cement concrete products,1960,0,1,NA,NA,NA,NA,NA,NA,NA,NA,NA,NA,NA,NA,NA,NA,NA,NA,NA,NA,NA,NA,NA,NA,NA,NA,NA,NA,NA,NA,NA
33,hume pipes and other cement and cement concrete products,1961,0,1,NA,NA,NA,NA,NA,NA,NA,NA,NA,NA,NA,NA,NA,NA,NA,NA,NA,NA,NA,NA,NA,NA,NA,NA,NA,NA,NA,NA,NA
33,hume pipes and other cement and cement concrete products,1962,0,1,NA,NA,NA,NA,NA,NA,NA,NA,NA,NA,NA,NA,NA,NA,NA,NA,NA,NA,NA,NA,NA,NA,NA,NA,NA,NA,NA,NA,NA
33,hume pipes and other cement and cement concrete products,1963,0,1,NA,NA,NA,NA,NA,NA,NA,NA,NA,NA,NA,NA,NA,NA,NA,NA,NA,NA,NA,NA,NA,NA,NA,NA,NA,NA,NA,NA,NA
33,hume pipes and other cement and cement concrete products,1964,0,1,NA,NA,NA,NA,NA,NA,NA,NA,NA,NA,NA,NA,NA,NA,NA,NA,NA,NA,NA,NA,NA,NA,NA,NA,NA,NA,NA,NA,NA
33,hume pipes and other cement and cement concrete products,1965,0,1,NA,NA,NA,NA,NA,NA,NA,NA,NA,NA,NA,NA,NA,NA,NA,NA,NA,NA,NA,NA,NA,NA,NA,NA,NA,NA,NA,NA,NA
331,manufacture of structural clay products,1951,0,0,NA,NA,NA,NA,NA,NA,NA,NA,NA,NA,NA,NA,NA,NA,NA,NA,NA,NA,NA,NA,NA,NA,NA,NA,NA,NA,NA,NA,NA
331,manufacture of structural clay products,1952,0,0,NA,NA,NA,NA,NA,NA,NA,NA,NA,NA,NA,NA,NA,NA,NA,NA,NA,NA,NA,NA,NA,NA,NA,NA,NA,NA,NA,NA,NA
331,manufacture of structural clay products,1953,0,0,NA,NA,NA,NA,NA,NA,NA,NA,NA,NA,NA,NA,NA,NA,NA,NA,NA,NA,NA,NA,NA,NA,NA,NA,NA,NA,NA,NA,NA
331,manufacture of structural clay products,1954,0,0,NA,NA,NA,NA,NA,NA,NA,NA,NA,NA,NA,NA,NA,NA,NA,NA,NA,NA,NA,NA,NA,NA,NA,NA,NA,NA,NA,NA,NA
331,manufacture of structural clay products,1955,0,0,NA,NA,NA,NA,NA,NA,NA,NA,NA,NA,NA,NA,NA,NA,NA,NA,NA,NA,NA,NA,NA,NA,NA,NA,NA,NA,NA,NA,NA
331,manufacture of structural clay products,1956,0,0,NA,NA,NA,NA,NA,NA,NA,NA,NA,NA,NA,NA,NA,NA,NA,NA,NA,NA,NA,NA,NA,NA,NA,NA,NA,NA,NA,NA,NA
331,manufacture of structural clay products,1957,0,1,NA,NA,NA,NA,NA,NA,NA,NA,NA,NA,NA,NA,NA,NA,NA,NA,NA,NA,NA,NA,NA,NA,NA,NA,NA,NA,NA,NA,NA
331,manufacture of structural clay products,1958,0,1,NA,NA,NA,NA,NA,NA,NA,NA,NA,NA,NA,NA,NA,NA,NA,NA,NA,NA,NA,NA,NA,NA,NA,NA,NA,NA,NA,NA,NA
331,manufacture of structural clay products,1959,0,1,141598000,71952000,NA,NA,588,318,52802,NA,NA,135398000,NA,NA,18.76850261483036,18.091509787992624,NA,10.874304347764848,6.376726947898627,NA,NA,NA,NA,NA,NA,NA,NA,NA,NA,NA,NA
331,manufacture of structural clay products,1960,0,1,191200361,85761789,199812384,43201665,645,363,60925,55857,84702560,243014049,NA,NA,19.068832446655108,18.26708411561023,18.25465638348667,11.017398878493408,6.4692503167957724,10.930550132364163,19.112889404239905,17.581389594138294,0.17777435163841082,0.3003298318247474,0.17557432761760694,0.09252336889714563,NA,NA,0.14309453072855938,NA,NA
331,manufacture of structural clay products,1961,0,1,219209892,101859894,148467093,67381698,694,374,58718,53508,96862786,215945791,NA,NA,19.205540239757134,18.43910883877617,18.388805957689033,10.98050160276284,6.542471960506805,10.887586454415477,18.81587389569142,18.025883995981346,0.31217083814937835,0.1367077931020262,0.17202472316593997,0.07322164371103224,-0.04296367794868594,0.13414957420236462,-0.036897275730567,-0.29701550854848335,0.4444944018430519
331,manufacture of structural clay products,1962,0,1,256686026,117726250,174672221,95389658,746,371,66771,61046,113638543,270061879,NA,NA,19.363364207273523,18.58387257200312,18.548533293678346,11.109024133525745,6.61472560020376,11.019382957326798,18.97842175272993,18.373480723833488,0.3532140795036089,0.15782396751638927,0.1447637332269487,0.07225363969695575,0.13179650291132106,0.159727335989313,0.1285225307629041,0.16254785703850771,0.34759672785214235
331,manufacture of structural clay products,1963,0,1,280256418,123961947,185539307,96342145,817,408,69594,63083,124717744,296283452,NA,NA,19.451215520635586,18.635485197440048,18.641563694031916,11.15043363570993,6.705639094860003,11.052206598601773,19.038777315138766,18.383416423813653,0.34178249159863133,0.0878513133620622,0.05161262543692757,0.09091349465624265,0.032823641274974946,0.09303040035356958,0.0414095021841856,0.060355562408837216,0.00993569998016497
331,manufacture of structural clay products,1964,0,1,290843876,121235930,222672150,116929118,902,458,72496,64737,130108275,339601268,NA,NA,19.48829717257247,18.613249039811446,18.68387754637932,11.191286666906919,6.804614520062624,11.078088187203576,19.221211068278105,18.577078480113624,0.34431296057469374,0.03708165193688373,-0.022236157628601205,0.09897542520262093,0.025881588601803784,0.042313852347405145,0.040853031196988354,0.18243375313933896,0.1936620562999707
331,manufacture of structural clay products,1965,0,1,299811812,124918726,244076775,108087631,925,480,68541,61181,133548977,352164406,NA,NA,19.51866554245636,18.64317389180009,18.70997883743849,11.135187385342592,6.829793737512425,11.021591962782166,19.312993385404376,18.49845285423112,0.3069237809342946,0.030368369883891688,0.029924851988642587,0.025179217449800895,-0.056496224421410446,0.02610129105917025,-0.056099281564327086,0.09178231712627039,-0.07862562588250199
332,manufacture of glass and glass products,1951,0,0,NA,NA,NA,NA,NA,NA,NA,NA,NA,NA,NA,NA,NA,NA,NA,NA,NA,NA,NA,NA,NA,NA,NA,NA,NA,NA,NA,NA,NA
332,manufacture of glass and glass products,1952,0,0,NA,NA,NA,NA,NA,NA,NA,NA,NA,NA,NA,NA,NA,NA,NA,NA,NA,NA,NA,NA,NA,NA,NA,NA,NA,NA,NA,NA,NA
332,manufacture of glass and glass products,1953,0,0,NA,NA,NA,NA,NA,NA,NA,NA,NA,NA,NA,NA,NA,NA,NA,NA,NA,NA,NA,NA,NA,NA,NA,NA,NA,NA,NA,NA,NA
332,manufacture of glass and glass products,1954,0,0,NA,NA,NA,NA,NA,NA,NA,NA,NA,NA,NA,NA,NA,NA,NA,NA,NA,NA,NA,NA,NA,NA,NA,NA,NA,NA,NA,NA,NA
332,manufacture of glass and glass products,1955,0,0,NA,NA,NA,NA,NA,NA,NA,NA,NA,NA,NA,NA,NA,NA,NA,NA,NA,NA,NA,NA,NA,NA,NA,NA,NA,NA,NA,NA,NA
332,manufacture of glass and glass products,1956,0,0,NA,NA,NA,NA,NA,NA,NA,NA,NA,NA,NA,NA,NA,NA,NA,NA,NA,NA,NA,NA,NA,NA,NA,NA,NA,NA,NA,NA,NA
332,manufacture of glass and glass products,1957,0,1,NA,NA,NA,NA,NA,NA,NA,NA,NA,NA,NA,NA,NA,NA,NA,NA,NA,NA,NA,NA,NA,NA,NA,NA,NA,NA,NA,NA,NA
332,manufacture of glass and glass products,1958,0,1,NA,NA,NA,NA,NA,NA,NA,NA,NA,NA,NA,NA,NA,NA,NA,NA,NA,NA,NA,NA,NA,NA,NA,NA,NA,NA,NA,NA,NA
332,manufacture of glass and glass products,1959,0,1,160244000,60950000,NA,NA,224,172,35771,NA,NA,84780000,NA,NA,18.892208211566444,17.925564413891554,NA,10.484892788250326,5.4116460518550396,NA,NA,NA,NA,NA,NA,NA,NA,NA,NA,NA,NA
332,manufacture of glass and glass products,1960,0,1,164103831,61185438,60368869,34638475,238,182,37326,34739,90062920,95007344,NA,NA,18.91600990130884,17.92941977799359,18.316019095141318,10.527445413743076,5.472270673671475,10.455618254118846,17.915984116126353,17.36047561643999,0.36458734179538793,0.023801689742395382,0.0038553641020371288,0.060624621816435464,NA,NA,0.04255262549274974,NA,NA
332,manufacture of glass and glass products,1961,0,1,191178689,67289755,84017059,45202194,250,176,39402,36846,105140262,129410253,NA,NA,19.068719093164514,18.02451855420082,18.470805845268014,10.581571855419028,5.521460917862246,10.514502343557455,18.246530419522294,17.626656183447448,0.3498100550078246,0.15270919185567422,0.09509877620723017,0.049190244190771004,0.058884089438608456,0.1547867501266964,0.05412644167595282,0.33054630339594127,0.2661805670074564
332,manufacture of glass and glass products,1962,0,1,223730013,73512268,103597558,56779797,275,190,42920,39880,127648683,160377355,NA,NA,19.225950583755008,18.112962861819504,18.66479238432475,10.667093196744634,5.616771097666572,10.593630224075774,18.456024316083276,17.854691133800173,0.3540387419408432,0.1572314905904939,0.08844430761868338,0.09531017980432566,0.07912788051831932,0.19398653905673413,0.08552134132560596,0.20949389656098205,0.22803495035272547
332,manufacture of glass and glass products,1963,0,1,249320965,77461613,125732791,55005096,249,214,43476,40495,145224275,183903887,NA,NA,19.33425164042527,18.165293055484987,18.79378982957701,10.679964340683078,5.517452896464707,10.60893378868309,18.649669506684553,17.822936393450032,0.3043362789784081,0.10830105667026046,0.05233019366548319,-0.0993182012018643,0.015303564607316744,0.12899744525225998,0.012871143938443907,0.19364519060127705,-0.031754740350141475
332,manufacture of glass and glass products,1964,0,1,289825215,83837032,157522253,61553845,268,235,45971,41818,172042697,219073098,NA,NA,19.484788592347428,18.244385377147026,18.963253242343775,10.735766041881055,5.5909869805108565,10.64108214783137,18.875077295138517,17.935422878180557,0.2809701540329607,0.15053695192215955,0.0790923216620385,0.07353408404614914,0.032148359148278516,0.1694634127667669,0.05580170119797678,0.22540778845396403,0.1124864847305247
332,manufacture of glass and glass products,1965,0,1,324799105,94619134,166227523,63277896,275,226,45279,40830,180333538,229505419,NA,NA,19.59871741070613,18.365370275726324,19.01031868307731,10.720598627827538,5.616771097666572,10.617172384313621,18.928868028359894,17.96304663181908,0.2757141695203284,0.11392881835870128,0.12098489857929806,0.02578411715571516,-0.023909763517748317,0.04706544073353314,-0.015167414053516737,0.053790733221376286,0.02762375363852243
333,"manufacture of pottery, china and earthen-ware",1951,0,0,NA,NA,NA,NA,NA,NA,NA,NA,NA,NA,NA,NA,NA,NA,NA,NA,NA,NA,NA,NA,NA,NA,NA,NA,NA,NA,NA,NA,NA
333,"manufacture of pottery, china and earthen-ware",1952,0,0,NA,NA,NA,NA,NA,NA,NA,NA,NA,NA,NA,NA,NA,NA,NA,NA,NA,NA,NA,NA,NA,NA,NA,NA,NA,NA,NA,NA,NA
333,"manufacture of pottery, china and earthen-ware",1953,0,0,NA,NA,NA,NA,NA,NA,NA,NA,NA,NA,NA,NA,NA,NA,NA,NA,NA,NA,NA,NA,NA,NA,NA,NA,NA,NA,NA,NA,NA
333,"manufacture of pottery, china and earthen-ware",1954,0,0,NA,NA,NA,NA,NA,NA,NA,NA,NA,NA,NA,NA,NA,NA,NA,NA,NA,NA,NA,NA,NA,NA,NA,NA,NA,NA,NA,NA,NA
333,"manufacture of pottery, china and earthen-ware",1955,0,0,NA,NA,NA,NA,NA,NA,NA,NA,NA,NA,NA,NA,NA,NA,NA,NA,NA,NA,NA,NA,NA,NA,NA,NA,NA,NA,NA,NA,NA
333,"manufacture of pottery, china and earthen-ware",1956,0,0,NA,NA,NA,NA,NA,NA,NA,NA,NA,NA,NA,NA,NA,NA,NA,NA,NA,NA,NA,NA,NA,NA,NA,NA,NA,NA,NA,NA,NA
333,"manufacture of pottery, china and earthen-ware",1957,0,1,NA,NA,NA,NA,NA,NA,NA,NA,NA,NA,NA,NA,NA,NA,NA,NA,NA,NA,NA,NA,NA,NA,NA,NA,NA,NA,NA,NA,NA
333,"manufacture of pottery, china and earthen-ware",1958,0,1,NA,NA,NA,NA,NA,NA,NA,NA,NA,NA,NA,NA,NA,NA,NA,NA,NA,NA,NA,NA,NA,NA,NA,NA,NA,NA,NA,NA,NA
333,"manufacture of pottery, china and earthen-ware",1959,0,1,49889000,22825000,NA,NA,92,87,16702,NA,NA,55481000,NA,NA,17.725311095539322,16.943366984445305,NA,9.723283751713176,4.5217885770490405,NA,NA,NA,NA,NA,NA,NA,NA,NA,NA,NA,NA
333,"manufacture of pottery, china and earthen-ware",1960,0,1,60023410,26470260,52805469,23430717,100,89,18604,16149,25406446,76236186,NA,NA,17.91024521075782,17.091532396595543,17.050513479319747,9.831131890343988,4.605170185988092,9.689613407229068,17.782125322857954,16.969558411808325,0.3073437724179958,0.18493411521849978,0.14816541215023804,0.08338160893905133,NA,NA,0.10784813863081233,NA,NA
333,"manufacture of pottery, china and earthen-ware",1961,0,1,65975976,25877028,60615379,34446699,117,97,20254,17932,31892842,95099078,NA,NA,18.00480123372662,17.0688661832901,17.277892153861426,9.91610758389223,4.762173934797756,9.79434210527533,17.920059197721017,17.354923730803883,0.36236004645301356,0.09455602296879917,-0.02266621330544183,0.1570037488096645,0.10472869804626228,0.22737867454167926,0.08497569354824286,0.1379338748630623,0.38536531899555726
333,"manufacture of pottery, china and earthen-ware",1962,0,1,79775245,35758817,61035547,34359814,125,104,19243,16874,35697136,95395361,NA,NA,18.19472380126144,17.392307426066896,17.390581019442106,9.86490263722056,4.8283137373023015,9.733529254725571,17.92696699011682,17.352398241794432,0.3601832797718539,0.1899225675348184,0.323441242776795,0.06613980250454521,-0.060812850549758934,0.11268886558067948,-0.05120494667167108,0.00690779239580408,-0.0025254890094501548
333,"manufacture of pottery, china and earthen-ware",1963,0,1,90252174,35630156,75434742,34758800,145,128,20860,18155,43172561,112515542,NA,NA,18.318118243529796,17.3887029159053,17.58071568937644,9.945588728554764,4.976733742420574,9.806701283848437,18.138778496087408,17.363943335325967,0.31543409322480986,0.12339444226835639,-0.003604510161597574,0.1484200051182727,0.07317202912286547,0.19013466993433426,0.08068609133420424,0.21181150597058718,0.011545093531534434
333,"manufacture of pottery, china and earthen-ware",1964,0,1,108987652,46628474,99162887,34222764,155,131,22289,19598,49516136,133385651,NA,NA,18.506745149372584,17.657721942535947,17.71780915421703,10.011848562206193,5.043425116919247,9.883182799195763,18.412274379269768,17.34840159464515,0.2565700563998447,0.18862690584278852,0.26901902663064803,0.06669137449867257,0.07648151534732683,0.13709346484058926,0.06625983365142929,0.27349588318235973,-0.015541740680816929
333,"manufacture of pottery, china and earthen-ware",1965,0,1,141088459,58239149,112346185,49659858,160,126,24312,21146,65199589,162006043,NA,NA,18.764897620423238,17.8800683497954,17.99296372319603,10.09872533459663,5.075173815233827,9.959206041292472,18.53709559963279,17.720707478595987,0.3065308989739352,0.25815247105065353,0.22234640725945454,0.031748698314579826,0.07602324209670819,0.27515456897900137,0.08687677239043623,0.12482122036302101,0.37230588395083686
334,manufacture of cement (hydraulic),1951,1,0,NA,NA,NA,NA,NA,NA,NA,NA,NA,NA,NA,NA,NA,NA,NA,NA,NA,NA,NA,NA,NA,NA,NA,NA,NA,NA,NA,NA,NA
334,manufacture of cement (hydraulic),1952,1,0,NA,NA,NA,NA,NA,NA,NA,NA,NA,NA,NA,NA,NA,NA,NA,NA,NA,NA,NA,NA,NA,NA,NA,NA,NA,NA,NA,NA,NA
334,manufacture of cement (hydraulic),1953,1,0,NA,NA,NA,NA,NA,NA,NA,NA,NA,NA,NA,NA,NA,NA,NA,NA,NA,NA,NA,NA,NA,NA,NA,NA,NA,NA,NA,NA,NA
334,manufacture of cement (hydraulic),1954,1,0,NA,NA,NA,NA,NA,NA,NA,NA,NA,NA,NA,NA,NA,NA,NA,NA,NA,NA,NA,NA,NA,NA,NA,NA,NA,NA,NA,NA,NA
334,manufacture of cement (hydraulic),1955,1,0,NA,NA,NA,NA,NA,NA,NA,NA,NA,NA,NA,NA,NA,NA,NA,NA,NA,NA,NA,NA,NA,NA,NA,NA,NA,NA,NA,NA,NA
334,manufacture of cement (hydraulic),1956,1,0,NA,NA,NA,NA,NA,NA,NA,NA,NA,NA,NA,NA,NA,NA,NA,NA,NA,NA,NA,NA,NA,NA,NA,NA,NA,NA,NA,NA,NA
334,manufacture of cement (hydraulic),1957,1,1,NA,NA,NA,NA,NA,NA,NA,NA,NA,NA,NA,NA,NA,NA,NA,NA,NA,NA,NA,NA,NA,NA,NA,NA,NA,NA,NA,NA,NA
334,manufacture of cement (hydraulic),1958,1,1,NA,NA,NA,NA,NA,NA,NA,NA,NA,NA,NA,NA,NA,NA,NA,NA,NA,NA,NA,NA,NA,NA,NA,NA,NA,NA,NA,NA,NA
334,manufacture of cement (hydraulic),1959,1,1,444081000,108999000,NA,NA,33,33,25740,NA,NA,539515000,NA,NA,19.911517536190157,18.506849265839406,NA,10.155801481150117,3.4965075614664802,NA,NA,NA,NA,NA,NA,NA,NA,NA,NA,NA,NA
334,manufacture of cement (hydraulic),1960,1,1,535339561,133059506,522607518,37709721,35,35,28138,22393,344982709,560317239,NA,NA,20.098411796985516,18.70630699966027,19.659004854899063,10.244876254937159,3.5553480614894135,10.016503689004832,20.074341296710802,17.44542847063915,0.06730066179527273,0.1868942607953592,0.1994577338208643,0.058840500022933284,NA,NA,0.08907477378704165,NA,NA
334,manufacture of cement (hydraulic),1961,1,1,638698547,149934732,524524178,102724114,38,38,28467,23292,423333866,627334292,NA,NA,20.27494314359577,18.825710637368353,19.863671707015726,10.256500800641868,3.6375861597263857,10.05586523295701,20.078002081973644,18.44755744772697,0.16376945989356317,0.17653134661025405,0.11940363770808204,0.08223809823697215,0.039361543952178835,0.20466685211666302,0.011624545704709277,0.003660785262841415,1.0021289770878212
334,manufacture of cement (hydraulic),1962,1,1,724395940,186474218,509197477,148640749,38,38,28800,23356,466640636,657838226,NA,NA,20.400848679319505,19.043803546205073,19.961070003343753,10.268130666124037,3.6375861597263857,10.058609189403429,20.048346469804144,18.817042872037558,0.22595334707715814,0.12590553572373508,0.21809290883672006,0,0.0027439564464177835,0.0973982963280271,0.01162986548216871,-0.02965561216949908,0.36948542431058584
334,manufacture of cement (hydraulic),1963,1,1,786001574,198589540,543185263,179341066,39,39,29870,24517,504896546,722892329,NA,NA,20.482469352936004,19.10675063950754,20.03986410684714,10.304609911210155,3.6635616461296463,10.107122033462112,20.11296100387019,19.00479994748746,0.24821388342790757,0.0816206736164986,0.06294709330246562,0.02597548640326064,0.04851284405868306,0.07879410350338745,0.03647924508611844,0.06461453406604534,0.18775707544990183
334,manufacture of cement (hydraulic),1964,1,1,854546995,189101729,605005351,164471418,37,37,31623,25493,566022446,769476769,NA,NA,20.56608205608195,19.057795676897303,20.154144292624945,10.361639982923299,3.6109179126442243,10.146159183657883,20.2207478605841,18.91824736231341,0.21374448797686835,0.08361270314594549,-0.04895496261023524,-0.05264373348542195,0.03903715019577092,0.11428018577780463,0.057030071713143116,0.1077868567139113,-0.08655258517405073
334,manufacture of cement (hydraulic),1965,1,1,1043647841,266515541,659912985,225650916,41,41,32875,25967,670968676,885563901,NA,NA,20.765987952452857,19.400943115066905,20.324233011282953,10.400467769480066,3.713572066704308,10.164581780078812,20.307618543383878,19.234499743613046,0.2548104272827625,0.1999058963709075,0.343147438169602,0.1026541540600836,0.018422596420929693,0.17008871865800756,0.03882778655676766,0.08687068279977694,0.3162523812996376
339,manufacture of non-metallic mineral products not elsewhere classified,1951,0,0,NA,NA,NA,NA,NA,NA,NA,NA,NA,NA,NA,NA,NA,NA,NA,NA,NA,NA,NA,NA,NA,NA,NA,NA,NA,NA,NA,NA,NA
339,manufacture of non-metallic mineral products not elsewhere classified,1952,0,0,NA,NA,NA,NA,NA,NA,NA,NA,NA,NA,NA,NA,NA,NA,NA,NA,NA,NA,NA,NA,NA,NA,NA,NA,NA,NA,NA,NA,NA
339,manufacture of non-metallic mineral products not elsewhere classified,1953,0,0,NA,NA,NA,NA,NA,NA,NA,NA,NA,NA,NA,NA,NA,NA,NA,NA,NA,NA,NA,NA,NA,NA,NA,NA,NA,NA,NA,NA,NA
339,manufacture of non-metallic mineral products not elsewhere classified,1954,0,0,NA,NA,NA,NA,NA,NA,NA,NA,NA,NA,NA,NA,NA,NA,NA,NA,NA,NA,NA,NA,NA,NA,NA,NA,NA,NA,NA,NA,NA
339,manufacture of non-metallic mineral products not elsewhere classified,1955,0,0,NA,NA,NA,NA,NA,NA,NA,NA,NA,NA,NA,NA,NA,NA,NA,NA,NA,NA,NA,NA,NA,NA,NA,NA,NA,NA,NA,NA,NA
339,manufacture of non-metallic mineral products not elsewhere classified,1956,0,0,NA,NA,NA,NA,NA,NA,NA,NA,NA,NA,NA,NA,NA,NA,NA,NA,NA,NA,NA,NA,NA,NA,NA,NA,NA,NA,NA,NA,NA
339,manufacture of non-metallic mineral products not elsewhere classified,1957,0,1,NA,NA,NA,NA,NA,NA,NA,NA,NA,NA,NA,NA,NA,NA,NA,NA,NA,NA,NA,NA,NA,NA,NA,NA,NA,NA,NA,NA,NA
339,manufacture of non-metallic mineral products not elsewhere classified,1958,0,1,NA,NA,NA,NA,NA,NA,NA,NA,NA,NA,NA,NA,NA,NA,NA,NA,NA,NA,NA,NA,NA,NA,NA,NA,NA,NA,NA,NA,NA
339,manufacture of non-metallic mineral products not elsewhere classified,1959,0,1,295689000,103722000,NA,NA,709,297,39549,NA,NA,152991000,NA,NA,19.504818784266046,18.45722480113298,NA,10.58529568842608,6.5638555265321274,NA,NA,NA,NA,NA,NA,NA,NA,NA,NA,NA,NA
339,manufacture of non-metallic mineral products not elsewhere classified,1960,0,1,338783466,122686020,66835453,121209297,758,307,43702,39545,198159147,188044750,NA,NA,19.640871717898442,18.625138966759575,19.104581038533773,10.685149146626813,6.630683385642372,10.585194542953518,18.017744231250578,18.61302933657838,0.6445768733240359,0.13605293363239568,0.16791416562659478,0.06682785911024425,NA,NA,0.09985345820073377,NA,NA
339,manufacture of non-metallic mineral products not elsewhere classified,1961,0,1,355928565,121264626,82927910,120243940,881,359,41198,36905,211558873,203164850,NA,NA,19.69024060856901,18.613485707311163,19.170013877053897,10.626144990470014,6.78105762593618,10.516102322204153,18.23348223413224,18.60503307066988,0.5918336619959901,0.04936889067056782,-0.011653259448412001,0.1503742402938082,-0.06909222074936494,0.06543283852012394,-0.059004156156799326,0.21573800288166112,-0.007996265908499112
339,manufacture of non-metallic mineral products not elsewhere classified,1962,0,1,445907399,155233169,97610521,157214306,949,352,44842,39775,260018762,254824827,NA,NA,19.91562186286663,18.860438860662505,19.376264347914745,10.710900479224417,6.855408798609928,10.590993853205987,18.396495842704777,18.873120438907726,0.6169505061608459,0.2253812542976199,0.24695315335134183,0.07435117267374824,0.07489153100183366,0.2062504708608479,0.08475548875440353,0.16301360857253755,0.26808736823784685
339,manufacture of non-metallic mineral products not elsewhere classified,1963,0,1,525397287,165511492,123563706,122773603,1054,345,51851,46384,318632912,289629309,NA,NA,20.07966527151757,18.924551188437146,19.579550252050957,10.856129499874779,6.960347729101308,10.744709851161437,18.632267419090272,18.625852591286872,0.49839629854850775,0.16404340865094014,0.06411232777464093,0.1049389304913797,0.15371599795544988,0.20328590413621228,0.14522902065036192,0.2357715763854955,-0.2472678476208543
339,manufacture of non-metallic mineral products not elsewhere classified,1964,0,1,589436444,189827543,165626641,181148873,1037,381,53435,45452,355062457,346775514,NA,NA,20.19467745872823,19.061626549523293,19.687804267176173,10.886221240958998,6.9440872082295275,10.7244121030379,18.925246662580207,19.0148297539225,0.522380807429212,0.11501218721065953,0.13707536108614704,-0.016260520871780315,-0.020297748123537573,0.10825401512521537,0.030091741084218526,0.29297924348993476,0.38897716263562643
339,manufacture of non-metallic mineral products not elsewhere classified,1965,0,1,646325204,201092189,185419853,177377155,1123,432,55036,45994,393813099,362797008,NA,NA,20.28681334684239,19.119274012616085,19.7913869866938,10.915742795547708,7.023758954738443,10.736266232181267,19.03813328734806,18.993788842771664,0.48891570517031385,0.09213588811416074,0.057647463092791895,0.0796717465089154,0.011854129143367587,0.10358271951762887,0.029521554588709975,0.11288662476785305,-0.021040911150834063
34,asbestos and asbestos cement products,1951,0,0,18110000,4622000,3677000,8416000,5,5,3200,3100,13488000,NA,3968000,4161000,16.711974829859596,15.346338069816463,16.417310959223773,8.070906088787819,1.6094379124341003,8.039157390473237,15.11760776028341,15.945645213959628,0.6959397998842305,NA,NA,NA,NA,NA,NA,NA,NA
34,asbestos and asbestos cement products,1952,0,0,20906000,3859000,3216000,23174000,5,5,3125,3005,17047000,NA,3431000,4215000,16.85554675707479,15.165918640519756,16.65148479313306,8.047189562170502,1.6094379124341003,8.008032846969307,14.983648909280994,16.958541518539146,0.8781356574460023,0.14357192721519496,-0.18041942929670718,0,-0.031124543503930013,0.23417383390928848,-0.023716526617317157,-0.133958851002415,1.0128963045795185
34,asbestos and asbestos cement products,1953,0,0,25144000,10069000,3056000,9584000,6,6,3200,2900,15075000,NA,3176000,4301000,17.04012985745954,16.124971954897752,16.528548300577523,8.070906088787819,1.791759469228055,7.9724660159745655,14.932617429268548,16.07560559933737,0.7582278481012659,0.18458310038474934,0.9590533143779965,0.18232155679395468,-0.03556683099474167,-0.12293649255553873,0.023716526617317157,-0.05103148001244584,-0.8829359192017776
34,asbestos and asbestos cement products,1954,0,0,NA,NA,NA,NA,NA,NA,NA,NA,NA,NA,NA,NA,NA,NA,NA,NA,NA,NA,NA,NA,NA,NA,NA,NA,NA,NA,NA,NA,NA
34,asbestos and asbestos cement products,1955,0,0,NA,NA,NA,NA,NA,NA,NA,NA,NA,NA,NA,NA,NA,NA,NA,NA,NA,NA,NA,NA,NA,NA,NA,NA,NA,NA,NA,NA,NA
34,asbestos and asbestos cement products,1956,0,0,NA,NA,NA,NA,NA,NA,NA,NA,NA,NA,NA,NA,NA,NA,NA,NA,NA,NA,NA,NA,NA,NA,NA,NA,NA,NA,NA,NA,NA
34,asbestos and asbestos cement products,1957,0,1,58500000,25400000,9300000,19500000,17,8,4400,3600,31200000,28800000,NA,NA,17.884537312202085,17.050259731988763,17.255928652779712,8.389359819906353,2.833213344056216,8.1886891244442,16.045524958123483,16.785925023533974,0.6770833333333334,NA,NA,NA,NA,NA,NA,NA,NA
34,asbestos and asbestos cement products,1958,0,1,73956000,30606000,9278000,24187000,17,10,5400,4800,41652000,33465000,NA,NA,18.11898087973238,17.23670662613312,17.544859944631924,8.594154232552366,2.833213344056216,8.476371196895983,16.043156564293827,17.001325856705986,0.7227551172867175,0.23444356753029538,0.1864468941443569,0,0.2876820724517817,0.28893129185221156,0.20479441264601306,-0.0023683938296557017,0.21540083317201209
34,asbestos and asbestos cement products,1959,0,1,NA,NA,NA,NA,NA,NA,NA,NA,NA,NA,NA,NA,NA,NA,NA,NA,NA,NA,NA,NA,NA,NA,NA,NA,NA,NA,NA,NA,NA
34,asbestos and asbestos cement products,1960,0,1,NA,NA,NA,NA,NA,NA,NA,NA,NA,NA,NA,NA,NA,NA,NA,NA,NA,NA,NA,NA,NA,NA,NA,NA,NA,NA,NA,NA,NA
34,asbestos and asbestos cement products,1961,0,1,NA,NA,NA,NA,NA,NA,NA,NA,NA,NA,NA,NA,NA,NA,NA,NA,NA,NA,NA,NA,NA,NA,NA,NA,NA,NA,NA,NA,NA
34,asbestos and asbestos cement products,1962,0,1,NA,NA,NA,NA,NA,NA,NA,NA,NA,NA,NA,NA,NA,NA,NA,NA,NA,NA,NA,NA,NA,NA,NA,NA,NA,NA,NA,NA,NA
34,asbestos and asbestos cement products,1963,0,1,NA,NA,NA,NA,NA,NA,NA,NA,NA,NA,NA,NA,NA,NA,NA,NA,NA,NA,NA,NA,NA,NA,NA,NA,NA,NA,NA,NA,NA
34,asbestos and asbestos cement products,1964,0,1,NA,NA,NA,NA,NA,NA,NA,NA,NA,NA,NA,NA,NA,NA,NA,NA,NA,NA,NA,NA,NA,NA,NA,NA,NA,NA,NA,NA,NA
34,asbestos and asbestos cement products,1965,0,1,NA,NA,NA,NA,NA,NA,NA,NA,NA,NA,NA,NA,NA,NA,NA,NA,NA,NA,NA,NA,NA,NA,NA,NA,NA,NA,NA,NA,NA
341,iron and steel basic industries,1951,1,0,NA,NA,NA,NA,NA,NA,NA,NA,NA,NA,NA,NA,NA,NA,NA,NA,NA,NA,NA,NA,NA,NA,NA,NA,NA,NA,NA,NA,NA
341,iron and steel basic industries,1952,1,0,NA,NA,NA,NA,NA,NA,NA,NA,NA,NA,NA,NA,NA,NA,NA,NA,NA,NA,NA,NA,NA,NA,NA,NA,NA,NA,NA,NA,NA
341,iron and steel basic industries,1953,1,0,NA,NA,NA,NA,NA,NA,NA,NA,NA,NA,NA,NA,NA,NA,NA,NA,NA,NA,NA,NA,NA,NA,NA,NA,NA,NA,NA,NA,NA
341,iron and steel basic industries,1954,1,0,NA,NA,NA,NA,NA,NA,NA,NA,NA,NA,NA,NA,NA,NA,NA,NA,NA,NA,NA,NA,NA,NA,NA,NA,NA,NA,NA,NA,NA
341,iron and steel basic industries,1955,1,0,NA,NA,NA,NA,NA,NA,NA,NA,NA,NA,NA,NA,NA,NA,NA,NA,NA,NA,NA,NA,NA,NA,NA,NA,NA,NA,NA,NA,NA
341,iron and steel basic industries,1956,1,0,NA,NA,NA,NA,NA,NA,NA,NA,NA,NA,NA,NA,NA,NA,NA,NA,NA,NA,NA,NA,NA,NA,NA,NA,NA,NA,NA,NA,NA
341,iron and steel basic industries,1957,1,1,NA,NA,NA,NA,NA,NA,NA,NA,NA,NA,NA,NA,NA,NA,NA,NA,NA,NA,NA,NA,NA,NA,NA,NA,NA,NA,NA,NA,NA
341,iron and steel basic industries,1958,1,1,NA,NA,NA,NA,NA,NA,NA,NA,NA,NA,NA,NA,NA,NA,NA,NA,NA,NA,NA,NA,NA,NA,NA,NA,NA,NA,NA,NA,NA
341,iron and steel basic industries,1959,1,1,2316058000,585356000,NA,NA,759,390,167291,NA,NA,2640335000,NA,NA,21.56313243952148,20.187730767115035,NA,12.027490089951073,6.63200177739563,NA,NA,NA,NA,NA,NA,NA,NA,NA,NA,NA,NA
341,iron and steel basic industries,1960,1,1,2665562550,687331350,2135183360,595283969,835,420,181918,154427,1659173604,2730467329,NA,NA,21.703680960468358,20.348327048320893,21.229585486441245,12.111311315080483,6.727431724850855,11.947476771751075,21.481818362843256,20.204549108481665,0.21801541541169636,0.1405485209468793,0.16059628120585856,0.0954299474552247,NA,NA,0.08382122512941059,NA,NA
341,iron and steel basic industries,1961,1,1,2976953322,770365621,2203564020,753155758,971,467,196204,167138,1861416487,2955598778,NA,NA,21.814166239313963,20.462375792582275,21.34460358698836,12.186910213265417,6.878326468291325,12.02657509746732,21.513341895602345,20.43978261430727,0.2547267967712022,0.110485278845605,0.11404874426138178,0.15089474344047016,0.0790983257162452,0.1150181005471147,0.07559889818493382,0.03152353275908837,0.23523350582560454
341,iron and steel basic industries,1962,1,1,4282105439,903268105,7288665249,1254370604,1098,551,273854,227083,2610962294,8543035853,NA,NA,22.17771065058468,20.621529972075667,21.682984685348863,12.520350396641618,7.001245622069476,12.333070868400496,22.709586272787693,20.949899772974604,0.14682960783308796,0.36354441127071624,0.15915417949339172,0.12291915377815066,0.30649577093317504,0.3383810983605038,0.33344018337620085,1.196244377185348,0.5101171586673345
341,iron and steel basic industries,1963,1,1,5387176892,1307087162,8030514770,1454494289,1261,620,287915,232524,3287913541,9551336367,NA,NA,22.407287316935093,20.991066957964758,21.913519018478315,12.570420576667141,7.13966033596492,12.356748724488583,22.80651446870344,21.09792410945662,0.15334664204878964,0.22957666635041463,0.36953698588909134,0.13841471389544413,0.023677856088086813,0.2305343331294516,0.050070180025523214,0.09692819591574775,0.14802433648201685
341,iron and steel basic industries,1964,1,1,6166807187,1663800137,8247152803,2003040041,1445,753,314894,254946,3700526537,10250192874,NA,NA,22.54244706718404,21.232370062155685,22.031740953769166,12.65999135323976,7.275864600546533,12.44880703700937,22.83313386293931,21.41793188394451,0.19541486404058137,0.13515975024894544,0.24130310419092638,0.13620426458161283,0.09205831252078767,0.11822193529085112,0.08957077657261969,0.02661939423586901,0.3200077744878911
341,iron and steel basic industries,1965,1,1,6479553579,1677378091,8766522322,2608613199,1601,869,319018,246827,3834013915,11375135521,NA,NA,22.59191745280779,21.240497751143963,22.067178110932083,12.673002806507364,7.3783837129967145,12.41644296535374,22.894206022155366,21.68208457568985,0.22932590070546027,0.04947038562375283,0.008127688988277981,0.10251911245018164,-0.032364071655630156,0.03543715716291729,0.013011453267603557,0.061072159216056576,0.2641526917453376
342,non-ferrous basic metal industries,1951,1,0,NA,NA,NA,NA,NA,NA,NA,NA,NA,NA,NA,NA,NA,NA,NA,NA,NA,NA,NA,NA,NA,NA,NA,NA,NA,NA,NA,NA,NA
342,non-ferrous basic metal industries,1952,1,0,NA,NA,NA,NA,NA,NA,NA,NA,NA,NA,NA,NA,NA,NA,NA,NA,NA,NA,NA,NA,NA,NA,NA,NA,NA,NA,NA,NA,NA
342,non-ferrous basic metal industries,1953,1,0,NA,NA,NA,NA,NA,NA,NA,NA,NA,NA,NA,NA,NA,NA,NA,NA,NA,NA,NA,NA,NA,NA,NA,NA,NA,NA,NA,NA,NA
342,non-ferrous basic metal industries,1954,1,0,NA,NA,NA,NA,NA,NA,NA,NA,NA,NA,NA,NA,NA,NA,NA,NA,NA,NA,NA,NA,NA,NA,NA,NA,NA,NA,NA,NA,NA
342,non-ferrous basic metal industries,1955,1,0,NA,NA,NA,NA,NA,NA,NA,NA,NA,NA,NA,NA,NA,NA,NA,NA,NA,NA,NA,NA,NA,NA,NA,NA,NA,NA,NA,NA,NA
342,non-ferrous basic metal industries,1956,1,0,NA,NA,NA,NA,NA,NA,NA,NA,NA,NA,NA,NA,NA,NA,NA,NA,NA,NA,NA,NA,NA,NA,NA,NA,NA,NA,NA,NA,NA
342,non-ferrous basic metal industries,1957,1,1,NA,NA,NA,NA,NA,NA,NA,NA,NA,NA,NA,NA,NA,NA,NA,NA,NA,NA,NA,NA,NA,NA,NA,NA,NA,NA,NA,NA,NA
342,non-ferrous basic metal industries,1958,1,1,NA,NA,NA,NA,NA,NA,NA,NA,NA,NA,NA,NA,NA,NA,NA,NA,NA,NA,NA,NA,NA,NA,NA,NA,NA,NA,NA,NA,NA
342,non-ferrous basic metal industries,1959,1,1,473920000,109162000,NA,NA,280,139,21845,NA,NA,212553000,NA,NA,19.976549089043708,18.50834357536614,NA,9.991727341385536,5.634789603169249,NA,NA,NA,NA,NA,NA,NA,NA,NA,NA,NA,NA
342,non-ferrous basic metal industries,1960,1,1,599034054,125424070,173644558,128541158,291,121,22401,18431,446297288,302185716,NA,NA,20.210829005882776,18.647211113517386,19.916495852950966,10.016860879703811,5.673323267171493,9.821789308551622,18.972520997763198,18.67175970673567,0.42537138982439526,0.23427991683906768,0.13886753815124564,0.03853366400224356,NA,NA,0.025133538318275583,NA,NA
342,non-ferrous basic metal industries,1961,1,1,641767479,161038888,244194411,351429869,313,124,22514,18335,452519652,591772280,NA,NA,20.279736613807415,18.897156434155228,19.93034174999546,10.02189261691475,5.746203190540153,9.816567080505427,19.313475232401082,19.677520730104977,0.5900193810097869,0.06890760792463979,0.24994532063784192,0.07287992336866012,-0.005222228046195099,0.013845897044493682,0.005031737210938303,0.3409542346378842,1.0057610233693062
342,non-ferrous basic metal industries,1962,1,1,775747885,189209924,385141174,445610061,378,128,28534,23149,530328946,830751235,NA,NA,20.469338134895235,19.05836766563776,20.089008024815318,10.25885163767476,5.934894195619588,10.049706862037105,19.769120510753567,19.91495482486824,0.5363940999738628,0.1896015210878197,0.16121123148253247,0.18869100507943504,0.23313978153167803,0.15866627481985773,0.2369590207600094,0.4556452783524847,0.2374340947632625
342,non-ferrous basic metal industries,1963,1,1,971364164,263005481,413656923,411682430,349,164,30468,24909,625029360,859173353,NA,NA,20.694211996110393,19.387685430229066,20.253309182597338,10.324432231492679,5.855071922202427,10.122984462930141,19.840547499831743,19.835762809123118,0.49880382960486314,0.2248738612151584,0.32931776459130546,-0.07982227341716097,0.07327760089303581,0.16430115778202037,0.06558059381791992,0.07142698907817646,-0.07919201574512158
342,non-ferrous basic metal industries,1964,1,1,1197873802,350169568,536876482,562554079,391,187,34062,26815,766537058,1099430561,NA,NA,20.90381399052335,19.67392807512519,20.457393602139426,10.435937672398781,5.968707559985366,10.196716711417025,20.101278611118076,20.147997827866096,0.5116776802059444,0.20960199441295657,0.2862426448961237,0.11363563778293884,0.07373224848688409,0.2040844195420881,0.11150544090610204,0.26073111128633286,0.3122350187429781
342,non-ferrous basic metal industries,1965,1,1,1296030413,385406909,737950778,585401264,428,192,36891,28364,814613638,1323352042,NA,NA,20.98257190142214,19.769810240613126,20.518224494997686,10.515722897840558,6.059123195581797,10.252876014423887,20.419387683863473,20.187808091427108,0.44236245943692737,0.07875791089879058,0.09588216548793582,0.09041563559643073,0.05615930300686145,0.06083089285825949,0.07978522544177657,0.318109072745397,0.03981026356101225
35,"bricks, tiles, lime and surkhi manufacturing",1951,0,0,77585000,44241000,24391000,31233000,745,35,36800,33100,32379000,NA,22499000,26651000,18.166884667499723,17.60516251890119,17.29302062247559,10.513253124157023,6.61338421837956,10.407288561365155,17.009724769761615,17.256985786125,0.5615022292535596,NA,NA,NA,NA,NA,NA,NA,NA
35,"bricks, tiles, lime and surkhi manufacturing",1952,0,0,48148000,26262000,29087000,13530000,305,17,19024,16360,21886000,NA,10231000,13526000,17.689790158481763,17.08363358540109,16.901357720960526,9.853456618930563,5.720311776607412,9.702594610156739,17.185801896930545,16.420420000146972,0.3174789403289767,-0.47709450901795947,-0.5215289335001003,-0.8930724417721478,-0.7046939512084158,-0.39166290151506544,-0.6597965052264598,0.17607712716893076,-0.8365657859780278
35,"bricks, tiles, lime and surkhi manufacturing",1953,0,0,46051000,23512000,29178000,11733000,316,21,25200,22900,22540000,NA,9869000,13640000,17.64526003595641,16.97302148708089,16.930802066575904,10.134599273499514,5.755742213586912,10.03889218954233,17.188925558613978,16.277915942405762,0.2867932829801276,-0.0445301225253516,-0.11061209832019969,0.035430436979500435,0.336297579385592,0.029444345615377898,0.28114265456895104,0.003123661683432033,-0.14250405774120978
35,"bricks, tiles, lime and surkhi manufacturing",1954,0,0,NA,NA,NA,NA,NA,NA,NA,NA,NA,NA,NA,NA,NA,NA,NA,NA,NA,NA,NA,NA,NA,NA,NA,NA,NA,NA,NA,NA,NA
35,"bricks, tiles, lime and surkhi manufacturing",1955,0,0,NA,NA,NA,NA,NA,NA,NA,NA,NA,NA,NA,NA,NA,NA,NA,NA,NA,NA,NA,NA,NA,NA,NA,NA,NA,NA,NA,NA,NA
35,"bricks, tiles, lime and surkhi manufacturing",1956,0,0,NA,NA,NA,NA,NA,NA,NA,NA,NA,NA,NA,NA,NA,NA,NA,NA,NA,NA,NA,NA,NA,NA,NA,NA,NA,NA,NA,NA,NA
35,"bricks, tiles, lime and surkhi manufacturing",1957,0,1,56400000,32400000,3290000,12500000,352,69,29100,26500,20500000,45400000,NA,NA,17.847979716468288,17.293668980762558,16.835935444108635,10.278493453159584,5.863631175598097,10.184900011974314,15.006398122741555,16.34123920227253,0.7916402786573781,NA,NA,NA,NA,NA,NA,NA,NA
35,"bricks, tiles, lime and surkhi manufacturing",1958,0,1,82993000,43305000,32182000,21544000,445,102,35186,32386,33636000,52452000,NA,NA,18.23426682485488,17.58377865974728,17.331107479934925,10.468403555198991,6.09807428216624,10.385481509633417,17.28691784800123,16.88560791347357,0.40099765476677957,0.3862871083865933,0.29010967898472373,0.23444310656814338,0.20058149765910294,0.49517203582628966,0.1899101020394074,2.2805197252596763,0.5443687112010416
35,"bricks, tiles, lime and surkhi manufacturing",1959,0,1,NA,NA,NA,NA,NA,NA,NA,NA,NA,NA,NA,NA,NA,NA,NA,NA,NA,NA,NA,NA,NA,NA,NA,NA,NA,NA,NA,NA,NA
35,"bricks, tiles, lime and surkhi manufacturing",1960,0,1,NA,NA,NA,NA,NA,NA,NA,NA,NA,NA,NA,NA,NA,NA,NA,NA,NA,NA,NA,NA,NA,NA,NA,NA,NA,NA,NA,NA,NA
35,"bricks, tiles, lime and surkhi manufacturing",1961,0,1,NA,NA,NA,NA,NA,NA,NA,NA,NA,NA,NA,NA,NA,NA,NA,NA,NA,NA,NA,NA,NA,NA,NA,NA,NA,NA,NA,NA,NA
35,"bricks, tiles, lime and surkhi manufacturing",1962,0,1,NA,NA,NA,NA,NA,NA,NA,NA,NA,NA,NA,NA,NA,NA,NA,NA,NA,NA,NA,NA,NA,NA,NA,NA,NA,NA,NA,NA,NA
35,"bricks, tiles, lime and surkhi manufacturing",1963,0,1,NA,NA,NA,NA,NA,NA,NA,NA,NA,NA,NA,NA,NA,NA,NA,NA,NA,NA,NA,NA,NA,NA,NA,NA,NA,NA,NA,NA,NA
35,"bricks, tiles, lime and surkhi manufacturing",1964,0,1,NA,NA,NA,NA,NA,NA,NA,NA,NA,NA,NA,NA,NA,NA,NA,NA,NA,NA,NA,NA,NA,NA,NA,NA,NA,NA,NA,NA,NA
35,"bricks, tiles, lime and surkhi manufacturing",1965,0,1,NA,NA,NA,NA,NA,NA,NA,NA,NA,NA,NA,NA,NA,NA,NA,NA,NA,NA,NA,NA,NA,NA,NA,NA,NA,NA,NA,NA,NA
350,manufacture of metal products except machinery and transport equipment,1951,1,0,NA,NA,NA,NA,NA,NA,NA,NA,NA,NA,NA,NA,NA,NA,NA,NA,NA,NA,NA,NA,NA,NA,NA,NA,NA,NA,NA,NA,NA
350,manufacture of metal products except machinery and transport equipment,1952,1,0,NA,NA,NA,NA,NA,NA,NA,NA,NA,NA,NA,NA,NA,NA,NA,NA,NA,NA,NA,NA,NA,NA,NA,NA,NA,NA,NA,NA,NA
350,manufacture of metal products except machinery and transport equipment,1953,1,0,NA,NA,NA,NA,NA,NA,NA,NA,NA,NA,NA,NA,NA,NA,NA,NA,NA,NA,NA,NA,NA,NA,NA,NA,NA,NA,NA,NA,NA
350,manufacture of metal products except machinery and transport equipment,1954,1,0,NA,NA,NA,NA,NA,NA,NA,NA,NA,NA,NA,NA,NA,NA,NA,NA,NA,NA,NA,NA,NA,NA,NA,NA,NA,NA,NA,NA,NA
350,manufacture of metal products except machinery and transport equipment,1955,1,0,NA,NA,NA,NA,NA,NA,NA,NA,NA,NA,NA,NA,NA,NA,NA,NA,NA,NA,NA,NA,NA,NA,NA,NA,NA,NA,NA,NA,NA
350,manufacture of metal products except machinery and transport equipment,1956,1,0,NA,NA,NA,NA,NA,NA,NA,NA,NA,NA,NA,NA,NA,NA,NA,NA,NA,NA,NA,NA,NA,NA,NA,NA,NA,NA,NA,NA,NA
350,manufacture of metal products except machinery and transport equipment,1957,1,1,NA,NA,NA,NA,NA,NA,NA,NA,NA,NA,NA,NA,NA,NA,NA,NA,NA,NA,NA,NA,NA,NA,NA,NA,NA,NA,NA,NA,NA
350,manufacture of metal products except machinery and transport equipment,1958,1,1,NA,NA,NA,NA,NA,NA,NA,NA,NA,NA,NA,NA,NA,NA,NA,NA,NA,NA,NA,NA,NA,NA,NA,NA,NA,NA,NA,NA,NA
350,manufacture of metal products except machinery and transport equipment,1959,1,1,813021000,215850000,NA,NA,1785,479,80899,NA,NA,341838000,NA,NA,20.516267497436793,19.19009427996576,NA,11.300956742030754,7.487173694213739,NA,NA,NA,NA,NA,NA,NA,NA,NA,NA,NA,NA
350,manufacture of metal products except machinery and transport equipment,1960,1,1,1040759013,281864326,254789708,259522372,2147,546,94124,81982,697492310,514312080,NA,NA,20.76321610410275,19.45693639965499,20.36300204650941,11.452368340875772,7.671826797878781,11.31425498995494,19.355949088381806,19.37435346880023,0.5046009652349601,0.2469486066659563,0.26684211968922966,0.18465310366504184,NA,NA,0.15141159884501754,NA,NA
350,manufacture of metal products except machinery and transport equipment,1961,1,1,1207908289,319469779,311376032,373600353,2373,619,103579,91112,795571378,687253405,NA,NA,20.912156013875002,19.582173238888693,20.494571128932456,11.548089885557847,7.771910256435763,11.419844797954187,19.55651184587272,19.73869720917933,0.5454207782652244,0.14893990977225258,0.125236839233704,0.10008345855698231,0.10558980799924811,0.1315690824230451,0.09572154468207472,0.20056275749091412,0.36434374037909834
350,manufacture of metal products except machinery and transport equipment,1962,1,1,1581235712,395024837,467021490,312104678,2599,698,123341,108038,1063906457,779126168,NA,NA,21.181472474509953,19.79445919936964,20.785213307647613,11.722708156182472,7.8628820346414905,11.590238296072862,19.961885831705036,19.558849195914323,0.4005829746434598,0.2693164606349505,0.21228596048094772,0.0909717782057271,0.1703934981186741,0.2906421787151565,0.17461827062462554,0.4053739858323162,-0.17984801326500488
350,manufacture of metal products except machinery and transport equipment,1963,1,1,1860853669,500646441,496351324,310704697,2818,691,140773,121479,1215506113,999514121,NA,NA,21.344301181208714,20.031410703334206,20.918426380913893,11.854903942953882,7.943782692458625,11.707496687318098,20.022794548468998,19.554353491725674,0.38498529087858696,0.16282870669876104,0.23695150396456555,0.08090065781713474,0.11725839124523674,0.13321307326627974,0.13219578677141008,0.06090871676396148,-0.004495704188649086
350,manufacture of metal products except machinery and transport equipment,1964,1,1,1910399357,482888220,455560671,502494563,3066,786,131480,112624,1273553027,958055234,NA,NA,21.370578144583774,19.995295756261694,20.96507649030765,11.786610027778156,8.028129059431759,11.631810115847912,19.9370394622818,20.03509537793847,0.5244943560320866,0.026276963375060802,-0.03611494707251239,0.08434636697313369,-0.07568657147018598,0.04665010939375591,-0.06829391517572603,-0.08575508618719851,0.48074188621279745
350,manufacture of metal products except machinery and transport equipment,1965,1,1,2479012413,647999592,630376215,624863829,3343,934,143235,118056,1628851357,1255240044,NA,NA,21.631126097247922,20.28940062468672,21.211140914398054,11.872241917052413,8.114623886420098,11.678914367143285,20.261827365783457,20.253044310362775,0.49780425026019964,0.26054795266414743,0.2941048684250269,0.08649482698833921,0.04710425129537299,0.24606442409040596,0.08563188927425713,0.3247879035016581,0.2179489324243029
36,lac,1951,0,0,40184000,3191000,7692000,1538000,127,13,8100,7600,36993000,NA,2618000,2978000,17.50897946441202,14.97584490526038,17.426239263520777,8.99961934066053,4.844187086458591,8.935903526274423,15.855691385690807,14.245993429047726,0.1666305525460455,NA,NA,NA,NA,NA,NA,NA,NA
36,lac,1952,0,0,18082000,4505000,5792000,7406000,16,6,1877,1573,13576000,NA,1229000,2232000,16.71042752627945,15.320698449024576,16.4238140858962,7.537430036586509,2.772588722239781,7.360739903058278,15.571988213047689,15.817801040455695,0.5611456281254735,-0.7985519381325688,0.3448535437641951,-2.07159836421881,-1.5751636232161452,-1.002425177624577,-1.4621893040740215,-0.2837031726431185,1.5718076114079693
36,lac,1953,0,0,16998000,2526000,5218000,3987000,23,9,1500,1200,14472000,NA,1057000,1913000,16.648606248040707,14.742147581892574,16.48772630605727,7.313220387090301,3.1354942159291497,7.090076835776092,15.46762474467881,15.198549626363492,0.4331341662140141,-0.061821278238742394,-0.5785508671320017,0.36290549368936853,-0.2706630672821859,0.06391222016106823,-0.22420964949620714,-0.104363468368879,-0.6192514140922025
36,lac,1954,0,0,NA,NA,NA,NA,NA,NA,NA,NA,NA,NA,NA,NA,NA,NA,NA,NA,NA,NA,NA,NA,NA,NA,NA,NA,NA,NA,NA,NA,NA
36,lac,1955,0,0,NA,NA,NA,NA,NA,NA,NA,NA,NA,NA,NA,NA,NA,NA,NA,NA,NA,NA,NA,NA,NA,NA,NA,NA,NA,NA,NA,NA,NA
36,lac,1956,0,0,NA,NA,NA,NA,NA,NA,NA,NA,NA,NA,NA,NA,NA,NA,NA,NA,NA,NA,NA,NA,NA,NA,NA,NA,NA,NA,NA,NA,NA
36,lac,1957,0,1,52100000,8000000,7000000,5700000,55,19,3300,2900,43600000,12700000,NA,NA,17.768675506723596,15.89495209964411,17.590567708319263,8.101677747454572,4.007333185232471,7.9724660159745655,15.761420707019587,15.555976732804778,0.44881889763779526,NA,NA,NA,NA,NA,NA,NA,NA
36,lac,1958,0,1,53708000,7560000,4329000,9370000,201,32,5957,5500,45827000,13699000,NA,NA,17.799072524174736,15.838381748155715,17.640383995036622,8.692322277628687,5.303304908059076,8.612503371220562,15.280847126424117,16.053023654214606,0.6839915322286299,0.030397017451139874,-0.05657035148839462,1.2959717228266046,0.6400373552459966,0.04981628671735905,0.5906445301741154,-0.48057358059547006,0.49704692140982765
36,lac,1959,0,1,NA,NA,NA,NA,NA,NA,NA,NA,NA,NA,NA,NA,NA,NA,NA,NA,NA,NA,NA,NA,NA,NA,NA,NA,NA,NA,NA,NA,NA
36,lac,1960,0,1,NA,NA,NA,NA,NA,NA,NA,NA,NA,NA,NA,NA,NA,NA,NA,NA,NA,NA,NA,NA,NA,NA,NA,NA,NA,NA,NA,NA,NA
36,lac,1961,0,1,NA,NA,NA,NA,NA,NA,NA,NA,NA,NA,NA,NA,NA,NA,NA,NA,NA,NA,NA,NA,NA,NA,NA,NA,NA,NA,NA,NA,NA
36,lac,1962,0,1,NA,NA,NA,NA,NA,NA,NA,NA,NA,NA,NA,NA,NA,NA,NA,NA,NA,NA,NA,NA,NA,NA,NA,NA,NA,NA,NA,NA,NA
36,lac,1963,0,1,NA,NA,NA,NA,NA,NA,NA,NA,NA,NA,NA,NA,NA,NA,NA,NA,NA,NA,NA,NA,NA,NA,NA,NA,NA,NA,NA,NA,NA
36,lac,1964,0,1,NA,NA,NA,NA,NA,NA,NA,NA,NA,NA,NA,NA,NA,NA,NA,NA,NA,NA,NA,NA,NA,NA,NA,NA,NA,NA,NA,NA,NA
36,lac,1965,0,1,NA,NA,NA,NA,NA,NA,NA,NA,NA,NA,NA,NA,NA,NA,NA,NA,NA,NA,NA,NA,NA,NA,NA,NA,NA,NA,NA,NA,NA
360,manufacture of machinery except electrical machinery,1951,1,0,NA,NA,NA,NA,NA,NA,NA,NA,NA,NA,NA,NA,NA,NA,NA,NA,NA,NA,NA,NA,NA,NA,NA,NA,NA,NA,NA,NA,NA
360,manufacture of machinery except electrical machinery,1952,1,0,NA,NA,NA,NA,NA,NA,NA,NA,NA,NA,NA,NA,NA,NA,NA,NA,NA,NA,NA,NA,NA,NA,NA,NA,NA,NA,NA,NA,NA
360,manufacture of machinery except electrical machinery,1953,1,0,NA,NA,NA,NA,NA,NA,NA,NA,NA,NA,NA,NA,NA,NA,NA,NA,NA,NA,NA,NA,NA,NA,NA,NA,NA,NA,NA,NA,NA
360,manufacture of machinery except electrical machinery,1954,1,0,NA,NA,NA,NA,NA,NA,NA,NA,NA,NA,NA,NA,NA,NA,NA,NA,NA,NA,NA,NA,NA,NA,NA,NA,NA,NA,NA,NA,NA
360,manufacture of machinery except electrical machinery,1955,1,0,NA,NA,NA,NA,NA,NA,NA,NA,NA,NA,NA,NA,NA,NA,NA,NA,NA,NA,NA,NA,NA,NA,NA,NA,NA,NA,NA,NA,NA
360,manufacture of machinery except electrical machinery,1956,1,0,NA,NA,NA,NA,NA,NA,NA,NA,NA,NA,NA,NA,NA,NA,NA,NA,NA,NA,NA,NA,NA,NA,NA,NA,NA,NA,NA,NA,NA
360,manufacture of machinery except electrical machinery,1957,1,1,NA,NA,NA,NA,NA,NA,NA,NA,NA,NA,NA,NA,NA,NA,NA,NA,NA,NA,NA,NA,NA,NA,NA,NA,NA,NA,NA,NA,NA
360,manufacture of machinery except electrical machinery,1958,1,1,NA,NA,NA,NA,NA,NA,NA,NA,NA,NA,NA,NA,NA,NA,NA,NA,NA,NA,NA,NA,NA,NA,NA,NA,NA,NA,NA,NA,NA
360,manufacture of machinery except electrical machinery,1959,1,1,869027000,317663000,NA,NA,2353,615,127621,NA,NA,641484000,NA,NA,20.582884752942626,19.576501630386375,NA,11.756820213154057,7.763446388727362,NA,NA,NA,NA,NA,NA,NA,NA,NA,NA,NA,NA
360,manufacture of machinery except electrical machinery,1960,1,1,1197577892,382422726,449221952,353361009,2746,701,152169,131497,955213501,802582952,NA,NA,20.90356693064546,19.76203716729195,20.677445434715455,11.932747024295011,7.917900586327916,11.786739316651508,19.92302764873513,19.68300078069334,0.4402797295368946,0.32068217770283525,0.18553553690557578,0.154454197600554,NA,NA,0.175926811140954,NA,NA
360,manufacture of machinery except electrical machinery,1961,1,1,1459867500,510747924,613489692,472186139,3079,770,166434,143164,792089706,1087656782,NA,NA,21.101611515123658,20.05138672704288,20.490185208516202,12.02235411342042,8.0323601479245,11.871746105255204,20.234674020018094,19.972883828097597,0.4349236904031255,0.19804458447819684,0.2893495597509279,0.11445956159658355,0.08500678860369604,-0.1872602261992533,0.08960708912540838,0.3116463712829649,0.2898830474042562
360,manufacture of machinery except electrical machinery,1962,1,1,1749886166,601350218,849421588,605650829,3376,881,182375,154195,954315345,1455072417,NA,NA,21.28281657476612,20.214688048238504,20.676504725107307,12.113820285825087,8.124446855715847,11.945973314164121,20.560066191107946,20.221814188203496,0.41623414884649,0.18120505964246192,0.16330132119562535,0.09208670779134742,0.07422720890891732,0.18631951659110513,0.09146617240466703,0.3253921710898524,0.24893036010589853
360,manufacture of machinery except electrical machinery,1963,1,1,2232148757,738688042,1008420157,539917514,3728,895,207112,177675,1216279939,1689985671,NA,NA,21.52623052664607,20.420386254470284,20.919062806988862,12.241014988727738,8.223627175805483,12.087711317695096,20.73165074216989,20.10692693400299,0.3487078588298457,0.24341395187995118,0.20569820623178003,0.09918032008963529,0.14173800353097477,0.2425580818815547,0.127194702902651,0.1715845510619438,-0.11488725420050727
360,manufacture of machinery except electrical machinery,1964,1,1,2786730374,952475752,1348796327,842755651,3780,984,230817,188714,1463027621,2191551978,NA,NA,21.748134836596847,20.674575207423242,21.10377383850543,12.349380467749302,8.237479288613633,12.14798792044346,21.022478422046827,20.55218761748462,0.38454741637891465,0.22190430995077648,0.2541889529529584,0.013852112808150352,0.060276602748364994,0.1847110315165672,0.10836547902156468,0.29082767987693714,0.4452606834816315
360,manufacture of machinery except electrical machinery,1965,1,1,3509515755,1119526758,1877687975,1066523687,4024,1157,263296,208149,1921283504,2944211662,NA,NA,21.978743903368155,20.83617189545929,21.376259291311744,12.481034153572574,8.300031711779575,12.24600944838386,21.35330705643112,20.78767030566186,0.36224423018401863,0.23060906677130788,0.16159668803604887,0.06255242316594156,0.09802152794039998,0.27248545280631475,0.13165368582327197,0.330828634384293,0.23548268817723894
37,turpentine and rosin,1951,1,0,6213000,1298000,534000,1351000,4,4,500,300,4914000,NA,237000,476999.9999999999,15.642154429045831,14.076335176246172,15.407598832063261,6.214608098422191,1.3862943611198906,5.703782474656201,13.188151117942333,14.116355616942336,0.716710875331565,NA,NA,NA,NA,NA,NA,NA,NA
37,turpentine and rosin,1952,1,0,7431999.999999998,1866000,579000,4058000,3,3,421,296,5566000,NA,227000,587000,15.821305559475812,14.439307660389426,15.532187221067973,6.042632833682381,1.0986122886681098,5.69035945432406,13.269057756555132,15.216200799367897,0.8751347854216088,0.17915113042998065,0.36297248414325445,-0.2876820724517808,-0.013423020332140823,0.12458838900471214,-0.17197526473981029,0.08090663861279879,1.099845182425561
37,turpentine and rosin,1953,1,0,7643000.000000002,1699000,627000,7206999.999999999,4,4,500,400,5943000,NA,262000,607000,15.849300754225021,14.34555040065407,15.597724614348797,6.214608098422191,1.3862943611198906,5.991464547107982,13.348701819615057,15.790563333906578,0.9199642583609905,0.027995194749209418,-0.09375725973535687,0.2876820724517808,0.3011050927839216,0.06553739328082386,0.17197526473981029,0.07964406305992533,0.5743625345386807
37,turpentine and rosin,1954,1,0,NA,NA,NA,NA,NA,NA,NA,NA,NA,NA,NA,NA,NA,NA,NA,NA,NA,NA,NA,NA,NA,NA,NA,NA,NA,NA,NA,NA,NA
37,turpentine and rosin,1955,1,0,NA,NA,NA,NA,NA,NA,NA,NA,NA,NA,NA,NA,NA,NA,NA,NA,NA,NA,NA,NA,NA,NA,NA,NA,NA,NA,NA,NA,NA
37,turpentine and rosin,1956,1,0,NA,NA,NA,NA,NA,NA,NA,NA,NA,NA,NA,NA,NA,NA,NA,NA,NA,NA,NA,NA,NA,NA,NA,NA,NA,NA,NA,NA,NA
37,turpentine and rosin,1957,1,1,8500000,2200000,700000,3600000,5,5,800,600,6100000,4300000,NA,NA,15.955576721460545,14.603967918328545,15.623799329143539,6.684611727667927,1.6094379124341003,6.396929655216146,13.458835614025542,15.096444403426338,0.8372093023255814,NA,NA,NA,NA,NA,NA,NA,NA
37,turpentine and rosin,1958,1,1,10007000,1779000,1034000,5395000,5,5,800,600,8017000,6429000,NA,NA,16.118795406072593,14.391561966647972,15.897074845025088,6.684611727667927,1.6094379124341003,6.396929655216146,13.848945334050512,15.500983156674373,0.839166277803702,0.16321868461204758,-0.21240595168057297,0,0,0.27327551588154897,0,0.39010972002497013,0.4045387532480351
37,turpentine and rosin,1959,1,1,NA,NA,NA,NA,NA,NA,NA,NA,NA,NA,NA,NA,NA,NA,NA,NA,NA,NA,NA,NA,NA,NA,NA,NA,NA,NA,NA,NA,NA
37,turpentine and rosin,1960,1,1,NA,NA,NA,NA,NA,NA,NA,NA,NA,NA,NA,NA,NA,NA,NA,NA,NA,NA,NA,NA,NA,NA,NA,NA,NA,NA,NA,NA,NA
37,turpentine and rosin,1961,1,1,NA,NA,NA,NA,NA,NA,NA,NA,NA,NA,NA,NA,NA,NA,NA,NA,NA,NA,NA,NA,NA,NA,NA,NA,NA,NA,NA,NA,NA
37,turpentine and rosin,1962,1,1,NA,NA,NA,NA,NA,NA,NA,NA,NA,NA,NA,NA,NA,NA,NA,NA,NA,NA,NA,NA,NA,NA,NA,NA,NA,NA,NA,NA,NA
37,turpentine and rosin,1963,1,1,NA,NA,NA,NA,NA,NA,NA,NA,NA,NA,NA,NA,NA,NA,NA,NA,NA,NA,NA,NA,NA,NA,NA,NA,NA,NA,NA,NA,NA
37,turpentine and rosin,1964,1,1,NA,NA,NA,NA,NA,NA,NA,NA,NA,NA,NA,NA,NA,NA,NA,NA,NA,NA,NA,NA,NA,NA,NA,NA,NA,NA,NA,NA,NA
37,turpentine and rosin,1965,1,1,NA,NA,NA,NA,NA,NA,NA,NA,NA,NA,NA,NA,NA,NA,NA,NA,NA,NA,NA,NA,NA,NA,NA,NA,NA,NA,NA,NA,NA
370,"manufacture of electrical machinery, apparatus, appliances and supplies",1951,1,0,NA,NA,NA,NA,NA,NA,NA,NA,NA,NA,NA,NA,NA,NA,NA,NA,NA,NA,NA,NA,NA,NA,NA,NA,NA,NA,NA,NA,NA
370,"manufacture of electrical machinery, apparatus, appliances and supplies",1952,1,0,NA,NA,NA,NA,NA,NA,NA,NA,NA,NA,NA,NA,NA,NA,NA,NA,NA,NA,NA,NA,NA,NA,NA,NA,NA,NA,NA,NA,NA
370,"manufacture of electrical machinery, apparatus, appliances and supplies",1953,1,0,NA,NA,NA,NA,NA,NA,NA,NA,NA,NA,NA,NA,NA,NA,NA,NA,NA,NA,NA,NA,NA,NA,NA,NA,NA,NA,NA,NA,NA
370,"manufacture of electrical machinery, apparatus, appliances and supplies",1954,1,0,NA,NA,NA,NA,NA,NA,NA,NA,NA,NA,NA,NA,NA,NA,NA,NA,NA,NA,NA,NA,NA,NA,NA,NA,NA,NA,NA,NA,NA
370,"manufacture of electrical machinery, apparatus, appliances and supplies",1955,1,0,NA,NA,NA,NA,NA,NA,NA,NA,NA,NA,NA,NA,NA,NA,NA,NA,NA,NA,NA,NA,NA,NA,NA,NA,NA,NA,NA,NA,NA
370,"manufacture of electrical machinery, apparatus, appliances and supplies",1956,1,0,NA,NA,NA,NA,NA,NA,NA,NA,NA,NA,NA,NA,NA,NA,NA,NA,NA,NA,NA,NA,NA,NA,NA,NA,NA,NA,NA,NA,NA
370,"manufacture of electrical machinery, apparatus, appliances and supplies",1957,1,1,NA,NA,NA,NA,NA,NA,NA,NA,NA,NA,NA,NA,NA,NA,NA,NA,NA,NA,NA,NA,NA,NA,NA,NA,NA,NA,NA,NA,NA
370,"manufacture of electrical machinery, apparatus, appliances and supplies",1958,1,1,NA,NA,NA,NA,NA,NA,NA,NA,NA,NA,NA,NA,NA,NA,NA,NA,NA,NA,NA,NA,NA,NA,NA,NA,NA,NA,NA,NA,NA
370,"manufacture of electrical machinery, apparatus, appliances and supplies",1959,1,1,912460000,284491000,NA,NA,490,249,76580,NA,NA,589765000,NA,NA,20.631654806843674,19.466212176583884,NA,11.246091225031286,6.194405391104672,NA,NA,NA,NA,NA,NA,NA,NA,NA,NA,NA,NA
370,"manufacture of electrical machinery, apparatus, appliances and supplies",1960,1,1,1095952979,339669619,355895140,392158444,593,279,86669,71186,681853209,748044584,NA,NA,20.81489012217964,19.643483994335874,20.340324956570747,11.369851544044058,6.385194398997726,11.173051448852526,19.69014669486597,19.787176509967946,0.524238440116878,0.18323531533596693,0.17727181775198986,0.19078900789305386,NA,NA,0.12376031901277251,NA,NA
370,"manufacture of electrical machinery, apparatus, appliances and supplies",1961,1,1,1262410222,405512516,370057191,466699361,715,341,91931,78782,764212546,838621552,NA,NA,20.956288605298134,19.820662296641437,20.454356510010594,11.428793574640473,6.5722825426940075,11.274439823356749,19.729168121928062,19.961195841731193,0.557748080830086,0.14139848311849335,0.1771783023055633,0.18708814369628168,0.10138837450422322,0.1140315534398475,0.05894203059641434,0.03902142706209233,0.17401933176324746
370,"manufacture of electrical machinery, apparatus, appliances and supplies",1962,1,1,1520667743,428910619,599486183,604167376,773,364,111399,89549,943987195,1203653559,NA,NA,21.14241537994384,19.876759107865627,20.665623159399132,11.620873629774348,6.650279048587422,11.402541240480666,20.21158348462663,20.21936183009327,0.5019445765623329,0.18612677464570737,0.05609681122419019,0.07799650589341489,0.12810141712391676,0.21126664938853779,0.19208005513387505,0.48241536269856766,0.2581659883620766
370,"manufacture of electrical machinery, apparatus, appliances and supplies",1963,1,1,1897238002,575375514,817741456,705908653,861,445,124403,101948,1164974484,1550957109,NA,NA,21.36366498233846,20.170533453431716,20.875965021578295,11.731281574752064,6.7580945044277305,11.532218158350638,20.5220567761472,20.374996400400786,0.46330102221651204,0.221249602394618,0.2937743455660886,0.10781545584030816,0.12967691786997193,0.21034186217916329,0.110407944977716,0.31047329152056946,0.15563457030751593
370,"manufacture of electrical machinery, apparatus, appliances and supplies",1964,1,1,2304202288,687117553,1053201015,813399561,974,517,142498,110830,1406659468,1866600576,NA,NA,21.558000374537095,20.34801594617478,21.06448355877758,11.86708324350463,6.881411303642535,11.6157527747697,20.77509994931555,20.516733011727393,0.4357651933993617,0.19433539219863505,0.1774824927430636,0.12331679921480454,0.08353461641906179,0.18851853719928613,0.13580166875256694,0.2530431731683507,0.14173661132660698
370,"manufacture of electrical machinery, apparatus, appliances and supplies",1965,1,1,2980277336,870396600,1243078904,1180567624,1028,525,158346,120423,1837327871,2423646528,NA,NA,21.815282198905187,20.584459527808324,21.33157810901717,11.97253779114884,6.93537044601511,11.698765823513302,20.940857126140912,20.889261197050775,0.4871038785404932,0.25728182436809277,0.2364435816335444,0.05395914237257493,0.08301304874360227,0.2670945502395874,0.10545454764420903,0.1657571768253625,0.3725281853233824
381,ship building and repairing,1951,0,0,NA,NA,NA,NA,NA,NA,NA,NA,NA,NA,NA,NA,NA,NA,NA,NA,NA,NA,NA,NA,NA,NA,NA,NA,NA,NA,NA,NA,NA
381,ship building and repairing,1952,0,0,NA,NA,NA,NA,NA,NA,NA,NA,NA,NA,NA,NA,NA,NA,NA,NA,NA,NA,NA,NA,NA,NA,NA,NA,NA,NA,NA,NA,NA
381,ship building and repairing,1953,0,0,NA,NA,NA,NA,NA,NA,NA,NA,NA,NA,NA,NA,NA,NA,NA,NA,NA,NA,NA,NA,NA,NA,NA,NA,NA,NA,NA,NA,NA
381,ship building and repairing,1954,0,0,NA,NA,NA,NA,NA,NA,NA,NA,NA,NA,NA,NA,NA,NA,NA,NA,NA,NA,NA,NA,NA,NA,NA,NA,NA,NA,NA,NA,NA
381,ship building and repairing,1955,0,0,NA,NA,NA,NA,NA,NA,NA,NA,NA,NA,NA,NA,NA,NA,NA,NA,NA,NA,NA,NA,NA,NA,NA,NA,NA,NA,NA,NA,NA
381,ship building and repairing,1956,0,0,NA,NA,NA,NA,NA,NA,NA,NA,NA,NA,NA,NA,NA,NA,NA,NA,NA,NA,NA,NA,NA,NA,NA,NA,NA,NA,NA,NA,NA
381,ship building and repairing,1957,0,1,NA,NA,NA,NA,NA,NA,NA,NA,NA,NA,NA,NA,NA,NA,NA,NA,NA,NA,NA,NA,NA,NA,NA,NA,NA,NA,NA,NA,NA
381,ship building and repairing,1958,0,1,NA,NA,NA,NA,NA,NA,NA,NA,NA,NA,NA,NA,NA,NA,NA,NA,NA,NA,NA,NA,NA,NA,NA,NA,NA,NA,NA,NA,NA
381,ship building and repairing,1959,0,1,172852000,75932000,NA,NA,68,65,31379,NA,NA,75203000,NA,NA,18.96794629499103,18.14534876089257,NA,10.353894158347762,4.219507705176107,NA,NA,NA,NA,NA,NA,NA,NA,NA,NA,NA,NA
381,ship building and repairing,1960,0,1,174220853,79207306,70851265,111869673,68,68,31108,26532,76728542,182720938,NA,NA,18.9758343224514,18.187579100004864,18.15578432227906,10.345220299814834,4.219507705176107,10.186106830645446,18.076093378564014,18.532845117783175,0.6122433160889312,0.007888027460371205,0.04223033911229379,0,NA,NA,-0.008673858532928236,NA,NA
381,ship building and repairing,1961,0,1,135612048,59978497,65470303,70100518,60,58,24873,20898,60455343,135858821,NA,NA,18.725308779081203,17.90949667261839,17.91741551821594,10.121538156784329,4.0943445622221,9.947408739594056,17.997107208480493,18.06544074142117,0.5170767388065017,-0.2505255433701983,-0.27808242738647593,-0.12516314295400655,-0.23869809105138984,-0.23836880406312133,-0.22368214303050493,-0.07898617008352105,-0.4674043763620048
381,ship building and repairing,1962,0,1,158254602,67655466,70296679,76996233,67,65,27119,22681,73029699,147292912,NA,NA,18.879715699134447,18.029938707543234,18.106376751993935,10.207989868218158,4.204692619390966,10.029282848580436,18.068235115266738,18.15926705654331,0.5227422823984904,0.15440692005324408,0.12044203492484584,0.11034805716886531,0.08187410898637992,0.18896123377799512,0.08645171143382946,0.07112790678624492,0.0938263151221399
381,ship building and repairing,1963,0,1,174322962,78984678,70695819,66899459,67,66,27893,22791,77955778,140235278,NA,NA,18.976420240195612,18.184764442253595,18.171652275159722,10.236131040272427,4.204692619390966,10.034121000171332,18.073896991918694,18.0187014383692,0.4862046137949589,0.09670454106116466,0.15482573471036076,0,0.004838151590895734,0.06527552316578777,0.028141172054269248,0.005661876651956277,-0.1405656181741115
381,ship building and repairing,1964,0,1,167032560,78124152,70347910,77956632,70,67,28391,22952,71790557,148304542,NA,NA,18.933699321436716,18.17380981156193,18.08926350726334,10.253827472516985,4.248495242049359,10.0411603576612,18.068963632483506,18.17166323002855,0.5256523566216873,-0.04272091875889572,-0.010954630691664136,0.04380262265839363,0.007039357489867726,-0.08238876789638283,0.017696432244557414,-0.004933359435188578,0.15296179165935087
381,ship building and repairing,1965,0,1,199963842,93083629,71699432,69121832,72,63,28656,23362,85844885,140821264,NA,NA,19.11364711816783,18.349008883605695,18.26805256286881,10.263118124300494,4.276666119016055,10.058866049715641,18.087993383641678,18.051381186738464,0.4908479730731575,0.17994779673111339,0.17519907204376395,0.028170876966695957,0.017705692054441613,0.17878905560547054,0.009290651783508963,0.019029751158171848,-0.12028204329008574
383,manufacture of motor vehicles,1951,0,0,NA,NA,NA,NA,NA,NA,NA,NA,NA,NA,NA,NA,NA,NA,NA,NA,NA,NA,NA,NA,NA,NA,NA,NA,NA,NA,NA,NA,NA
383,manufacture of motor vehicles,1952,0,0,NA,NA,NA,NA,NA,NA,NA,NA,NA,NA,NA,NA,NA,NA,NA,NA,NA,NA,NA,NA,NA,NA,NA,NA,NA,NA,NA,NA,NA
383,manufacture of motor vehicles,1953,0,0,NA,NA,NA,NA,NA,NA,NA,NA,NA,NA,NA,NA,NA,NA,NA,NA,NA,NA,NA,NA,NA,NA,NA,NA,NA,NA,NA,NA,NA
383,manufacture of motor vehicles,1954,0,0,NA,NA,NA,NA,NA,NA,NA,NA,NA,NA,NA,NA,NA,NA,NA,NA,NA,NA,NA,NA,NA,NA,NA,NA,NA,NA,NA,NA,NA
383,manufacture of motor vehicles,1955,0,0,NA,NA,NA,NA,NA,NA,NA,NA,NA,NA,NA,NA,NA,NA,NA,NA,NA,NA,NA,NA,NA,NA,NA,NA,NA,NA,NA,NA,NA
383,manufacture of motor vehicles,1956,0,0,NA,NA,NA,NA,NA,NA,NA,NA,NA,NA,NA,NA,NA,NA,NA,NA,NA,NA,NA,NA,NA,NA,NA,NA,NA,NA,NA,NA,NA
383,manufacture of motor vehicles,1957,0,1,NA,NA,NA,NA,NA,NA,NA,NA,NA,NA,NA,NA,NA,NA,NA,NA,NA,NA,NA,NA,NA,NA,NA,NA,NA,NA,NA,NA,NA
383,manufacture of motor vehicles,1958,0,1,NA,NA,NA,NA,NA,NA,NA,NA,NA,NA,NA,NA,NA,NA,NA,NA,NA,NA,NA,NA,NA,NA,NA,NA,NA,NA,NA,NA,NA
383,manufacture of motor vehicles,1959,0,1,682500000,198900000,NA,NA,46,46,34795,NA,NA,349500000,NA,NA,20.34127308502339,19.1083127438242,NA,10.45722897727895,3.828641396489095,NA,NA,NA,NA,NA,NA,NA,NA,NA,NA,NA,NA
383,manufacture of motor vehicles,1960,0,1,1162930340,281211137,299436327,272975561,57,57,48812,40447,783461554,572411888,NA,NA,20.87420881187048,19.454616322379675,20.47923254899673,10.79573146325173,4.04305126783455,10.607747754099643,19.51741235525492,19.424892828995546,0.47688660337536526,0.5329357268470929,0.34630357855547445,0.2144098713454552,NA,NA,0.3385024859727803,NA,NA
383,manufacture of motor vehicles,1961,0,1,1361561688,276674619,347229188,314497129,68,68,52837,44643,951851222,661726317,NA,NA,21.031898177902207,19.43835271304722,20.673919301130976,10.874966981854165,4.219507705176107,10.70645279909816,19.66549560403733,19.566485505287268,0.4752676762589752,0.15768936603172534,-0.016263609332455076,0.1764564373415567,0.09870504499851762,0.19468675213424547,0.0792355186024345,0.14808324878240953,0.14159267629172234
383,manufacture of motor vehicles,1962,0,1,1430967774,345652474,402556528,297667295,92,92,58420,47597,822389133,700223823,NA,NA,21.081616817351005,19.660944417859227,20.52772423881328,10.975413575941731,4.5217885770490405,10.770525013023255,19.81334608719783,19.5114869610327,0.4251030673659328,0.049718639448798285,0.2225917048120074,0.3022808718729335,0.06407221392509399,-0.14619506231769464,0.10044659408756651,0.1478504831605001,-0.05499854425456974
383,manufacture of motor vehicles,1963,0,1,1556623460,402959229,462707470,304086923,104,103,62139,51332,983845292,766874393,NA,NA,21.165784863685253,19.814345946058562,20.70697921907837,11.037129090123633,4.6443908991413725,10.846069618364352,19.95260559811691,19.532824149421092,0.3965690487254254,0.08416804633424846,0.1534015281993355,0.12260232209233202,0.07554460534109708,0.1792549802650889,0.06171551418190191,0.13925951091908217,0.021337188388393713
383,manufacture of motor vehicles,1964,0,1,2063141435,544165230,675633832,381766664,140,140,72656,57056,1275732990,1057400496,NA,NA,21.44749562661089,20.114763490320755,20.966786744486132,11.193491253337733,4.941642422609304,10.951788520662866,20.33116181861273,19.760320152714765,0.3610426375287042,0.2817107629256377,0.30041754426219214,0.2972515234679314,0.10571890229851455,0.2598075254077621,0.15636216321409968,0.3785562204958204,0.22749600329367325
383,manufacture of motor vehicles,1965,0,1,2525215376,676647920,878020662,374577182,172,172,84114,65148,1527485082,1252597844,NA,NA,21.64959219346186,20.332661636514725,21.146888482677554,11.339928300596592,5.147494476813453,11.084416883693452,20.593180684352106,19.741308433145154,0.29904025764872705,0.20209656685096888,0.21789814619397063,0.20585205420414887,0.13262836303058556,0.1801017381914214,0.14643704725885875,0.2620188657393747,-0.019011719569611785
385,manufacture of motor cycles and bicycles,1951,0,0,NA,NA,NA,NA,NA,NA,NA,NA,NA,NA,NA,NA,NA,NA,NA,NA,NA,NA,NA,NA,NA,NA,NA,NA,NA,NA,NA,NA,NA
385,manufacture of motor cycles and bicycles,1952,0,0,NA,NA,NA,NA,NA,NA,NA,NA,NA,NA,NA,NA,NA,NA,NA,NA,NA,NA,NA,NA,NA,NA,NA,NA,NA,NA,NA,NA,NA
385,manufacture of motor cycles and bicycles,1953,0,0,NA,NA,NA,NA,NA,NA,NA,NA,NA,NA,NA,NA,NA,NA,NA,NA,NA,NA,NA,NA,NA,NA,NA,NA,NA,NA,NA,NA,NA
385,manufacture of motor cycles and bicycles,1954,0,0,NA,NA,NA,NA,NA,NA,NA,NA,NA,NA,NA,NA,NA,NA,NA,NA,NA,NA,NA,NA,NA,NA,NA,NA,NA,NA,NA,NA,NA
385,manufacture of motor cycles and bicycles,1955,0,0,NA,NA,NA,NA,NA,NA,NA,NA,NA,NA,NA,NA,NA,NA,NA,NA,NA,NA,NA,NA,NA,NA,NA,NA,NA,NA,NA,NA,NA
385,manufacture of motor cycles and bicycles,1956,0,0,NA,NA,NA,NA,NA,NA,NA,NA,NA,NA,NA,NA,NA,NA,NA,NA,NA,NA,NA,NA,NA,NA,NA,NA,NA,NA,NA,NA,NA
385,manufacture of motor cycles and bicycles,1957,0,1,NA,NA,NA,NA,NA,NA,NA,NA,NA,NA,NA,NA,NA,NA,NA,NA,NA,NA,NA,NA,NA,NA,NA,NA,NA,NA,NA,NA,NA
385,manufacture of motor cycles and bicycles,1958,0,1,NA,NA,NA,NA,NA,NA,NA,NA,NA,NA,NA,NA,NA,NA,NA,NA,NA,NA,NA,NA,NA,NA,NA,NA,NA,NA,NA,NA,NA
385,manufacture of motor cycles and bicycles,1959,0,1,162324000,43516000,NA,NA,63,62,14623,NA,NA,99398000,NA,NA,18.90510489585933,17.58863924452311,NA,9.590350910611878,4.143134726391533,NA,NA,NA,NA,NA,NA,NA,NA,NA,NA,NA,NA
385,manufacture of motor cycles and bicycles,1960,0,1,248095496,69961921,92633983,39975495,91,80,17662,14925,157434903,132609478,NA,NA,19.32932429452707,18.063461666285438,18.874522616506354,9.779170718028748,4.51085950651685,9.610792938260802,18.34416661933417,17.50377719934684,0.30145277398648684,0.42421939866773783,0.47482242176232603,0.3677247801253172,NA,NA,0.18881980741686988,NA,NA
385,manufacture of motor cycles and bicycles,1961,0,1,239404926,60846777,100973273,44402563,109,85,17425,15553,160074418,147810836,NA,NA,19.293666927317556,17.923869409684446,18.89114937756681,9.765661235628725,4.6913478822291435,9.65200882504456,18.43036641602411,17.608807750961642,0.30543289876592694,-0.03565736720951307,-0.1395922566009915,0.1804883757122937,0.04121588678375687,0.016626761060454243,-0.013509482400023032,0.08619979668993949,0.1050305516148029
385,manufacture of motor cycles and bicycles,1962,0,1,280763834,67506852,116060810,81163991,128,98,19276,17100,180061204,197224801,NA,NA,19.453024425524678,18.027739661801967,19.008807373282252,9.866616077760224,4.852030263919617,9.746833742490752,18.569624835851098,18.211982246183045,0.41153034805191663,0.15935749820712175,0.10387025211752032,0.16068238169047344,0.09482491744619281,0.11765799571544377,0.10095484213149852,0.13925841982698728,0.6031744952214027
385,manufacture of motor cycles and bicycles,1963,0,1,334692636,84226871,149029610,86562064,146,126,20642,18171,209954434,240541674,NA,NA,19.628723164146862,18.24902456131707,19.16240108418559,9.935083114125879,4.983606621708336,9.807582195649056,18.819655568998783,18.276372217510144,0.3674241221275078,0.17569873862218444,0.22128489951510488,0.13157635778871946,0.06074845315830402,0.15359371090333696,0.06846703636565543,0.2500307331476854,0.064389971327099
385,manufacture of motor cycles and bicycles,1964,0,1,432338582,100390002,157142877,94215186,153,128,23386,19222,281360350,251358063,NA,NA,19.88471959386274,18.424573178590013,19.455146790087145,10.059892831700264,5.030437921392435,9.863810735383229,18.87266599405905,18.361091936744707,0.3748246023044823,0.25599642971587855,0.17554861727294124,0.04683129968409894,0.056228539734172855,0.2927457059015559,0.12480971757438475,0.05301042506026832,0.08471971923456323
385,manufacture of motor cycles and bicycles,1965,0,1,503953640,121508064,161400471,99651687,143,118,24692,20101,330126524,261052158,NA,NA,20.03799483767786,18.61549118891283,19.614986545004083,10.114234583513786,4.962844630259907,9.908524844053396,18.89939923201148,18.41719153373216,0.38173094512400085,0.15327524381511992,0.19091801032281808,-0.06759329113252832,0.04471410867016701,0.1598397549169377,0.05434175181352252,0.026733237952427658,0.0560995969874547
386,manufacture of aircraft,1951,0,0,NA,NA,NA,NA,NA,NA,NA,NA,NA,NA,NA,NA,NA,NA,NA,NA,NA,NA,NA,NA,NA,NA,NA,NA,NA,NA,NA,NA,NA
386,manufacture of aircraft,1952,0,0,NA,NA,NA,NA,NA,NA,NA,NA,NA,NA,NA,NA,NA,NA,NA,NA,NA,NA,NA,NA,NA,NA,NA,NA,NA,NA,NA,NA,NA
386,manufacture of aircraft,1953,0,0,NA,NA,NA,NA,NA,NA,NA,NA,NA,NA,NA,NA,NA,NA,NA,NA,NA,NA,NA,NA,NA,NA,NA,NA,NA,NA,NA,NA,NA
386,manufacture of aircraft,1954,0,0,NA,NA,NA,NA,NA,NA,NA,NA,NA,NA,NA,NA,NA,NA,NA,NA,NA,NA,NA,NA,NA,NA,NA,NA,NA,NA,NA,NA,NA
386,manufacture of aircraft,1955,0,0,NA,NA,NA,NA,NA,NA,NA,NA,NA,NA,NA,NA,NA,NA,NA,NA,NA,NA,NA,NA,NA,NA,NA,NA,NA,NA,NA,NA,NA
386,manufacture of aircraft,1956,0,0,NA,NA,NA,NA,NA,NA,NA,NA,NA,NA,NA,NA,NA,NA,NA,NA,NA,NA,NA,NA,NA,NA,NA,NA,NA,NA,NA,NA,NA
386,manufacture of aircraft,1957,0,1,NA,NA,NA,NA,NA,NA,NA,NA,NA,NA,NA,NA,NA,NA,NA,NA,NA,NA,NA,NA,NA,NA,NA,NA,NA,NA,NA,NA,NA
386,manufacture of aircraft,1958,0,1,NA,NA,NA,NA,NA,NA,NA,NA,NA,NA,NA,NA,NA,NA,NA,NA,NA,NA,NA,NA,NA,NA,NA,NA,NA,NA,NA,NA,NA
386,manufacture of aircraft,1959,0,1,54671000,29727000,NA,NA,20,20,5562,NA,NA,155836000,NA,NA,17.81684396227148,17.207566281709145,NA,8.62371303479391,2.995732273553991,NA,NA,NA,NA,NA,NA,NA,NA,NA,NA,NA,NA
386,manufacture of aircraft,1960,0,1,65324727,28138752,43683203,122946213,20,20,6363,4804,28035827,166629416,NA,NA,17.99488119025774,17.15265825898687,17.148993785945564,8.758255243232792,2.995732273553991,8.477204183199873,17.59247421546708,18.627257525013437,0.7378421886805389,0.17803722798625898,-0.05490802272227313,0,NA,NA,0.13454220843888187,NA,NA
386,manufacture of aircraft,1961,0,1,60510280,28312953,45177867,133935347,21,21,5826,4283,23128726,179112214,NA,NA,17.918323825922123,17.15882996107953,16.956585952707957,8.67008593751938,3.044522437723423,8.36240897761537,17.626117856734272,18.71286775640718,0.747769212605386,-0.076557364335617,0.006171702092657938,0.04879016416943216,-0.11479520558450318,-0.19240783323760624,-0.08816930571341253,0.033643641267190105,0.08561023139374413
386,manufacture of aircraft,1962,0,1,92047316,41814850,46379460,170982156,21,21,6568,4591,21118164,217361616,NA,NA,18.337813307151986,17.548762097561866,16.865644081205364,8.789964651132264,3.044522437723423,8.431853144249223,17.652367246774332,18.957069758144808,0.786625344191405,0.4194894812298635,0.3899321364823365,0,0.06944416663385233,-0.09094187150259359,0.11987871361288427,0.02624939004006066,0.24420200173762652
386,manufacture of aircraft,1963,0,1,60598612,31897374,41785784,190124828,23,21,5126,3634,19750615,232458612,NA,NA,17.919782546486807,17.278034244617402,16.798695188067096,8.542080906924017,3.1354942159291497,8.198089248956116,17.548066743955548,19.06319140387534,0.8198194397417226,-0.41803076066517875,-0.27072785294446433,0.09097177820572666,-0.23376389529310693,-0.06694889313826735,-0.24788374420824688,-0.10430050281878422,0.10612164573053207
386,manufacture of aircraft,1964,0,1,89843038,45500093,58529617,251737285,23,21,6141,4708,30744760,310266902,NA,NA,18.31357468349503,17.633224927875133,17.241230131191898,8.722742874329398,3.1354942159291497,8.457018468380168,17.885043457593166,19.343896581832634,0.8113572004531763,0.3937921370082229,0.3551906832577316,0,0.25892921942405245,0.44253494312480157,0.18066196740538132,0.3369767136376183,0.28070517795729444
386,manufacture of aircraft,1965,0,1,135287522,66721427,80941508,301785930,25,24,10135,6919,51116771,382727438,NA,NA,18.722912864202176,18.016036703675734,17.74962320093683,9.2237500588861,3.2188758248682006,8.842026529498812,18.20923732832319,19.525228482932935,0.7885139659101211,0.4093381807071452,0.3828117758006009,0.08338160893905089,0.3850080611186435,0.5083930697449333,0.5010071845567019,0.32419387073002426,0.18133190110030029
39,petroleum refining,1951,0,0,78648000,45776000,6859000,13073000,1,1,1600,1400,30854000,NA,2530000,4271000,18.180492758028898,17.63927049427203,17.24477695955402,7.3777589082278725,0,7.24422751560335,15.741072216481458,16.386059592543997,0.6558799919727072,NA,NA,NA,NA,NA,NA,NA,NA
39,petroleum refining,1952,0,0,72365000,45177000,6693000,8560000,4,3,1904,1676,27188000,NA,2502000,5471000,18.097233315053842,17.626098665737064,17.118286257448666,7.55171221535131,1.3862943611198906,7.424165281042028,15.716572762082778,15.962610748117925,0.5612010751983216,-0.08325944297505572,-0.013171828534964902,1.3862943611198906,0.17993776543867845,-0.12649070210535385,0.17395330712343782,-0.024499454398679177,-0.42344884442607267
39,petroleum refining,1953,0,0,71794000,39302000,8473000,5625000,4,4,1900,1600,32492000,NA,2943000,6051000,18.089311465067055,17.48678596612985,17.29650446315298,7.549609165154532,1.3862943611198906,7.3777589082278725,15.952395195180602,15.542731506054757,0.3989927649311959,-0.007921849986786356,-0.13931269960721337,0,-0.046406372814155716,0.17821820570431512,-0.0021030501967782556,0.23582243309782314,-0.4198792420631676
39,petroleum refining,1954,0,0,NA,NA,NA,NA,NA,NA,NA,NA,NA,NA,NA,NA,NA,NA,NA,NA,NA,NA,NA,NA,NA,NA,NA,NA,NA,NA,NA,NA,NA
39,petroleum refining,1955,0,0,NA,NA,NA,NA,NA,NA,NA,NA,NA,NA,NA,NA,NA,NA,NA,NA,NA,NA,NA,NA,NA,NA,NA,NA,NA,NA,NA,NA,NA
39,petroleum refining,1956,0,0,NA,NA,NA,NA,NA,NA,NA,NA,NA,NA,NA,NA,NA,NA,NA,NA,NA,NA,NA,NA,NA,NA,NA,NA,NA,NA,NA,NA,NA
39,petroleum refining,1957,0,1,338000000,96900000,81400000,NA,26,12,3400,2900,212400000,80600000,NA,NA,19.638556453447293,18.389190076860995,19.17398184733206,8.131530710604252,3.258096538021482,7.9724660159745655,18.21488583097277,NA,NA,NA,NA,NA,NA,NA,NA,NA,NA
39,petroleum refining,1958,0,1,339322000,97734000,371661000,103075000,8,6,2700,2100,202564000,474736000,NA,NA,19.64246006702766,18.397760060567798,19.1265664439605,7.90100705199242,2.0794415416798357,7.649692623711514,19.73349270643738,18.45096743655724,0.2171206733847865,0.003903613580366283,0.00856998370680273,-1.1786549963416464,-0.32277339226305113,-0.04741540337155925,-0.23052365861183244,1.518606875464613,NA
39,petroleum refining,1959,0,1,NA,NA,NA,NA,NA,NA,NA,NA,NA,NA,NA,NA,NA,NA,NA,NA,NA,NA,NA,NA,NA,NA,NA,NA,NA,NA,NA,NA,NA
39,petroleum refining,1960,0,1,NA,NA,NA,NA,NA,NA,NA,NA,NA,NA,NA,NA,NA,NA,NA,NA,NA,NA,NA,NA,NA,NA,NA,NA,NA,NA,NA,NA,NA
39,petroleum refining,1961,0,1,NA,NA,NA,NA,NA,NA,NA,NA,NA,NA,NA,NA,NA,NA,NA,NA,NA,NA,NA,NA,NA,NA,NA,NA,NA,NA,NA,NA,NA
39,petroleum refining,1962,0,1,NA,NA,NA,NA,NA,NA,NA,NA,NA,NA,NA,NA,NA,NA,NA,NA,NA,NA,NA,NA,NA,NA,NA,NA,NA,NA,NA,NA,NA
39,petroleum refining,1963,0,1,NA,NA,NA,NA,NA,NA,NA,NA,NA,NA,NA,NA,NA,NA,NA,NA,NA,NA,NA,NA,NA,NA,NA,NA,NA,NA,NA,NA,NA
39,petroleum refining,1964,0,1,NA,NA,NA,NA,NA,NA,NA,NA,NA,NA,NA,NA,NA,NA,NA,NA,NA,NA,NA,NA,NA,NA,NA,NA,NA,NA,NA,NA,NA
39,petroleum refining,1965,0,1,NA,NA,NA,NA,NA,NA,NA,NA,NA,NA,NA,NA,NA,NA,NA,NA,NA,NA,NA,NA,NA,NA,NA,NA,NA,NA,NA,NA,NA
4,fruits and vegetables processing,1951,0,0,15802000,6009000,7599000,6172000,26,11,1500,1200,9768000,NA,856000,1389000,16.575647072264815,15.608768903316065,16.094622294772677,7.313220387090301,3.258096538021482,7.090076835776092,15.843527217651921,15.63553349246519,0.4481882216251543,NA,NA,NA,NA,NA,NA,NA,NA
4,fruits and vegetables processing,1952,0,0,10404000,3885000,13592000,8081999.999999999,28,8,2454,2115,6213000,NA,779000,1395000,16.15770090555068,15.172633541783885,15.642154429045831,7.805474625270857,3.332204510175204,7.656810091480378,16.424991942333904,15.905149924620556,0.3728891759712097,-0.41794616671413465,-0.43613536153218035,0.07410797215372167,0.5667332557042863,-0.4524678657268453,0.49225423818055525,0.5814647246819824,0.2696164321553667
4,fruits and vegetables processing,1953,0,0,7773999.999999998,2846000,13102000,7593000.000000001,31,10,2600,2200,4878000,NA,664000,1419000,15.866295390394304,14.861425057631935,15.400245857758003,7.8632667240095735,3.4339872044851463,7.696212639346407,16.38827544827396,15.842737328195371,0.36690021744382706,-0.29140551515637547,-0.31120848415194935,0.10178269430994247,0.039402547866028925,-0.24190857128782817,0.057792098738716824,-0.03671649405994515,-0.06241259642518493
4,fruits and vegetables processing,1954,0,0,NA,NA,NA,NA,NA,NA,NA,NA,NA,NA,NA,NA,NA,NA,NA,NA,NA,NA,NA,NA,NA,NA,NA,NA,NA,NA,NA,NA,NA
4,fruits and vegetables processing,1955,0,0,NA,NA,NA,NA,NA,NA,NA,NA,NA,NA,NA,NA,NA,NA,NA,NA,NA,NA,NA,NA,NA,NA,NA,NA,NA,NA,NA,NA,NA
4,fruits and vegetables processing,1956,0,0,NA,NA,NA,NA,NA,NA,NA,NA,NA,NA,NA,NA,NA,NA,NA,NA,NA,NA,NA,NA,NA,NA,NA,NA,NA,NA,NA,NA,NA
4,fruits and vegetables processing,1957,0,1,21900000,4900000,6900000,4000000,42,9,2400,2000,15800000,10900000,NA,NA,16.90199719478673,15.404745763080856,16.575520497997196,7.783224016336037,3.7376696182833684,7.600902459542082,15.747031969567487,15.201804919084164,0.3669724770642202,NA,NA,NA,NA,NA,NA,NA,NA
4,fruits and vegetables processing,1958,0,1,14091000,3693000,4551000,1341000,43,25,1800,1500,9751000,5892000,NA,NA,16.461046853677242,15.1219496938347,16.092880401817258,7.495541943884256,3.7612001156935624,7.313220387090301,15.330857546998779,14.108926162263815,0.22759674134419552,-0.44095034110948816,-0.28279606924615486,0.023530497410193973,-0.2876820724517808,-0.48264009617993864,-0.2876820724517808,-0.41617442256870874,-1.0928787568203493
4,fruits and vegetables processing,1959,0,1,NA,NA,NA,NA,NA,NA,NA,NA,NA,NA,NA,NA,NA,NA,NA,NA,NA,NA,NA,NA,NA,NA,NA,NA,NA,NA,NA,NA,NA
4,fruits and vegetables processing,1960,0,1,NA,NA,NA,NA,NA,NA,NA,NA,NA,NA,NA,NA,NA,NA,NA,NA,NA,NA,NA,NA,NA,NA,NA,NA,NA,NA,NA,NA,NA
4,fruits and vegetables processing,1961,0,1,NA,NA,NA,NA,NA,NA,NA,NA,NA,NA,NA,NA,NA,NA,NA,NA,NA,NA,NA,NA,NA,NA,NA,NA,NA,NA,NA,NA,NA
4,fruits and vegetables processing,1962,0,1,NA,NA,NA,NA,NA,NA,NA,NA,NA,NA,NA,NA,NA,NA,NA,NA,NA,NA,NA,NA,NA,NA,NA,NA,NA,NA,NA,NA,NA
4,fruits and vegetables processing,1963,0,1,NA,NA,NA,NA,NA,NA,NA,NA,NA,NA,NA,NA,NA,NA,NA,NA,NA,NA,NA,NA,NA,NA,NA,NA,NA,NA,NA,NA,NA
4,fruits and vegetables processing,1964,0,1,NA,NA,NA,NA,NA,NA,NA,NA,NA,NA,NA,NA,NA,NA,NA,NA,NA,NA,NA,NA,NA,NA,NA,NA,NA,NA,NA,NA,NA
4,fruits and vegetables processing,1965,0,1,NA,NA,NA,NA,NA,NA,NA,NA,NA,NA,NA,NA,NA,NA,NA,NA,NA,NA,NA,NA,NA,NA,NA,NA,NA,NA,NA,NA,NA
40,saw milling,1951,0,0,74195000,30296000,19727000,11438000,578,16,15000,11700,43776000,NA,8843000,12836000,18.122207320422365,17.22652624856377,17.59459627996436,9.615805480084347,6.359573868672378,9.367344120785848,16.797498813726005,16.2524517034574,0.36701427883844057,NA,NA,NA,NA,NA,NA,NA,NA
40,saw milling,1952,0,0,32104000,12584000,18368000,26300000,606,25,13316,10995,19519000,NA,5852000,8265000.000000001,17.28449119092889,16.347936723720252,16.786898908128748,9.496721598694915,6.406879986069314,9.305195902988862,16.72612057810143,17.085079497147994,0.5887883943762873,-0.8377161294934758,-0.878589524843516,0.047306117396936465,-0.062148217796986316,-0.8076973718356122,-0.11908388138943238,-0.07137823562457513,0.8326277936905946
40,saw milling,1953,0,0,41246000,17776000,20958000,12792000,668,31,13500,11600,23468000,NA,6087000,8795000,17.53506469634613,16.69335979086155,16.97114834902789,9.51044496442652,6.504288173536645,9.358760377094455,16.858030993017024,16.364330533495927,0.3790222222222222,0.2505735054172398,0.3454230671412972,0.09740818746733115,0.05356447410559362,0.18424944089914064,0.013723365731605597,0.13191041491559474,-0.720748963652067
40,saw milling,1954,0,0,NA,NA,NA,NA,NA,NA,NA,NA,NA,NA,NA,NA,NA,NA,NA,NA,NA,NA,NA,NA,NA,NA,NA,NA,NA,NA,NA,NA,NA
40,saw milling,1955,0,0,NA,NA,NA,NA,NA,NA,NA,NA,NA,NA,NA,NA,NA,NA,NA,NA,NA,NA,NA,NA,NA,NA,NA,NA,NA,NA,NA,NA,NA
40,saw milling,1956,0,0,NA,NA,NA,NA,NA,NA,NA,NA,NA,NA,NA,NA,NA,NA,NA,NA,NA,NA,NA,NA,NA,NA,NA,NA,NA,NA,NA,NA,NA
40,saw milling,1957,0,1,213500000,50400000,40000000,44000000,896,58,24700,20800,154900000,84000000,NA,NA,19.179147390632952,17.7355017330416,18.858290305387097,10.114558522616068,6.79794041297493,9.94270826568941,17.50439001207821,17.599700191882537,0.5238095238095238,NA,NA,NA,NA,NA,NA,NA,NA
40,saw milling,1958,0,1,78903000,16246000,17271000,15672000,900,63,11900,9600,59700000,32943000,NA,NA,18.183729807906943,16.603357282593038,17.904842578362832,9.38429367909962,6.802394763324311,9.169518377455928,16.664539352326056,16.567386238606513,0.47573080775885623,-0.9954175827260094,-1.1321444504485605,0.004454350349380576,-0.7731898882334818,-0.9534477270242654,-0.7302648435164478,-0.8398506597521553,-1.0323139532760237
40,saw milling,1959,0,1,NA,NA,NA,NA,NA,NA,NA,NA,NA,NA,NA,NA,NA,NA,NA,NA,NA,NA,NA,NA,NA,NA,NA,NA,NA,NA,NA,NA,NA
40,saw milling,1960,0,1,NA,NA,NA,NA,NA,NA,NA,NA,NA,NA,NA,NA,NA,NA,NA,NA,NA,NA,NA,NA,NA,NA,NA,NA,NA,NA,NA,NA,NA
40,saw milling,1961,0,1,NA,NA,NA,NA,NA,NA,NA,NA,NA,NA,NA,NA,NA,NA,NA,NA,NA,NA,NA,NA,NA,NA,NA,NA,NA,NA,NA,NA,NA
40,saw milling,1962,0,1,NA,NA,NA,NA,NA,NA,NA,NA,NA,NA,NA,NA,NA,NA,NA,NA,NA,NA,NA,NA,NA,NA,NA,NA,NA,NA,NA,NA,NA
40,saw milling,1963,0,1,NA,NA,NA,NA,NA,NA,NA,NA,NA,NA,NA,NA,NA,NA,NA,NA,NA,NA,NA,NA,NA,NA,NA,NA,NA,NA,NA,NA,NA
40,saw milling,1964,0,1,NA,NA,NA,NA,NA,NA,NA,NA,NA,NA,NA,NA,NA,NA,NA,NA,NA,NA,NA,NA,NA,NA,NA,NA,NA,NA,NA,NA,NA
40,saw milling,1965,0,1,NA,NA,NA,NA,NA,NA,NA,NA,NA,NA,NA,NA,NA,NA,NA,NA,NA,NA,NA,NA,NA,NA,NA,NA,NA,NA,NA,NA,NA
41,woodware (including furniture),1951,0,0,16854000,6960000,11226000,5063000,185,16,5300,4500,9486000,NA,4091000,5120000,16.640098575314436,15.755690032310602,16.065327585419663,8.575462099540212,5.220355825078324,8.411832675758411,16.23374307448428,15.437469750952046,0.31082325495733315,NA,NA,NA,NA,NA,NA,NA,NA
41,woodware (including furniture),1952,0,0,16699000,6578000,17154000,7353000,122,16,4802,4087,10121000,NA,2661000,4142000,16.63085939535457,15.699241305731139,16.13012303117104,8.4767877767812,4.804021044733257,8.315566483564277,16.657741940532503,15.810618951178359,0.3000367242012486,-0.009239179959866561,-0.05644872657946287,-0.41633478034506766,-0.09626619219413435,0.06479544575137552,-0.09867432275901322,0.42399886604822257,0.3731492002263135
41,woodware (including furniture),1953,0,0,27541000,14337000,21379000,8606000,132,21,6900,5900,13127000,NA,5600000,7150000,17.131186361426185,16.478354166228407,16.390181735785543,8.83927669058535,4.882801922586371,8.68270762989381,16.877919689782544,15.967970192380681,0.28701017175254295,0.500326966071615,0.7791128604972677,0.07878087785311383,0.36714114632953354,0.2600587046145044,0.3624889138041514,0.2201777492500412,0.15735124120232236
41,woodware (including furniture),1954,0,0,NA,NA,NA,NA,NA,NA,NA,NA,NA,NA,NA,NA,NA,NA,NA,NA,NA,NA,NA,NA,NA,NA,NA,NA,NA,NA,NA,NA,NA
41,woodware (including furniture),1955,0,0,NA,NA,NA,NA,NA,NA,NA,NA,NA,NA,NA,NA,NA,NA,NA,NA,NA,NA,NA,NA,NA,NA,NA,NA,NA,NA,NA,NA,NA
41,woodware (including furniture),1956,0,0,NA,NA,NA,NA,NA,NA,NA,NA,NA,NA,NA,NA,NA,NA,NA,NA,NA,NA,NA,NA,NA,NA,NA,NA,NA,NA,NA,NA,NA
41,woodware (including furniture),1957,0,1,65800000,28300000,10700000,12600000,196,29,12300,10100,33900000,23300000,NA,NA,18.002130396295545,17.158372362613466,17.33892557235068,9.417354541360508,5.278114659230517,9.22029070282935,16.185754299432134,16.349207371921707,0.5407725321888412,NA,NA,NA,NA,NA,NA,NA,NA
41,woodware (including furniture),1958,0,1,41424000,15280000,9272000,18669000,194,42,7700,6300,23541000,27941000,NA,NA,17.539370980973455,16.54205534170265,16.97425413977772,8.948975607841776,5.267858159063328,8.748304912379623,16.042509664001724,16.742374952219464,0.6681579041551842,-0.46275941532208975,-0.6163170209108166,-0.010256500167188598,-0.4719857904497271,-0.3646714325729583,-0.46837893351873205,-0.14324463543040977,0.39316758029775656
41,woodware (including furniture),1959,0,1,NA,NA,NA,NA,NA,NA,NA,NA,NA,NA,NA,NA,NA,NA,NA,NA,NA,NA,NA,NA,NA,NA,NA,NA,NA,NA,NA,NA,NA
41,woodware (including furniture),1960,0,1,NA,NA,NA,NA,NA,NA,NA,NA,NA,NA,NA,NA,NA,NA,NA,NA,NA,NA,NA,NA,NA,NA,NA,NA,NA,NA,NA,NA,NA
41,woodware (including furniture),1961,0,1,NA,NA,NA,NA,NA,NA,NA,NA,NA,NA,NA,NA,NA,NA,NA,NA,NA,NA,NA,NA,NA,NA,NA,NA,NA,NA,NA,NA,NA
41,woodware (including furniture),1962,0,1,NA,NA,NA,NA,NA,NA,NA,NA,NA,NA,NA,NA,NA,NA,NA,NA,NA,NA,NA,NA,NA,NA,NA,NA,NA,NA,NA,NA,NA
41,woodware (including furniture),1963,0,1,NA,NA,NA,NA,NA,NA,NA,NA,NA,NA,NA,NA,NA,NA,NA,NA,NA,NA,NA,NA,NA,NA,NA,NA,NA,NA,NA,NA,NA
41,woodware (including furniture),1964,0,1,NA,NA,NA,NA,NA,NA,NA,NA,NA,NA,NA,NA,NA,NA,NA,NA,NA,NA,NA,NA,NA,NA,NA,NA,NA,NA,NA,NA,NA
41,woodware (including furniture),1965,0,1,NA,NA,NA,NA,NA,NA,NA,NA,NA,NA,NA,NA,NA,NA,NA,NA,NA,NA,NA,NA,NA,NA,NA,NA,NA,NA,NA,NA,NA
42,tea manufacturing,1951,0,0,1203430000,269832000,496715000,362882000,1198,120,119900,100300,933498000.0000001,NA,38954000,82465000,20.908441649806587,19.41331010107984,20.6544493784692,11.694413341015606,7.088408778675395,11.515920973950028,20.02352697893707,19.709588270512263,0.422153637111344,NA,NA,NA,NA,NA,NA,NA,NA
42,tea manufacturing,1952,0,0,1118719000,340576000,716029000,498903000,1204,121,103262,95018,777714000,NA,38886000,77219000,20.835450117672217,19.646148859822908,20.47186940530332,11.545024726830228,7.093404625868766,11.461821626319017,20.389231226898,20.02792224604229,0.41064273556050873,-0.07299153213437037,0.2328387587430676,0.004995847193371539,-0.054099347631010986,-0.18257997316587904,-0.1493886141853782,0.36570424796093093,0.3183339755300274
42,tea manufacturing,1953,0,0,1395016000,631248000,595751000,415891000,1219,126,105600,98200,761855000,NA,40968000,79731000,21.056171721688017,20.263209370231994,20.451266806829814,11.567413650254299,7.105786129481271,11.494761494342557,20.205333352498158,19.845933764661734,0.41110491656139225,0.2207216040158002,0.617060510409086,0.012381503612505007,0.03293986802353999,-0.02060259847350565,0.02238892342407084,-0.18389787439984318,-0.18198848138055723
42,tea manufacturing,1954,0,0,NA,NA,NA,NA,NA,NA,NA,NA,NA,NA,NA,NA,NA,NA,NA,NA,NA,NA,NA,NA,NA,NA,NA,NA,NA,NA,NA,NA,NA
42,tea manufacturing,1955,0,0,NA,NA,NA,NA,NA,NA,NA,NA,NA,NA,NA,NA,NA,NA,NA,NA,NA,NA,NA,NA,NA,NA,NA,NA,NA,NA,NA,NA,NA
42,tea manufacturing,1956,0,0,NA,NA,NA,NA,NA,NA,NA,NA,NA,NA,NA,NA,NA,NA,NA,NA,NA,NA,NA,NA,NA,NA,NA,NA,NA,NA,NA,NA,NA
42,tea manufacturing,1957,0,1,1965000000,807600000,538200000,440800000,1204,191,115300,103100,1069400000,979000000,NA,NA,21.398758082267637,20.509577444402957,20.790363580478907,11.65529270625715,7.093404625868766,11.543454670005051,20.103740796257078,19.904101815802978,0.45025536261491317,NA,NA,NA,NA,NA,NA,NA,NA
42,tea manufacturing,1958,0,1,1713561000,580844000,623433000,524573000,1207,354,116980,102862,1009508000,1148006000,NA,NA,21.261839498295124,20.17999277618116,20.732728920400973,11.669758258997017,7.095893221097532,11.541143563044212,20.250751859411395,20.078095156287556,0.4569427337487783,-0.13691858397251266,-0.32958466822179844,0.0024885952287654334,-0.0023111069608390267,-0.05763466007793383,0.014465552739867604,0.14701106315431645,0.1739933404845786
42,tea manufacturing,1959,0,1,NA,NA,NA,NA,NA,NA,NA,NA,NA,NA,NA,NA,NA,NA,NA,NA,NA,NA,NA,NA,NA,NA,NA,NA,NA,NA,NA,NA,NA
42,tea manufacturing,1960,0,1,NA,NA,NA,NA,NA,NA,NA,NA,NA,NA,NA,NA,NA,NA,NA,NA,NA,NA,NA,NA,NA,NA,NA,NA,NA,NA,NA,NA,NA
42,tea manufacturing,1961,0,1,NA,NA,NA,NA,NA,NA,NA,NA,NA,NA,NA,NA,NA,NA,NA,NA,NA,NA,NA,NA,NA,NA,NA,NA,NA,NA,NA,NA,NA
42,tea manufacturing,1962,0,1,NA,NA,NA,NA,NA,NA,NA,NA,NA,NA,NA,NA,NA,NA,NA,NA,NA,NA,NA,NA,NA,NA,NA,NA,NA,NA,NA,NA,NA
42,tea manufacturing,1963,0,1,NA,NA,NA,NA,NA,NA,NA,NA,NA,NA,NA,NA,NA,NA,NA,NA,NA,NA,NA,NA,NA,NA,NA,NA,NA,NA,NA,NA,NA
42,tea manufacturing,1964,0,1,NA,NA,NA,NA,NA,NA,NA,NA,NA,NA,NA,NA,NA,NA,NA,NA,NA,NA,NA,NA,NA,NA,NA,NA,NA,NA,NA,NA,NA
42,tea manufacturing,1965,0,1,NA,NA,NA,NA,NA,NA,NA,NA,NA,NA,NA,NA,NA,NA,NA,NA,NA,NA,NA,NA,NA,NA,NA,NA,NA,NA,NA,NA,NA
43,tobacco products,1951,0,0,818015000,146202000,82903000,194469000,2190,142,143400,130600,605328000.0000001,NA,56137000,71230000,20.522391231807205,18.800499785076944,20.221281017845904,11.873393207147657,7.691656822810547,11.779894495824468,18.233181807629276,19.08578332528653,0.7011125852645544,NA,NA,NA,NA,NA,NA,NA,NA
43,tobacco products,1952,0,0,418526000,78759000,66633000,118458000,94,51,30501,27790,333510000,NA,21742000,32968000,19.852249572606794,18.181903114854187,19.62518340787791,10.32551474894327,4.543294782270004,10.23243152273655,18.014710508288754,18.590069025334422,0.639998703340519,-0.6701416592004108,-0.6185966702227574,-3.148362040540543,-1.547462973087919,-0.5960976099679947,-1.5478784582043872,-0.21847129934052134,-0.4957142999521089
43,tobacco products,1953,0,0,401410000,103011000,48146000,124069000,93,58,28200,25500,298276000,NA,23071000,34161000,19.810493906821375,18.450346336608117,19.513529790331365,10.247077256926206,4.532599493153256,10.146433731146518,17.68974861902966,18.636348420420425,0.7204308567778649,-0.04175566578541989,0.2684432217539303,-0.010695289116747553,-0.08599779159003162,-0.11165361754654413,-0.07843749201706451,-0.3249618892590931,0.046279395086003206
43,tobacco products,1954,0,0,NA,NA,NA,NA,NA,NA,NA,NA,NA,NA,NA,NA,NA,NA,NA,NA,NA,NA,NA,NA,NA,NA,NA,NA,NA,NA,NA,NA,NA
43,tobacco products,1955,0,0,NA,NA,NA,NA,NA,NA,NA,NA,NA,NA,NA,NA,NA,NA,NA,NA,NA,NA,NA,NA,NA,NA,NA,NA,NA,NA,NA,NA,NA
43,tobacco products,1956,0,0,NA,NA,NA,NA,NA,NA,NA,NA,NA,NA,NA,NA,NA,NA,NA,NA,NA,NA,NA,NA,NA,NA,NA,NA,NA,NA,NA,NA,NA
43,tobacco products,1957,0,1,1007253000,231585000,78919000,212169000,2746,265,206200,193500,579584000,291088000,NA,NA,20.730492660437847,19.260457534726275,20.177821162784774,12.236601850564996,7.917900586327916,12.173032791451973,18.18393256797911,19.172893684876513,0.7288826746550872,NA,NA,NA,NA,NA,NA,NA,NA
43,tobacco products,1958,0,1,1247795000,348390000,78664000,218912000,2745,255,188134,170623,710304000,297576000,NA,NA,20.94464383058052,19.66883309989005,20.381203605375525,12.144909753872517,7.917536353943631,12.047211723240942,18.18069617544213,19.204180380542862,0.7356507245207947,0.21415117014267437,0.4083755651637766,-3.6423238428540117e-4,-0.12582106821103167,0.2033824425907511,-0.09169209669247991,-0.0032363925369800484,0.03128669566634912
43,tobacco products,1959,0,1,NA,NA,NA,NA,NA,NA,NA,NA,NA,NA,NA,NA,NA,NA,NA,NA,NA,NA,NA,NA,NA,NA,NA,NA,NA,NA,NA,NA,NA
43,tobacco products,1960,0,1,NA,NA,NA,NA,NA,NA,NA,NA,NA,NA,NA,NA,NA,NA,NA,NA,NA,NA,NA,NA,NA,NA,NA,NA,NA,NA,NA,NA,NA
43,tobacco products,1961,0,1,NA,NA,NA,NA,NA,NA,NA,NA,NA,NA,NA,NA,NA,NA,NA,NA,NA,NA,NA,NA,NA,NA,NA,NA,NA,NA,NA,NA,NA
43,tobacco products,1962,0,1,NA,NA,NA,NA,NA,NA,NA,NA,NA,NA,NA,NA,NA,NA,NA,NA,NA,NA,NA,NA,NA,NA,NA,NA,NA,NA,NA,NA,NA
43,tobacco products,1963,0,1,NA,NA,NA,NA,NA,NA,NA,NA,NA,NA,NA,NA,NA,NA,NA,NA,NA,NA,NA,NA,NA,NA,NA,NA,NA,NA,NA,NA,NA
43,tobacco products,1964,0,1,NA,NA,NA,NA,NA,NA,NA,NA,NA,NA,NA,NA,NA,NA,NA,NA,NA,NA,NA,NA,NA,NA,NA,NA,NA,NA,NA,NA,NA
43,tobacco products,1965,0,1,NA,NA,NA,NA,NA,NA,NA,NA,NA,NA,NA,NA,NA,NA,NA,NA,NA,NA,NA,NA,NA,NA,NA,NA,NA,NA,NA,NA,NA
44,groundnut decorticating etc.,1951,0,0,337826000,42775000,50240000,18155000,673,77,76300,71800,294961000,NA,15802000,18722000,19.638041527996528,17.571464377742533,19.502353702174624,11.242428217272549,6.511745329644728,11.181639755036315,17.732322080124217,16.714456562830573,0.2654433803640617,NA,NA,NA,NA,NA,NA,NA,NA
44,groundnut decorticating etc.,1952,0,0,168075000,21029000,24255000,89198000,424,36,21192,18621,146935000,NA,6313000,9196000,18.939920866319376,16.86141299543084,18.805500870083243,9.961379030951905,6.049733455231958,9.832045255081763,17.004133339661454,18.306369175774208,0.7862110301181987,-0.6981206616771516,-0.7100513823116934,-0.46201187441277014,-1.3495944999545522,-0.6968528320913805,-1.2810491863206437,-0.7281887404627625,1.5919126129436343
44,groundnut decorticating etc.,1953,0,0,290380000,11509000,21173000,29263000,438,44,15500,14000,278793000,NA,5543000,8333000,19.486700968019814,16.25863989595063,19.445980128931424,9.648595302907339,6.082218910376446,9.546812608597396,16.868237343038075,17.191834477350405,0.58020065032913,0.5467801017004383,-0.6027730994802099,0.03248545514448864,-0.2852326464843671,0.6404792588481811,-0.31278372804456644,-0.13589599662337903,-1.1145346984238031
44,groundnut decorticating etc.,1954,0,0,NA,NA,NA,NA,NA,NA,NA,NA,NA,NA,NA,NA,NA,NA,NA,NA,NA,NA,NA,NA,NA,NA,NA,NA,NA,NA,NA,NA,NA
44,groundnut decorticating etc.,1955,0,0,NA,NA,NA,NA,NA,NA,NA,NA,NA,NA,NA,NA,NA,NA,NA,NA,NA,NA,NA,NA,NA,NA,NA,NA,NA,NA,NA,NA,NA
44,groundnut decorticating etc.,1956,0,0,NA,NA,NA,NA,NA,NA,NA,NA,NA,NA,NA,NA,NA,NA,NA,NA,NA,NA,NA,NA,NA,NA,NA,NA,NA,NA,NA,NA,NA
44,groundnut decorticating etc.,1957,0,1,441800000,71869000,17179000,26790000,822,144,90800,87000,361710000,43969000,NA,NA,19.906367848950293,18.090355575336414,19.706353343761602,11.416414564589385,6.71174039505618,11.37366339763672,16.659198265608584,17.103539241520792,0.609292910914508,NA,NA,NA,NA,NA,NA,NA,NA
44,groundnut decorticating etc.,1958,0,1,547887000,98539000,15676000,35634000,822,115,78451,68589,434952000,51310000,NA,NA,20.12157961926968,18.405962966865417,19.890746238136934,11.27022950505253,6.71174039505618,11.135887451002336,16.56764143830166,17.388810796226053,0.6944845059442604,0.21521177031938876,0.31560739152900297,0,-0.23777594663438428,0.1843928943753319,-0.14618505953685457,-0.09155682730692405,0.2852715547052611
44,groundnut decorticating etc.,1959,0,1,NA,NA,NA,NA,NA,NA,NA,NA,NA,NA,NA,NA,NA,NA,NA,NA,NA,NA,NA,NA,NA,NA,NA,NA,NA,NA,NA,NA,NA
44,groundnut decorticating etc.,1960,0,1,NA,NA,NA,NA,NA,NA,NA,NA,NA,NA,NA,NA,NA,NA,NA,NA,NA,NA,NA,NA,NA,NA,NA,NA,NA,NA,NA,NA,NA
44,groundnut decorticating etc.,1961,0,1,NA,NA,NA,NA,NA,NA,NA,NA,NA,NA,NA,NA,NA,NA,NA,NA,NA,NA,NA,NA,NA,NA,NA,NA,NA,NA,NA,NA,NA
44,groundnut decorticating etc.,1962,0,1,NA,NA,NA,NA,NA,NA,NA,NA,NA,NA,NA,NA,NA,NA,NA,NA,NA,NA,NA,NA,NA,NA,NA,NA,NA,NA,NA,NA,NA
44,groundnut decorticating etc.,1963,0,1,NA,NA,NA,NA,NA,NA,NA,NA,NA,NA,NA,NA,NA,NA,NA,NA,NA,NA,NA,NA,NA,NA,NA,NA,NA,NA,NA,NA,NA
44,groundnut decorticating etc.,1964,0,1,NA,NA,NA,NA,NA,NA,NA,NA,NA,NA,NA,NA,NA,NA,NA,NA,NA,NA,NA,NA,NA,NA,NA,NA,NA,NA,NA,NA,NA
44,groundnut decorticating etc.,1965,0,1,NA,NA,NA,NA,NA,NA,NA,NA,NA,NA,NA,NA,NA,NA,NA,NA,NA,NA,NA,NA,NA,NA,NA,NA,NA,NA,NA,NA,NA
45,printing and bookbinding etc.,1951,0,0,314468000,162658000,233744000,125076000,1591,59,80100,69100,142513000,NA,75111000,102831000,19.56639288012038,18.907160395041426,18.774943781582127,11.291031133056451,7.372118028337787,11.143310009755762,19.269737057354433,18.64443211050946,0.3485758876316816,NA,NA,NA,NA,NA,NA,NA,NA
45,printing and bookbinding etc.,1952,0,0,335248000,162787000,185873000,170456000,1586,70,85179,68918,165098000,NA,75064000,110854000,19.630381114411026,18.907953155764474,18.922049794946602,11.352510203563257,7.368970402194793,11.140672671068161,19.040574202767406,18.95398775686734,0.4783669024974111,0.06398823429064748,7.927607230477918e-4,-0.003147626142993687,-0.002637338687600632,0.14710601336447482,0.06147907050680601,-0.22916285458702745,0.3095556463578788
45,printing and bookbinding etc.,1953,0,0,321951000,157607000,160144000,140016000,1600,79,84600,68400,159413000,NA,74934000,111883000,19.589909918016016,18.875615150645334,18.88700887682927,11.345689545594315,7.3777589082278725,11.133128103610641,18.891583968440937,18.75726725975775,0.46647121535181235,-0.04047119639501062,-0.03233800511913998,0.008788506033079457,-0.0075445674575203014,-0.0350409181173319,-0.006820657968942712,-0.14899023432646885,-0.19672049710958817
45,printing and bookbinding etc.,1954,0,0,NA,NA,NA,NA,NA,NA,NA,NA,NA,NA,NA,NA,NA,NA,NA,NA,NA,NA,NA,NA,NA,NA,NA,NA,NA,NA,NA,NA,NA
45,printing and bookbinding etc.,1955,0,0,NA,NA,NA,NA,NA,NA,NA,NA,NA,NA,NA,NA,NA,NA,NA,NA,NA,NA,NA,NA,NA,NA,NA,NA,NA,NA,NA,NA,NA
45,printing and bookbinding etc.,1956,0,0,NA,NA,NA,NA,NA,NA,NA,NA,NA,NA,NA,NA,NA,NA,NA,NA,NA,NA,NA,NA,NA,NA,NA,NA,NA,NA,NA,NA,NA
45,printing and bookbinding etc.,1957,0,1,515768000,220351000,249276000,132645000,2165,150,104500,80600,259871000,381921000,NA,NA,20.061167609936774,19.2107322874766,19.375695912008602,11.556942350387002,7.68017564043659,11.297253928494719,19.334071274304822,18.703186944660082,0.34731004579481095,NA,NA,NA,NA,NA,NA,NA,NA
45,printing and bookbinding etc.,1958,0,1,520495000,229284000,205189000,139226000,2162,232,98699,77204,250082000,344415000,NA,NA,20.070290839825223,19.250471967809613,19.33729942204628,11.499830093657987,7.6787889981991535,11.254206548142099,19.139442063586205,18.751609070032277,0.4042390720497075,0.009123229888448492,0.039739680333013894,-0.001386642237436675,-0.043047380352620124,-0.0383964899623237,-0.05711225672901499,-0.19462921071861672,0.04842212537219481
45,printing and bookbinding etc.,1959,0,1,NA,NA,NA,NA,NA,NA,NA,NA,NA,NA,NA,NA,NA,NA,NA,NA,NA,NA,NA,NA,NA,NA,NA,NA,NA,NA,NA,NA,NA
45,printing and bookbinding etc.,1960,0,1,NA,NA,NA,NA,NA,NA,NA,NA,NA,NA,NA,NA,NA,NA,NA,NA,NA,NA,NA,NA,NA,NA,NA,NA,NA,NA,NA,NA,NA
45,printing and bookbinding etc.,1961,0,1,NA,NA,NA,NA,NA,NA,NA,NA,NA,NA,NA,NA,NA,NA,NA,NA,NA,NA,NA,NA,NA,NA,NA,NA,NA,NA,NA,NA,NA
45,printing and bookbinding etc.,1962,0,1,NA,NA,NA,NA,NA,NA,NA,NA,NA,NA,NA,NA,NA,NA,NA,NA,NA,NA,NA,NA,NA,NA,NA,NA,NA,NA,NA,NA,NA
45,printing and bookbinding etc.,1963,0,1,NA,NA,NA,NA,NA,NA,NA,NA,NA,NA,NA,NA,NA,NA,NA,NA,NA,NA,NA,NA,NA,NA,NA,NA,NA,NA,NA,NA,NA
45,printing and bookbinding etc.,1964,0,1,NA,NA,NA,NA,NA,NA,NA,NA,NA,NA,NA,NA,NA,NA,NA,NA,NA,NA,NA,NA,NA,NA,NA,NA,NA,NA,NA,NA,NA
45,printing and bookbinding etc.,1965,0,1,NA,NA,NA,NA,NA,NA,NA,NA,NA,NA,NA,NA,NA,NA,NA,NA,NA,NA,NA,NA,NA,NA,NA,NA,NA,NA,NA,NA,NA
46,webbing narrow fabrics,1951,0,0,32695000,11212000,9834000,8334000,87,7,6700,6300,21472000,NA,4671000,5445000,17.302732718977513,16.232495191266818,16.882260318753545,8.809862805379057,4.465908118654584,8.748304912379623,16.101356326954022,15.935854090964536,0.4587186261558785,NA,NA,NA,NA,NA,NA,NA,NA
46,webbing narrow fabrics,1952,0,0,15774000,4499000,7251000,5439000,83,8,3323,2983,11135000,NA,2436000,3054000,16.573873572940073,15.319365707823309,16.225603858673605,8.108623268354595,4.418840607796598,8.000684784514748,15.79664994835373,15.509105778405099,0.4286052009456265,-0.7288591460374398,-0.9131294834435089,-0.04706751085798544,-0.7476201278648755,-0.6566564600799403,-0.7012395370244615,-0.3047063786002919,-0.4267483125594378
46,webbing narrow fabrics,1953,0,0,27449000,7448999.999999998,9204000,9811000,86,9,16700,15200,19919000,NA,3084000,4208000,17.127840295383734,15.823590353158414,16.807184608057412,9.723163998404846,4.454347296253507,9.629050706834368,16.035148730137394,16.09901476314553,0.5159610833552458,0.5539667224436613,0.5042246453351051,0.035506688456909075,1.6283659223196203,0.5815807493838072,1.6145407300502512,0.23849878178366346,0.5899089847404309
46,webbing narrow fabrics,1954,0,0,NA,NA,NA,NA,NA,NA,NA,NA,NA,NA,NA,NA,NA,NA,NA,NA,NA,NA,NA,NA,NA,NA,NA,NA,NA,NA,NA,NA,NA
46,webbing narrow fabrics,1955,0,0,NA,NA,NA,NA,NA,NA,NA,NA,NA,NA,NA,NA,NA,NA,NA,NA,NA,NA,NA,NA,NA,NA,NA,NA,NA,NA,NA,NA,NA
46,webbing narrow fabrics,1956,0,0,NA,NA,NA,NA,NA,NA,NA,NA,NA,NA,NA,NA,NA,NA,NA,NA,NA,NA,NA,NA,NA,NA,NA,NA,NA,NA,NA,NA,NA
46,webbing narrow fabrics,1957,0,1,43500000,13400000,9800000,5600000,105,22,7100,6300,28200000,15400000,NA,NA,17.588271496058912,16.41076526492114,17.15483253590834,8.867850063029406,4.653960350157523,8.748304912379623,16.0978929436408,15.538277155705378,0.36363636363636365,NA,NA,NA,NA,NA,NA,NA,NA
46,webbing narrow fabrics,1958,0,1,39202000,13816000,7159000,17190000,121,28,6054,5406,23894000,24349000,NA,NA,17.48423832386736,16.44133789880865,16.989137939359306,8.708474489581665,4.795790545596741,8.595264726836392,15.783880864378322,16.659838377359034,0.7059838186373157,-0.10403317219155284,0.030572633887512524,0.14183019543921827,-0.1530401855432313,-0.1656945965490344,-0.15937557344774156,-0.3140120792624792,1.1215612216536552
46,webbing narrow fabrics,1959,0,1,NA,NA,NA,NA,NA,NA,NA,NA,NA,NA,NA,NA,NA,NA,NA,NA,NA,NA,NA,NA,NA,NA,NA,NA,NA,NA,NA,NA,NA
46,webbing narrow fabrics,1960,0,1,NA,NA,NA,NA,NA,NA,NA,NA,NA,NA,NA,NA,NA,NA,NA,NA,NA,NA,NA,NA,NA,NA,NA,NA,NA,NA,NA,NA,NA
46,webbing narrow fabrics,1961,0,1,NA,NA,NA,NA,NA,NA,NA,NA,NA,NA,NA,NA,NA,NA,NA,NA,NA,NA,NA,NA,NA,NA,NA,NA,NA,NA,NA,NA,NA
46,webbing narrow fabrics,1962,0,1,NA,NA,NA,NA,NA,NA,NA,NA,NA,NA,NA,NA,NA,NA,NA,NA,NA,NA,NA,NA,NA,NA,NA,NA,NA,NA,NA,NA,NA
46,webbing narrow fabrics,1963,0,1,NA,NA,NA,NA,NA,NA,NA,NA,NA,NA,NA,NA,NA,NA,NA,NA,NA,NA,NA,NA,NA,NA,NA,NA,NA,NA,NA,NA,NA
46,webbing narrow fabrics,1964,0,1,NA,NA,NA,NA,NA,NA,NA,NA,NA,NA,NA,NA,NA,NA,NA,NA,NA,NA,NA,NA,NA,NA,NA,NA,NA,NA,NA,NA,NA
46,webbing narrow fabrics,1965,0,1,NA,NA,NA,NA,NA,NA,NA,NA,NA,NA,NA,NA,NA,NA,NA,NA,NA,NA,NA,NA,NA,NA,NA,NA,NA,NA,NA,NA,NA
47,hosiery and other knitted goods,1951,0,0,45615000,4410000,24205000,22636000,313,11,8600,7300,40918000,NA,6265000,7870000,17.63574716776171,15.299385247423029,17.527080621997907,9.0595174822416,5.746203190540153,8.895629627136483,17.00206978135593,16.935052117244553,0.48325185200999127,NA,NA,NA,NA,NA,NA,NA,NA
47,hosiery and other knitted goods,1952,0,0,71059000,23644000,16831000,15925000,324,12,9159,8076.000000000001,45791000,NA,6665000.000000001,9134000,18.079021075843443,16.978619940926396,17.639598123224253,9.122492281402987,5.780743515792329,8.996651979432729,16.638732982108305,16.583400759422503,0.48617047258517526,0.44327390808173206,1.6792346935033677,0.034540325252176096,0.1010223522962459,0.11251750122634618,0.06297479916138826,-0.36333679924762663,-0.3516513578220497
47,hosiery and other knitted goods,1953,0,0,83074000,17193000,16526000,17760000,368,18,7500,6200,61698000,NA,6230000,8532000,18.235242334816803,16.660012882201983,17.937762073439384,8.922658299524402,5.908082938168931,8.732304571033183,16.620445456243267,16.692459295528298,0.5179956833693052,0.15622125897336048,-0.31860705872441386,0.12733942237660223,-0.26434740839954607,0.2981639502151303,-0.19983398187858548,-0.01828752586503768,0.10905853610579541
47,hosiery and other knitted goods,1954,0,0,NA,NA,NA,NA,NA,NA,NA,NA,NA,NA,NA,NA,NA,NA,NA,NA,NA,NA,NA,NA,NA,NA,NA,NA,NA,NA,NA,NA,NA
47,hosiery and other knitted goods,1955,0,0,NA,NA,NA,NA,NA,NA,NA,NA,NA,NA,NA,NA,NA,NA,NA,NA,NA,NA,NA,NA,NA,NA,NA,NA,NA,NA,NA,NA,NA
47,hosiery and other knitted goods,1956,0,0,NA,NA,NA,NA,NA,NA,NA,NA,NA,NA,NA,NA,NA,NA,NA,NA,NA,NA,NA,NA,NA,NA,NA,NA,NA,NA,NA,NA,NA
47,hosiery and other knitted goods,1957,0,1,89900000,18400000,13500000,18900000,398,53,11100,9500,65400000,32400000,NA,NA,18.31420849944185,16.727861222579214,17.996032816427427,9.314700387300425,5.986452005284438,9.159047077588632,16.41820024340866,16.75467248002987,0.5833333333333334,NA,NA,NA,NA,NA,NA,NA,NA
47,hosiery and other knitted goods,1958,0,1,102030000,30312000,13430000,35992000,434,53,11916,9433,67015000,49422000,NA,NA,18.440777445651488,17.227054231680572,18.020427032894734,9.385637313833174,6.073044534100405,9.151969458649853,16.41300156849942,17.398807249503147,0.7282586702278337,0.12656894620963755,0.4991930091013579,0.08659252881596746,-0.0070776189387782296,0.024394216467307217,0.07093692653274886,-0.005198674909237866,0.6441347694732755
47,hosiery and other knitted goods,1959,0,1,NA,NA,NA,NA,NA,NA,NA,NA,NA,NA,NA,NA,NA,NA,NA,NA,NA,NA,NA,NA,NA,NA,NA,NA,NA,NA,NA,NA,NA
47,hosiery and other knitted goods,1960,0,1,NA,NA,NA,NA,NA,NA,NA,NA,NA,NA,NA,NA,NA,NA,NA,NA,NA,NA,NA,NA,NA,NA,NA,NA,NA,NA,NA,NA,NA
47,hosiery and other knitted goods,1961,0,1,NA,NA,NA,NA,NA,NA,NA,NA,NA,NA,NA,NA,NA,NA,NA,NA,NA,NA,NA,NA,NA,NA,NA,NA,NA,NA,NA,NA,NA
47,hosiery and other knitted goods,1962,0,1,NA,NA,NA,NA,NA,NA,NA,NA,NA,NA,NA,NA,NA,NA,NA,NA,NA,NA,NA,NA,NA,NA,NA,NA,NA,NA,NA,NA,NA
47,hosiery and other knitted goods,1963,0,1,NA,NA,NA,NA,NA,NA,NA,NA,NA,NA,NA,NA,NA,NA,NA,NA,NA,NA,NA,NA,NA,NA,NA,NA,NA,NA,NA,NA,NA
47,hosiery and other knitted goods,1964,0,1,NA,NA,NA,NA,NA,NA,NA,NA,NA,NA,NA,NA,NA,NA,NA,NA,NA,NA,NA,NA,NA,NA,NA,NA,NA,NA,NA,NA,NA
47,hosiery and other knitted goods,1965,0,1,NA,NA,NA,NA,NA,NA,NA,NA,NA,NA,NA,NA,NA,NA,NA,NA,NA,NA,NA,NA,NA,NA,NA,NA,NA,NA,NA,NA,NA
48,thread and thread ball making,1951,0,0,4429000,899000,844000,3127000,14,5,700,700,3516000,NA,377000,420000,15.303684382905335,13.709038313453757,15.072834537787205,6.551080335043404,2.6390573296152584,6.551080335043404,13.645907773578093,14.955584636439978,0.787459078317804,NA,NA,NA,NA,NA,NA,NA,NA
48,thread and thread ball making,1952,0,0,4380000,171000,6739000,990000,17,3,611.9999999999999,468,4209000,NA,130000,222000,15.292559282352629,12.049418835484797,15.252735647752708,6.416732282512326,2.833213344056216,6.148468295917647,15.723422103928353,13.805460222110773,0.12808901539655843,-0.011125100552705547,-1.6596194779689597,0.19415601444095776,-0.40261203912575727,0.17990110996550257,-0.1343480525310783,2.07751433035026,-1.1501244143292055
48,thread and thread ball making,1953,0,0,4454000,596000,432000,686000,20,5,900,800,3847000,NA,348000,418000,15.30931312679945,13.297995946047488,15.162804181734431,6.802394763324311,2.995732273553991,6.684611727667927,12.976180867226248,13.438632906708023,0.6135957066189625,0.016753844446821375,1.2485771105626906,0.1625189294977747,0.53614343175028,-0.0899314660182764,0.38566248081198484,-2.7472412367021057,-0.36682731540274993
48,thread and thread ball making,1954,0,0,NA,NA,NA,NA,NA,NA,NA,NA,NA,NA,NA,NA,NA,NA,NA,NA,NA,NA,NA,NA,NA,NA,NA,NA,NA,NA,NA,NA,NA
48,thread and thread ball making,1955,0,0,NA,NA,NA,NA,NA,NA,NA,NA,NA,NA,NA,NA,NA,NA,NA,NA,NA,NA,NA,NA,NA,NA,NA,NA,NA,NA,NA,NA,NA
48,thread and thread ball making,1956,0,0,NA,NA,NA,NA,NA,NA,NA,NA,NA,NA,NA,NA,NA,NA,NA,NA,NA,NA,NA,NA,NA,NA,NA,NA,NA,NA,NA,NA,NA
48,thread and thread ball making,1957,0,1,17200000,5200000,17700000,NA,64,10,1800,1500,11600000,14700000,NA,NA,16.660419941783683,15.464169183551656,16.266515656076592,7.495541943884256,4.1588830833596715,7.313220387090301,16.689075197544057,NA,NA,NA,NA,NA,NA,NA,NA,NA,NA
48,thread and thread ball making,1958,0,1,28891000,8807000,18841000,NA,64,9,2000,1600,19433000,16483000,NA,NA,17.17904068589667,15.991057417787596,16.78248320984684,7.600902459542082,4.1588830833596715,7.3777589082278725,16.751545904260137,NA,NA,0.5186207441129866,0.5268882342359404,0,0.06453852113757108,0.515967553770249,0.10536051565782589,0.06247070671608057,NA
48,thread and thread ball making,1959,0,1,NA,NA,NA,NA,NA,NA,NA,NA,NA,NA,NA,NA,NA,NA,NA,NA,NA,NA,NA,NA,NA,NA,NA,NA,NA,NA,NA,NA,NA
48,thread and thread ball making,1960,0,1,NA,NA,NA,NA,NA,NA,NA,NA,NA,NA,NA,NA,NA,NA,NA,NA,NA,NA,NA,NA,NA,NA,NA,NA,NA,NA,NA,NA,NA
48,thread and thread ball making,1961,0,1,NA,NA,NA,NA,NA,NA,NA,NA,NA,NA,NA,NA,NA,NA,NA,NA,NA,NA,NA,NA,NA,NA,NA,NA,NA,NA,NA,NA,NA
48,thread and thread ball making,1962,0,1,NA,NA,NA,NA,NA,NA,NA,NA,NA,NA,NA,NA,NA,NA,NA,NA,NA,NA,NA,NA,NA,NA,NA,NA,NA,NA,NA,NA,NA
48,thread and thread ball making,1963,0,1,NA,NA,NA,NA,NA,NA,NA,NA,NA,NA,NA,NA,NA,NA,NA,NA,NA,NA,NA,NA,NA,NA,NA,NA,NA,NA,NA,NA,NA
48,thread and thread ball making,1964,0,1,NA,NA,NA,NA,NA,NA,NA,NA,NA,NA,NA,NA,NA,NA,NA,NA,NA,NA,NA,NA,NA,NA,NA,NA,NA,NA,NA,NA,NA
48,thread and thread ball making,1965,0,1,NA,NA,NA,NA,NA,NA,NA,NA,NA,NA,NA,NA,NA,NA,NA,NA,NA,NA,NA,NA,NA,NA,NA,NA,NA,NA,NA,NA,NA
49,"textiles dyeing, bleaching etc.",1951,0,0,100179000,50633000,30610000,20653000,233,29,18100,16700,48284000,NA,15912000,18967000,18.422469143811583,17.74011409559775,17.692610800803156,9.803667217253917,5.4510384535657,9.723163998404846,17.236837310921594,16.84337114526979,0.40288317109806293,NA,NA,NA,NA,NA,NA,NA,NA
49,"textiles dyeing, bleaching etc.",1952,0,0,82649000,28655000,29374000,23173000,185,24,12549,11177,53224000,NA,11930000,15934000,18.23011328294456,17.170838505967975,17.790019980403862,9.437396260110308,5.220355825078324,9.321613374385612,17.195620487295944,16.95849836580002,0.44099568005785295,-0.19235586086702128,-0.5692755896297754,-0.23068262848737575,-0.4015506240192348,0.09740917960070661,-0.3662709571436089,-0.04121682362564982,0.11512722053022983
49,"textiles dyeing, bleaching etc.",1953,0,0,104528000,32082000,30122000,14408000,184,34,13900,12500,71038000,NA,12672000,16520000,18.464965536062667,17.283805683158924,18.078725503098728,9.539644119118783,5.214935757608986,9.433483923290392,17.22076635975393,16.48329416583793,0.32355715248147315,0.2348522531181061,0.11296717719094929,-0.005420067469338541,0.11187054890478088,0.2887055226948654,0.10224785900847522,0.02514587245798694,-0.4752041999620893
49,"textiles dyeing, bleaching etc.",1954,0,0,NA,NA,NA,NA,NA,NA,NA,NA,NA,NA,NA,NA,NA,NA,NA,NA,NA,NA,NA,NA,NA,NA,NA,NA,NA,NA,NA,NA,NA
49,"textiles dyeing, bleaching etc.",1955,0,0,NA,NA,NA,NA,NA,NA,NA,NA,NA,NA,NA,NA,NA,NA,NA,NA,NA,NA,NA,NA,NA,NA,NA,NA,NA,NA,NA,NA,NA
49,"textiles dyeing, bleaching etc.",1956,0,0,NA,NA,NA,NA,NA,NA,NA,NA,NA,NA,NA,NA,NA,NA,NA,NA,NA,NA,NA,NA,NA,NA,NA,NA,NA,NA,NA,NA,NA
49,"textiles dyeing, bleaching etc.",1957,0,1,172153000,43967000,26069000,12107000,350,70,22000,19200,118361000,38176000,NA,NA,18.963894174259757,17.598949910491832,18.589249834260862,9.998797732340453,5.857933154483459,9.862665558015873,17.07625742690778,16.30929435568988,0.3171364207879296,NA,NA,NA,NA,NA,NA,NA,NA
49,"textiles dyeing, bleaching etc.",1958,0,1,229388000,60159000,25985000,27258000,294,66,22298,19649,156278000,53243000,NA,NA,19.25092545091642,17.91250161512728,18.867147030526382,10.012252267327517,5.683579767338681,9.885781725417196,17.07303000642468,17.120857613969594,0.5119546231429484,0.2870312766566627,0.31355170463544724,-0.17435338714477755,0.02311616740132294,0.27789719626552056,0.013454534987063838,-0.0032274204830997633,0.8115632582797154
49,"textiles dyeing, bleaching etc.",1959,0,1,NA,NA,NA,NA,NA,NA,NA,NA,NA,NA,NA,NA,NA,NA,NA,NA,NA,NA,NA,NA,NA,NA,NA,NA,NA,NA,NA,NA,NA
49,"textiles dyeing, bleaching etc.",1960,0,1,NA,NA,NA,NA,NA,NA,NA,NA,NA,NA,NA,NA,NA,NA,NA,NA,NA,NA,NA,NA,NA,NA,NA,NA,NA,NA,NA,NA,NA
49,"textiles dyeing, bleaching etc.",1961,0,1,NA,NA,NA,NA,NA,NA,NA,NA,NA,NA,NA,NA,NA,NA,NA,NA,NA,NA,NA,NA,NA,NA,NA,NA,NA,NA,NA,NA,NA
49,"textiles dyeing, bleaching etc.",1962,0,1,NA,NA,NA,NA,NA,NA,NA,NA,NA,NA,NA,NA,NA,NA,NA,NA,NA,NA,NA,NA,NA,NA,NA,NA,NA,NA,NA,NA,NA
49,"textiles dyeing, bleaching etc.",1963,0,1,NA,NA,NA,NA,NA,NA,NA,NA,NA,NA,NA,NA,NA,NA,NA,NA,NA,NA,NA,NA,NA,NA,NA,NA,NA,NA,NA,NA,NA
49,"textiles dyeing, bleaching etc.",1964,0,1,NA,NA,NA,NA,NA,NA,NA,NA,NA,NA,NA,NA,NA,NA,NA,NA,NA,NA,NA,NA,NA,NA,NA,NA,NA,NA,NA,NA,NA
49,"textiles dyeing, bleaching etc.",1965,0,1,NA,NA,NA,NA,NA,NA,NA,NA,NA,NA,NA,NA,NA,NA,NA,NA,NA,NA,NA,NA,NA,NA,NA,NA,NA,NA,NA,NA,NA
5,sugar,1951,0,0,1082612000,329361000,259774000,444644000,564,111,131300,104900,752664000,NA,64872000.00000001,95660000,20.8026424766921,19.612664971612716,20.439129471041124,11.785240060290887,6.335054251498059,11.560762794384388,19.375322580210444,19.912784519959747,0.6312218029635813,NA,NA,NA,NA,NA,NA,NA,NA
5,sugar,1952,0,0,1054537000,265659000,238616000,557514000,644,114,126604,99054,795487999.9999999,NA,56975000,91180000,20.77636764498684,19.397724089451653,20.494466320776045,11.748819383769703,6.467698726104354,11.503420434955924,19.290366123217197,20.13899817309087,0.7002801050079761,-0.02627483170525835,-0.21494088216106277,0.1326444746062947,-0.05734235942846411,0.055336849734921145,-0.03642067652118364,-0.08495645699324683,0.22621365313112207
5,sugar,1953,0,0,744597000,234632000,255219000,415105000,634,118,130000,107100,508775000,NA,56764000,95037000,20.42835369038591,19.273528887268732,20.047516433562887,11.77528972943772,6.452048954437226,11.58151825643584,19.357632558074197,19.844042058241016,0.6192602383325079,-0.34801395460092976,-0.12419520218292135,-0.01564977166712822,0.07809782147991662,-0.4469498872131581,0.026470345668016648,0.06726643485700023,-0.2949561148498532
5,sugar,1954,0,0,NA,NA,NA,NA,NA,NA,NA,NA,NA,NA,NA,NA,NA,NA,NA,NA,NA,NA,NA,NA,NA,NA,NA,NA,NA,NA,NA,NA,NA
5,sugar,1955,0,0,NA,NA,NA,NA,NA,NA,NA,NA,NA,NA,NA,NA,NA,NA,NA,NA,NA,NA,NA,NA,NA,NA,NA,NA,NA,NA,NA,NA,NA
5,sugar,1956,0,0,NA,NA,NA,NA,NA,NA,NA,NA,NA,NA,NA,NA,NA,NA,NA,NA,NA,NA,NA,NA,NA,NA,NA,NA,NA,NA,NA,NA,NA
5,sugar,1957,0,1,1417000000,347200000,488100000,332800000,1067,243,154100,126200,949300000,820900000,NA,NA,21.071807797654955,19.66541154075047,20.671235428852025,11.945357021308206,6.9726062513017535,11.745623229089249,20.006030860857376,19.623052266911326,0.40540869777073946,NA,NA,NA,NA,NA,NA,NA,NA
5,sugar,1958,0,1,1352150000,335300000,470309000,333726000,1066,204,142700,113200,901106000,804035000,NA,NA,21.02496175515861,19.630536211436457,20.619133455711562,11.868499803464928,6.97166860472579,11.63691144475122,19.968900483453414,19.625830854980716,0.4150640208448637,-0.04684604249634461,-0.03487532931401205,-9.376465759638464e-4,-0.10871178433802875,-0.05210197314046283,-0.07685721784327804,-0.037130377403961745,0.002778588069389798
5,sugar,1959,0,1,NA,NA,NA,NA,NA,NA,NA,NA,NA,NA,NA,NA,NA,NA,NA,NA,NA,NA,NA,NA,NA,NA,NA,NA,NA,NA,NA,NA,NA
5,sugar,1960,0,1,NA,NA,NA,NA,NA,NA,NA,NA,NA,NA,NA,NA,NA,NA,NA,NA,NA,NA,NA,NA,NA,NA,NA,NA,NA,NA,NA,NA,NA
5,sugar,1961,0,1,NA,NA,NA,NA,NA,NA,NA,NA,NA,NA,NA,NA,NA,NA,NA,NA,NA,NA,NA,NA,NA,NA,NA,NA,NA,NA,NA,NA,NA
5,sugar,1962,0,1,NA,NA,NA,NA,NA,NA,NA,NA,NA,NA,NA,NA,NA,NA,NA,NA,NA,NA,NA,NA,NA,NA,NA,NA,NA,NA,NA,NA,NA
5,sugar,1963,0,1,NA,NA,NA,NA,NA,NA,NA,NA,NA,NA,NA,NA,NA,NA,NA,NA,NA,NA,NA,NA,NA,NA,NA,NA,NA,NA,NA,NA,NA
5,sugar,1964,0,1,NA,NA,NA,NA,NA,NA,NA,NA,NA,NA,NA,NA,NA,NA,NA,NA,NA,NA,NA,NA,NA,NA,NA,NA,NA,NA,NA,NA,NA
5,sugar,1965,0,1,NA,NA,NA,NA,NA,NA,NA,NA,NA,NA,NA,NA,NA,NA,NA,NA,NA,NA,NA,NA,NA,NA,NA,NA,NA,NA,NA,NA,NA
50,clothing and tailoring,1951,0,0,36705000,15177000,3810000,3024000,53,8,4700,4300,21108000,NA,3313000,4059000,17.41842354352702,16.535291681942184,16.865162673507694,8.45531778769815,3.970291913552122,8.366370301681654,15.153139747102884,14.922091016281561,0.4424934152765584,NA,NA,NA,NA,NA,NA,NA,NA
50,clothing and tailoring,1952,0,0,12685000,1123000,1317000,6083000,28,4,1334,1147,11478000,NA,857000,1600000,16.35593075101552,13.93151423372058,16.255942717650445,7.195937226475569,3.332204510175204,7.044905117129371,14.090866980725417,15.621008553302842,0.822027027027027,-1.0624927925114989,-2.603777448221603,-0.6380874033769182,-1.3214651845522827,-0.6092199558572489,-1.2593805612225806,-1.0622727663774665,0.6989175370212806
50,clothing and tailoring,1953,0,0,15046000,3571000,1438000,6040000,29,4,1700,1400,11312000,NA,1021000,1811000,16.526622733102304,15.088356226576586,16.241374667118492,7.438383530044307,3.367295829986474,7.24422751560335,14.178763817263128,15.613914569910998,0.8077025942765446,0.17069198208678316,1.1568419928560054,0.03509131981127034,0.1993223984739787,-0.014568050531952537,0.2424463035687383,0.08789683653771085,-0.00709398339184375
50,clothing and tailoring,1954,0,0,NA,NA,NA,NA,NA,NA,NA,NA,NA,NA,NA,NA,NA,NA,NA,NA,NA,NA,NA,NA,NA,NA,NA,NA,NA,NA,NA,NA,NA
50,clothing and tailoring,1955,0,0,NA,NA,NA,NA,NA,NA,NA,NA,NA,NA,NA,NA,NA,NA,NA,NA,NA,NA,NA,NA,NA,NA,NA,NA,NA,NA,NA,NA,NA
50,clothing and tailoring,1956,0,0,NA,NA,NA,NA,NA,NA,NA,NA,NA,NA,NA,NA,NA,NA,NA,NA,NA,NA,NA,NA,NA,NA,NA,NA,NA,NA,NA,NA,NA
50,clothing and tailoring,1957,0,1,47975000,11259000,2555000,6287000,110,32,5100,4200,34605000,8842000,NA,NA,17.686190599858037,16.236678366785267,17.3595087382581,8.536995818712418,4.700480365792417,8.34283980427146,14.753562781619943,15.653994567365197,0.7110382266455553,NA,NA,NA,NA,NA,NA,NA,NA
50,clothing and tailoring,1958,0,1,49728000,9174000,2505000,9119000,110,19,7140,5920,38915000,11624000,NA,NA,17.722078712709457,16.031883954139253,17.476890338375625,8.87346805533363,4.700480365792417,8.68609172787805,14.733799292501102,16.025870706915804,0.7844975911906401,0.03588811285142057,-0.20479441264601306,0,0.34325192360659074,0.11738160011752541,0.33647223662121206,-0.019763489118840738,0.37187613955060606
50,clothing and tailoring,1959,0,1,NA,NA,NA,NA,NA,NA,NA,NA,NA,NA,NA,NA,NA,NA,NA,NA,NA,NA,NA,NA,NA,NA,NA,NA,NA,NA,NA,NA,NA
50,clothing and tailoring,1960,0,1,NA,NA,NA,NA,NA,NA,NA,NA,NA,NA,NA,NA,NA,NA,NA,NA,NA,NA,NA,NA,NA,NA,NA,NA,NA,NA,NA,NA,NA
50,clothing and tailoring,1961,0,1,NA,NA,NA,NA,NA,NA,NA,NA,NA,NA,NA,NA,NA,NA,NA,NA,NA,NA,NA,NA,NA,NA,NA,NA,NA,NA,NA,NA,NA
50,clothing and tailoring,1962,0,1,NA,NA,NA,NA,NA,NA,NA,NA,NA,NA,NA,NA,NA,NA,NA,NA,NA,NA,NA,NA,NA,NA,NA,NA,NA,NA,NA,NA,NA
50,clothing and tailoring,1963,0,1,NA,NA,NA,NA,NA,NA,NA,NA,NA,NA,NA,NA,NA,NA,NA,NA,NA,NA,NA,NA,NA,NA,NA,NA,NA,NA,NA,NA,NA
50,clothing and tailoring,1964,0,1,NA,NA,NA,NA,NA,NA,NA,NA,NA,NA,NA,NA,NA,NA,NA,NA,NA,NA,NA,NA,NA,NA,NA,NA,NA,NA,NA,NA,NA
50,clothing and tailoring,1965,0,1,NA,NA,NA,NA,NA,NA,NA,NA,NA,NA,NA,NA,NA,NA,NA,NA,NA,NA,NA,NA,NA,NA,NA,NA,NA,NA,NA,NA,NA
51,cotton ginning and pressing,1951,0,0,508908000,64217999.99999999,172276000,68303000,2305,172,144400,130300,444167999.9999999,NA,15273000,24067000,20.04777781161628,17.97779410319457,19.911713427207832,11.880342505440863,7.742835955430749,11.777594763112937,18.96460839986346,18.039464247441693,0.2839108982912058,NA,NA,NA,NA,NA,NA,NA,NA
51,cotton ginning and pressing,1952,0,0,542264000,116619000,161471000,49961000,2146,173,90762,70784,425185000.0000001,NA,9790000,24895000,20.11126352568744,18.574422768863005,19.868034926293337,11.415995974790254,7.671360923190644,11.167388265441952,18.89983611793951,17.726753259034144,0.23629819516440273,0.06348571407115955,0.5966286656684368,-0.07147503224010521,-0.6102064976709851,-0.043678500914495544,-0.4643465306506087,-0.06477228192395046,-0.31271098840754874
51,cotton ginning and pressing,1953,0,0,475299000,73544000,173475000,44789000,2212,191,103200,81600,400999000,NA,10940000,26813000,19.979454637647667,18.113394424525726,19.80946949150215,11.544424132029599,7.701652362642226,11.309584540952198,18.971544054749888,17.6174731315221,0.20520562254883995,-0.13180888803977453,-0.46102834433727935,0.03029143945158186,0.14219627551024594,-0.0585654347911877,0.12842815723934464,0.0717079368103768,-0.10928012751204363
51,cotton ginning and pressing,1954,0,0,NA,NA,NA,NA,NA,NA,NA,NA,NA,NA,NA,NA,NA,NA,NA,NA,NA,NA,NA,NA,NA,NA,NA,NA,NA,NA,NA,NA,NA
51,cotton ginning and pressing,1955,0,0,NA,NA,NA,NA,NA,NA,NA,NA,NA,NA,NA,NA,NA,NA,NA,NA,NA,NA,NA,NA,NA,NA,NA,NA,NA,NA,NA,NA,NA
51,cotton ginning and pressing,1956,0,0,NA,NA,NA,NA,NA,NA,NA,NA,NA,NA,NA,NA,NA,NA,NA,NA,NA,NA,NA,NA,NA,NA,NA,NA,NA,NA,NA,NA,NA
51,cotton ginning and pressing,1957,0,1,1004300000,116000000,156600000,92400000,2850,257,169800,155300,850100000,249000000,NA,NA,20.727556618363568,18.56910074907064,20.560864547587588,12.042376552859384,7.955074273262696,11.953114009136778,18.869205341520978,18.341637536611913,0.3710843373493976,NA,NA,NA,NA,NA,NA,NA,NA
51,cotton ginning and pressing,1958,0,1,691817000,64517000,125513000,92145000,2850,442,146300,127600,612200000,217658000,NA,NA,20.354832027741594,17.982439312930087,20.232569584475588,11.893414587008216,7.955074273262696,11.756655649892826,18.64791989682886,18.338873981248273,0.4233476371187827,-0.37272459062197427,-0.5866614361405524,0,-0.19645835924395172,-0.32829496311200046,-0.14896196585116783,-0.22128544469211775,-0.0027635553636393695
51,cotton ginning and pressing,1959,0,1,NA,NA,NA,NA,NA,NA,NA,NA,NA,NA,NA,NA,NA,NA,NA,NA,NA,NA,NA,NA,NA,NA,NA,NA,NA,NA,NA,NA,NA
51,cotton ginning and pressing,1960,0,1,NA,NA,NA,NA,NA,NA,NA,NA,NA,NA,NA,NA,NA,NA,NA,NA,NA,NA,NA,NA,NA,NA,NA,NA,NA,NA,NA,NA,NA
51,cotton ginning and pressing,1961,0,1,NA,NA,NA,NA,NA,NA,NA,NA,NA,NA,NA,NA,NA,NA,NA,NA,NA,NA,NA,NA,NA,NA,NA,NA,NA,NA,NA,NA,NA
51,cotton ginning and pressing,1962,0,1,NA,NA,NA,NA,NA,NA,NA,NA,NA,NA,NA,NA,NA,NA,NA,NA,NA,NA,NA,NA,NA,NA,NA,NA,NA,NA,NA,NA,NA
51,cotton ginning and pressing,1963,0,1,NA,NA,NA,NA,NA,NA,NA,NA,NA,NA,NA,NA,NA,NA,NA,NA,NA,NA,NA,NA,NA,NA,NA,NA,NA,NA,NA,NA,NA
51,cotton ginning and pressing,1964,0,1,NA,NA,NA,NA,NA,NA,NA,NA,NA,NA,NA,NA,NA,NA,NA,NA,NA,NA,NA,NA,NA,NA,NA,NA,NA,NA,NA,NA,NA
51,cotton ginning and pressing,1965,0,1,NA,NA,NA,NA,NA,NA,NA,NA,NA,NA,NA,NA,NA,NA,NA,NA,NA,NA,NA,NA,NA,NA,NA,NA,NA,NA,NA,NA,NA
511,electric light and power,1951,0,0,NA,NA,NA,NA,NA,NA,NA,NA,NA,NA,NA,NA,NA,NA,NA,NA,NA,NA,NA,NA,NA,NA,NA,NA,NA,NA,NA,NA,NA
511,electric light and power,1952,0,0,NA,NA,NA,NA,NA,NA,NA,NA,NA,NA,NA,NA,NA,NA,NA,NA,NA,NA,NA,NA,NA,NA,NA,NA,NA,NA,NA,NA,NA
511,electric light and power,1953,0,0,NA,NA,NA,NA,NA,NA,NA,NA,NA,NA,NA,NA,NA,NA,NA,NA,NA,NA,NA,NA,NA,NA,NA,NA,NA,NA,NA,NA,NA
511,electric light and power,1954,0,0,NA,NA,NA,NA,NA,NA,NA,NA,NA,NA,NA,NA,NA,NA,NA,NA,NA,NA,NA,NA,NA,NA,NA,NA,NA,NA,NA,NA,NA
511,electric light and power,1955,0,0,NA,NA,NA,NA,NA,NA,NA,NA,NA,NA,NA,NA,NA,NA,NA,NA,NA,NA,NA,NA,NA,NA,NA,NA,NA,NA,NA,NA,NA
511,electric light and power,1956,0,0,NA,NA,NA,NA,NA,NA,NA,NA,NA,NA,NA,NA,NA,NA,NA,NA,NA,NA,NA,NA,NA,NA,NA,NA,NA,NA,NA,NA,NA
511,electric light and power,1957,0,1,NA,NA,NA,NA,NA,NA,NA,NA,NA,NA,NA,NA,NA,NA,NA,NA,NA,NA,NA,NA,NA,NA,NA,NA,NA,NA,NA,NA,NA
511,electric light and power,1958,0,1,NA,NA,NA,NA,NA,NA,NA,NA,NA,NA,NA,NA,NA,NA,NA,NA,NA,NA,NA,NA,NA,NA,NA,NA,NA,NA,NA,NA,NA
511,electric light and power,1959,0,1,880700000,321587000,NA,NA,510,216,51570,NA,NA,2100601000,NA,NA,20.596227603775688,19.588778671566487,NA,10.850695387045004,6.234410725718371,NA,NA,NA,NA,NA,NA,NA,NA,NA,NA,NA,NA
511,electric light and power,1960,0,1,845959516,300170118,1926327817,115494235,536,203,51398,36818,441098710,2041822052,NA,NA,20.55598206299759,19.519859931902708,19.90477924056398,10.847354540180387,6.284134161070802,10.513742135006508,21.378881341965613,18.564731173260494,0.056564299953010794,-0.04024554077809839,-0.06891873966377915,0.049723435352430734,NA,NA,-0.0033408468646172196,NA,NA
511,electric light and power,1961,0,1,1204704724,447509393,2542029838,211562424,563,211,52431,37707,643559026,2775553262,NA,NA,20.909500331537604,19.91920808540303,20.282524307289563,10.867253298434472,6.333279628139691,10.537601032592947,21.656228747646356,19.170030661838897,0.07683142741196446,0.35351826854001445,0.3993481535003234,0.04914546706888867,0.023858897586439554,0.37774506672558417,0.019898758254084825,0.277347405680743,0.6052994885784031
511,electric light and power,1962,0,1,1304858157,434289991,3211217661,482743483,485,484,98526,62352,679747747,3693961474,NA,NA,20.989360179859645,19.88922305095811,20.337232327017517,11.498075751719892,6.184148890937483,11.040551027578491,21.88991603580438,19.99499597944071,0.13068450483950192,0.07985984832204096,-0.029985034444923286,-0.14913073720220726,0.5029499949855438,0.05470801972795414,0.6308224532854201,0.23368728815802342,0.8249653176018121
511,electric light and power,1963,0,1,2123058062,788104331,4981713188,1172283111,356,353,159443,115398,1019513811,6156190299,NA,NA,21.476123368327936,20.485141038804272,20.74259169472371,11.979441770565154,5.87493073085203,11.656142301883422,22.329039682478463,20.88221906121645,0.19049135781743828,0.4867631884682915,0.595917987846164,-0.3092181600854529,0.615591274304931,0.4053593677061933,0.48136601884526264,0.43912364667408355,0.8872230817757405
511,electric light and power,1964,0,1,2955673964,1233052022,12239370914,1396821031,367,362,261861,189182,1306018241,13636191945,NA,NA,21.806992537602863,20.93275825164167,20.99024883477815,12.475569107608944,5.905361848054571,12.150464793653345,23.22792371679474,21.05746479949411,0.1024348319995726,0.3308691692749264,0.44761721283739675,0.030431117202540214,0.49432249176992293,0.2476571400544394,0.49612733704378975,0.8988840343162785,0.17524573827765977
511,electric light and power,1965,0,1,3601428294,1397875590,16998349532,2230170639,385,375,280392,203186,1667274835,19228520171,NA,NA,22.004596352057998,21.05821948538175,21.234456295152224,12.543943903065093,5.953243334287785,12.221877094675117,23.556382089936502,21.525343939221894,0.11598243750257446,0.1976038144551353,0.12546123374007934,0.04788148623321398,0.07141230102177154,0.24420746037407426,0.06837479545614933,0.3284583731417605,0.46787913972778483
52,rope making,1951,0,0,27411000,8816000,2065000,9515000,8,4,2700,2400,18550000,NA,2070000,2698000,17.126454950648867,15.992078810374833,16.73598034701772,7.90100705199242,2.0794415416798357,7.783224016336037,14.54064078437727,16.068380058712386,0.8216753022452504,NA,NA,NA,NA,NA,NA,NA,NA
52,rope making,1952,0,0,13325000,2856000,1264000,5142000,7,6,1996,1819,10469000,NA,1556000,2039000,16.40515252801618,14.864932602441613,16.163929067301492,7.59890045687141,1.9459101490553132,7.506042178518122,14.049791853688939,15.452952666807972,0.8026849828285982,-0.7213024226326858,-1.1271462079332206,-0.13353139262452252,-0.27718183781791517,-0.5720512797162272,-0.30210659512101046,-0.49084893068833146,-0.6154273919044133
52,rope making,1953,0,0,13834000,4298000,2779000,7062000,7,7,2000,1800,9536000,NA,1576000,2212000,16.44263988814267,15.273660356184593,16.070584668287268,7.600902459542082,1.9459101490553132,7.495541943884256,14.837601708724641,15.770238855470469,0.7176099989838431,0.037487360126487346,0.40872775374297987,0,-0.010500234633865624,-0.09334439901422442,0.0020020026706726313,0.787809855035702,0.31728618866249647
52,rope making,1954,0,0,NA,NA,NA,NA,NA,NA,NA,NA,NA,NA,NA,NA,NA,NA,NA,NA,NA,NA,NA,NA,NA,NA,NA,NA,NA,NA,NA,NA,NA
52,rope making,1955,0,0,NA,NA,NA,NA,NA,NA,NA,NA,NA,NA,NA,NA,NA,NA,NA,NA,NA,NA,NA,NA,NA,NA,NA,NA,NA,NA,NA,NA,NA
52,rope making,1956,0,0,NA,NA,NA,NA,NA,NA,NA,NA,NA,NA,NA,NA,NA,NA,NA,NA,NA,NA,NA,NA,NA,NA,NA,NA,NA,NA,NA,NA,NA
52,rope making,1957,0,1,23200000,6800000,2900000,4000000,37,16,3500,3100,15400000,6900000,NA,NA,16.95966283663654,15.732433170146335,16.549878067383858,8.160518247477505,3.6109179126442243,8.039157390473237,14.880221294956703,15.201804919084164,0.5797101449275363,NA,NA,NA,NA,NA,NA,NA,NA
52,rope making,1958,0,1,26050000,7956000,3758000,3892000,37,14,3300,3000,17294000,7650000,NA,NA,17.07552832616365,15.889436918956,16.665870178502512,8.101677747454572,3.6109179126442243,8.006367567650246,15.139397458955548,15.174433722288033,0.5087581699346405,0.11586548952710984,0.1570037488096645,0,-0.032789822822991255,0.11599211111865415,-0.058840500022933284,0.2591761639988448,-0.02737119679613187
52,rope making,1959,0,1,NA,NA,NA,NA,NA,NA,NA,NA,NA,NA,NA,NA,NA,NA,NA,NA,NA,NA,NA,NA,NA,NA,NA,NA,NA,NA,NA,NA,NA
52,rope making,1960,0,1,NA,NA,NA,NA,NA,NA,NA,NA,NA,NA,NA,NA,NA,NA,NA,NA,NA,NA,NA,NA,NA,NA,NA,NA,NA,NA,NA,NA,NA
52,rope making,1961,0,1,NA,NA,NA,NA,NA,NA,NA,NA,NA,NA,NA,NA,NA,NA,NA,NA,NA,NA,NA,NA,NA,NA,NA,NA,NA,NA,NA,NA,NA
52,rope making,1962,0,1,NA,NA,NA,NA,NA,NA,NA,NA,NA,NA,NA,NA,NA,NA,NA,NA,NA,NA,NA,NA,NA,NA,NA,NA,NA,NA,NA,NA,NA
52,rope making,1963,0,1,NA,NA,NA,NA,NA,NA,NA,NA,NA,NA,NA,NA,NA,NA,NA,NA,NA,NA,NA,NA,NA,NA,NA,NA,NA,NA,NA,NA,NA
52,rope making,1964,0,1,NA,NA,NA,NA,NA,NA,NA,NA,NA,NA,NA,NA,NA,NA,NA,NA,NA,NA,NA,NA,NA,NA,NA,NA,NA,NA,NA,NA,NA
52,rope making,1965,0,1,NA,NA,NA,NA,NA,NA,NA,NA,NA,NA,NA,NA,NA,NA,NA,NA,NA,NA,NA,NA,NA,NA,NA,NA,NA,NA,NA,NA,NA
53,silk and artificial silk,1951,0,0,227948000,66186000,86863000,84865000,486,40,57000,53400,159484000,NA,35774000,42303000,19.244628090731318,18.007979518179575,18.887454161677816,10.950806546816688,6.186208623900494,10.885566024948286,18.27984272281207,18.25657231657777,0.4941826609522035,NA,NA,NA,NA,NA,NA,NA,NA
53,silk and artificial silk,1952,0,0,217666000,60104000,61966000,111385000,553,35,43673,40343,150405000,NA,36139000,42244000,19.198472335780767,17.911586953031133,18.828842213608272,10.6844853411661,6.315358001522335,10.605173176616129,17.942096405493395,18.52850322648111,0.6425402795484306,-0.04615575495055069,-0.09639256514844163,0.1291493776218413,-0.2803928483321574,-0.05861194806954373,-0.2663212056505877,-0.33774631731867544,0.27193090990333957
53,silk and artificial silk,1953,0,0,293807000,91626000,118227000,125737000,627,51,57400,53500,188136000,NA,47929000,58162000,19.498433647152012,18.333225632163373,19.052675663518805,10.957799582307658,6.440946540632921,10.887436932884098,18.588117063246873,18.649702981878402,0.5153916151563346,0.29996131137124493,0.42163867913223996,0.12558853911058598,0.2822637562679695,0.22383344991053278,0.27331424114155745,0.6460206577534784,0.12119975539729211
53,silk and artificial silk,1954,0,0,NA,NA,NA,NA,NA,NA,NA,NA,NA,NA,NA,NA,NA,NA,NA,NA,NA,NA,NA,NA,NA,NA,NA,NA,NA,NA,NA,NA,NA
53,silk and artificial silk,1955,0,0,NA,NA,NA,NA,NA,NA,NA,NA,NA,NA,NA,NA,NA,NA,NA,NA,NA,NA,NA,NA,NA,NA,NA,NA,NA,NA,NA,NA,NA
53,silk and artificial silk,1956,0,0,NA,NA,NA,NA,NA,NA,NA,NA,NA,NA,NA,NA,NA,NA,NA,NA,NA,NA,NA,NA,NA,NA,NA,NA,NA,NA,NA,NA,NA
53,silk and artificial silk,1957,0,1,546600000,169700000,255900000,110100000,1141,227,70800,62400,333200000,366000000,NA,NA,20.119227831458243,18.949542730204456,19.624253468256963,11.16761427968181,7.039660349862076,11.041320554357519,19.360297301130018,18.51689960169291,0.3008196721311475,NA,NA,NA,NA,NA,NA,NA,NA
53,silk and artificial silk,1958,0,1,630300000,197842000,266274000,121785000,1189,178,69208,60252,381997000,388059000,NA,NA,20.26170645448334,19.102979290305473,19.76092331313687,11.14487174186021,7.080867896690782,11.006291045822707,19.400036411770536,18.617767752946794,0.3138311442332223,0.14247862302509517,0.15343656010101725,0.041207546828705865,-0.03502950853481224,0.13666984487990774,-0.02274253782159974,0.03973911064051805,0.10086815125388426
53,silk and artificial silk,1959,0,1,NA,NA,NA,NA,NA,NA,NA,NA,NA,NA,NA,NA,NA,NA,NA,NA,NA,NA,NA,NA,NA,NA,NA,NA,NA,NA,NA,NA,NA
53,silk and artificial silk,1960,0,1,NA,NA,NA,NA,NA,NA,NA,NA,NA,NA,NA,NA,NA,NA,NA,NA,NA,NA,NA,NA,NA,NA,NA,NA,NA,NA,NA,NA,NA
53,silk and artificial silk,1961,0,1,NA,NA,NA,NA,NA,NA,NA,NA,NA,NA,NA,NA,NA,NA,NA,NA,NA,NA,NA,NA,NA,NA,NA,NA,NA,NA,NA,NA,NA
53,silk and artificial silk,1962,0,1,NA,NA,NA,NA,NA,NA,NA,NA,NA,NA,NA,NA,NA,NA,NA,NA,NA,NA,NA,NA,NA,NA,NA,NA,NA,NA,NA,NA,NA
53,silk and artificial silk,1963,0,1,NA,NA,NA,NA,NA,NA,NA,NA,NA,NA,NA,NA,NA,NA,NA,NA,NA,NA,NA,NA,NA,NA,NA,NA,NA,NA,NA,NA,NA
53,silk and artificial silk,1964,0,1,NA,NA,NA,NA,NA,NA,NA,NA,NA,NA,NA,NA,NA,NA,NA,NA,NA,NA,NA,NA,NA,NA,NA,NA,NA,NA,NA,NA,NA
53,silk and artificial silk,1965,0,1,NA,NA,NA,NA,NA,NA,NA,NA,NA,NA,NA,NA,NA,NA,NA,NA,NA,NA,NA,NA,NA,NA,NA,NA,NA,NA,NA,NA,NA
54,jute pressing,1951,0,0,28860000,9231000,12980000,2785000,57,13,3300,2400,19629000,NA,1742000,3121000,17.17796711131,16.03807794297229,16.792518622519985,8.101677747454572,4.04305126783455,7.783224016336037,16.37892026924022,14.83975843134352,0.1766571519188075,NA,NA,NA,NA,NA,NA,NA,NA
54,jute pressing,1952,0,0,10693000,8064000,23131000,2445000,35,11,1219,840,2625000,NA,700000,1490000,16.185099879738793,15.902920269293286,14.780591454007862,7.105786129481271,3.5553480614894135,6.733401891837359,16.956684267168438,14.709555680891109,0.09559743509540194,-0.992867231571207,-0.13515767367900366,-0.48770320634513675,-1.0498221244986778,-2.0119271685121234,-0.9958916179733004,0.5777639979282192,-0.13020275045241192
54,jute pressing,1953,0,0,737000,4652000,21120000,3231000,35,12,3400,2900,3084000,NA,1113000,2112000,13.510343171171474,15.352807792620693,14.941738013665358,8.131530710604252,3.5553480614894135,7.9724660159745655,16.865731016802336,14.988302244806635,0.13268448934335345,-2.674756708567319,-0.5501124766725933,0,1.2390641241372062,0.1611465596574959,1.0257445811229813,-0.09095325036610191,0.27874656391552577
54,jute pressing,1954,0,0,NA,NA,NA,NA,NA,NA,NA,NA,NA,NA,NA,NA,NA,NA,NA,NA,NA,NA,NA,NA,NA,NA,NA,NA,NA,NA,NA,NA,NA
54,jute pressing,1955,0,0,NA,NA,NA,NA,NA,NA,NA,NA,NA,NA,NA,NA,NA,NA,NA,NA,NA,NA,NA,NA,NA,NA,NA,NA,NA,NA,NA,NA,NA
54,jute pressing,1956,0,0,NA,NA,NA,NA,NA,NA,NA,NA,NA,NA,NA,NA,NA,NA,NA,NA,NA,NA,NA,NA,NA,NA,NA,NA,NA,NA,NA,NA,NA
54,jute pressing,1957,0,1,23500000,13800000,12300000,1400000,23,12,1600,1300,8900000,13700000,NA,NA,16.972510979114386,16.440179150127435,16.00156183470237,7.3777589082278725,3.1354942159291497,7.170119543449628,16.325109820342647,14.151982794585487,0.10218978102189781,NA,NA,NA,NA,NA,NA,NA,NA
54,jute pressing,1958,0,1,2324000,500000,6162000,876000,59,13,850,787,1730000,7038000,NA,NA,14.65880039695394,13.122363377404328,14.363631966473962,6.745236349484363,4.07753744390572,6.668228248417403,15.63391195813875,13.683121369918528,0.12446717817561807,-2.3137105821604464,-3.3178157727231063,0.94204322797657,-0.501891295032225,-1.6379298682284062,-0.6325225587435099,-0.6911978622038966,-0.4688614246669598
54,jute pressing,1959,0,1,NA,NA,NA,NA,NA,NA,NA,NA,NA,NA,NA,NA,NA,NA,NA,NA,NA,NA,NA,NA,NA,NA,NA,NA,NA,NA,NA,NA,NA
54,jute pressing,1960,0,1,NA,NA,NA,NA,NA,NA,NA,NA,NA,NA,NA,NA,NA,NA,NA,NA,NA,NA,NA,NA,NA,NA,NA,NA,NA,NA,NA,NA,NA
54,jute pressing,1961,0,1,NA,NA,NA,NA,NA,NA,NA,NA,NA,NA,NA,NA,NA,NA,NA,NA,NA,NA,NA,NA,NA,NA,NA,NA,NA,NA,NA,NA,NA
54,jute pressing,1962,0,1,NA,NA,NA,NA,NA,NA,NA,NA,NA,NA,NA,NA,NA,NA,NA,NA,NA,NA,NA,NA,NA,NA,NA,NA,NA,NA,NA,NA,NA
54,jute pressing,1963,0,1,NA,NA,NA,NA,NA,NA,NA,NA,NA,NA,NA,NA,NA,NA,NA,NA,NA,NA,NA,NA,NA,NA,NA,NA,NA,NA,NA,NA,NA
54,jute pressing,1964,0,1,NA,NA,NA,NA,NA,NA,NA,NA,NA,NA,NA,NA,NA,NA,NA,NA,NA,NA,NA,NA,NA,NA,NA,NA,NA,NA,NA,NA,NA
54,jute pressing,1965,0,1,NA,NA,NA,NA,NA,NA,NA,NA,NA,NA,NA,NA,NA,NA,NA,NA,NA,NA,NA,NA,NA,NA,NA,NA,NA,NA,NA,NA,NA
55,electricity generation and transformation,1951,0,0,251552000,151552000,1157734000,52613000,347,30,30000,25000,99269000,NA,27036000,41424000,19.34316028557562,18.836439358345704,18.413343894978347,10.308952660644293,5.849324779946859,10.126631103850338,20.869730483320332,17.778473795460805,0.04346935217751603,NA,NA,NA,NA,NA,NA,NA,NA
55,electricity generation and transformation,1952,0,0,471433000,264720000,1490280000,311579000,361,30,57416.99999999999,35765,205412000,NA,43168000,96155000,19.971287550258804,19.39418322157763,19.140528276342266,10.958095705706183,5.8888779583328805,10.484725040542484,21.122229858712217,19.55716347559479,0.1729208556274381,0.628127264683183,0.5577438632319272,0.03955317838602124,0.3580939366921463,0.7271843813639194,0.6491430450618907,0.25249937539188494,1.7786896801339864
55,electricity generation and transformation,1953,0,0,564486000,343313000,1819106000,346068000,393,35,56800,36900,181635000,NA,42655000,100750000,20.151426140537858,19.654153125465108,19.017509736838715,10.947291604709243,5.973809611869261,10.515966830028619,21.321611008561348,19.662145845504064,0.159833805504777,0.18013859027905355,0.25996990388747676,0.08493165353638066,0.031241789486134763,-0.12301853950355124,-0.010804100996940846,0.19938114984913113,0.10498236990927268
55,electricity generation and transformation,1954,0,0,NA,NA,NA,NA,NA,NA,NA,NA,NA,NA,NA,NA,NA,NA,NA,NA,NA,NA,NA,NA,NA,NA,NA,NA,NA,NA,NA,NA,NA
55,electricity generation and transformation,1955,0,0,NA,NA,NA,NA,NA,NA,NA,NA,NA,NA,NA,NA,NA,NA,NA,NA,NA,NA,NA,NA,NA,NA,NA,NA,NA,NA,NA,NA,NA
55,electricity generation and transformation,1956,0,0,NA,NA,NA,NA,NA,NA,NA,NA,NA,NA,NA,NA,NA,NA,NA,NA,NA,NA,NA,NA,NA,NA,NA,NA,NA,NA,NA,NA,NA
55,electricity generation and transformation,1957,0,1,536000000,198400000,929900000,60400000,431,100,34800,22900,270200000,990300000,NA,NA,20.099644719035076,19.105795752815048,19.414672983490373,10.457372665762566,6.066108090103747,10.03889218954233,20.650587611448426,17.916499662905043,0.06099161870140361,NA,NA,NA,NA,NA,NA,NA,NA
55,electricity generation and transformation,1958,0,1,752262000,343777000,983501000,50015000,435,92,33024,23013,385448000,1033076000,NA,NA,20.438595225490765,19.655503749315066,19.76991685211565,10.404989848841234,6.075346031088684,10.043814552627406,20.706629212569688,17.727833518401418,0.04839305825937867,0.3389505064556886,0.5497079965000182,0.009237940984936799,0.004922363085075432,0.35524386862527635,-0.052382816921332065,0.056041601121261664,-0.18866614450362462
55,electricity generation and transformation,1959,0,1,NA,NA,NA,NA,NA,NA,NA,NA,NA,NA,NA,NA,NA,NA,NA,NA,NA,NA,NA,NA,NA,NA,NA,NA,NA,NA,NA,NA,NA
55,electricity generation and transformation,1960,0,1,NA,NA,NA,NA,NA,NA,NA,NA,NA,NA,NA,NA,NA,NA,NA,NA,NA,NA,NA,NA,NA,NA,NA,NA,NA,NA,NA,NA,NA
55,electricity generation and transformation,1961,0,1,NA,NA,NA,NA,NA,NA,NA,NA,NA,NA,NA,NA,NA,NA,NA,NA,NA,NA,NA,NA,NA,NA,NA,NA,NA,NA,NA,NA,NA
55,electricity generation and transformation,1962,0,1,NA,NA,NA,NA,NA,NA,NA,NA,NA,NA,NA,NA,NA,NA,NA,NA,NA,NA,NA,NA,NA,NA,NA,NA,NA,NA,NA,NA,NA
55,electricity generation and transformation,1963,0,1,NA,NA,NA,NA,NA,NA,NA,NA,NA,NA,NA,NA,NA,NA,NA,NA,NA,NA,NA,NA,NA,NA,NA,NA,NA,NA,NA,NA,NA
55,electricity generation and transformation,1964,0,1,NA,NA,NA,NA,NA,NA,NA,NA,NA,NA,NA,NA,NA,NA,NA,NA,NA,NA,NA,NA,NA,NA,NA,NA,NA,NA,NA,NA,NA
55,electricity generation and transformation,1965,0,1,NA,NA,NA,NA,NA,NA,NA,NA,NA,NA,NA,NA,NA,NA,NA,NA,NA,NA,NA,NA,NA,NA,NA,NA,NA,NA,NA,NA,NA
56,automobiles and coach building,1951,0,0,336689000.0000001,94042000,117154000,168038000,586,81,53500,41100,242051000,NA,40858000,67187000,19.634670213564956,18.359252048955717,19.30465900571926,10.887436932884098,6.373319789577012,10.623763400484325,18.578999866594675,18.939700702266514,0.5892100760189627,NA,NA,NA,NA,NA,NA,NA,NA
56,automobiles and coach building,1952,0,0,318964000,112005000,158976000,182872000,730,92,43776.00000000001,32122,205301000,NA,35925000,65613000,19.5805888017162,18.53405407112005,19.139987752897902,10.686841000982222,6.593044534142437,10.377296432622842,18.88426380539518,19.02429701252202,0.534951206384124,-0.054081411848756034,0.17480202216433227,0.21972474456542468,-0.24646696786148325,-0.16467125282135697,-0.2005959319018764,0.30526393880050406,0.08459631025550607
56,automobiles and coach building,1953,0,0,250325000,94178000,167555000,162140000,773,98,43800,33700,154680000,NA,35237000,64927000,19.338270631558142,18.360697166623,18.85686902470337,10.687389096364537,6.650279048587422,10.425253116340453,18.93682221354059,18.903970717523837,0.49178786454147017,-0.24231817015805746,-0.173356904497048,0.05723451444498551,0.047956683717611526,-0.28311872819453043,5.480953823155943e-4,0.05255840814541202,-0.1203262949981827
56,automobiles and coach building,1954,0,0,NA,NA,NA,NA,NA,NA,NA,NA,NA,NA,NA,NA,NA,NA,NA,NA,NA,NA,NA,NA,NA,NA,NA,NA,NA,NA,NA,NA,NA
56,automobiles and coach building,1955,0,0,NA,NA,NA,NA,NA,NA,NA,NA,NA,NA,NA,NA,NA,NA,NA,NA,NA,NA,NA,NA,NA,NA,NA,NA,NA,NA,NA,NA,NA
56,automobiles and coach building,1956,0,0,NA,NA,NA,NA,NA,NA,NA,NA,NA,NA,NA,NA,NA,NA,NA,NA,NA,NA,NA,NA,NA,NA,NA,NA,NA,NA,NA,NA,NA
56,automobiles and coach building,1957,0,1,492285999.9999999,137752000,197133000,189602000,1218,135,68100,55700,335675000,386735000,NA,NA,20.01457040637972,18.74096552494816,19.631653987923045,11.128732492137603,7.1049654482698426,10.927735425915376,19.09938918581017,19.060437696252766,0.49026335863058684,NA,NA,NA,NA,NA,NA,NA,NA
56,automobiles and coach building,1958,0,1,425034000,141115000,192099000,282409000,1219,175,71540,55556,265720000,474508000,NA,NA,19.867679723688862,18.765085718756065,19.397953680761315,11.178012012813008,7.105786129481271,10.92514680003611,19.073521422103163,19.458866932763918,0.5951617254082123,-0.1468906826908558,0.02412019380790653,8.206812114286421e-4,-0.0025886258792660044,-0.23370030716172963,0.04927952067540531,-0.025867763707008606,0.39842923651115214
56,automobiles and coach building,1959,0,1,NA,NA,NA,NA,NA,NA,NA,NA,NA,NA,NA,NA,NA,NA,NA,NA,NA,NA,NA,NA,NA,NA,NA,NA,NA,NA,NA,NA,NA
56,automobiles and coach building,1960,0,1,NA,NA,NA,NA,NA,NA,NA,NA,NA,NA,NA,NA,NA,NA,NA,NA,NA,NA,NA,NA,NA,NA,NA,NA,NA,NA,NA,NA,NA
56,automobiles and coach building,1961,0,1,NA,NA,NA,NA,NA,NA,NA,NA,NA,NA,NA,NA,NA,NA,NA,NA,NA,NA,NA,NA,NA,NA,NA,NA,NA,NA,NA,NA,NA
56,automobiles and coach building,1962,0,1,NA,NA,NA,NA,NA,NA,NA,NA,NA,NA,NA,NA,NA,NA,NA,NA,NA,NA,NA,NA,NA,NA,NA,NA,NA,NA,NA,NA,NA
56,automobiles and coach building,1963,0,1,NA,NA,NA,NA,NA,NA,NA,NA,NA,NA,NA,NA,NA,NA,NA,NA,NA,NA,NA,NA,NA,NA,NA,NA,NA,NA,NA,NA,NA
56,automobiles and coach building,1964,0,1,NA,NA,NA,NA,NA,NA,NA,NA,NA,NA,NA,NA,NA,NA,NA,NA,NA,NA,NA,NA,NA,NA,NA,NA,NA,NA,NA,NA,NA
56,automobiles and coach building,1965,0,1,NA,NA,NA,NA,NA,NA,NA,NA,NA,NA,NA,NA,NA,NA,NA,NA,NA,NA,NA,NA,NA,NA,NA,NA,NA,NA,NA,NA,NA
57,ship building and repairing,1951,0,0,86306000,54547000.00000001,56750000,59714000,46,14,20100,16600,28114000,NA,21931000,29583000,18.273409678550006,17.814573273314004,17.15177823087385,9.908475094047168,3.828641396489095,9.717157974344635,17.854166214325787,17.905077056733276,0.5127249622200851,NA,NA,NA,NA,NA,NA,NA,NA
57,ship building and repairing,1952,0,0,124946000,91613000,47292000,49395000,42,14,20413,17268,28945000,NA,25846000,40017000,18.643392201927693,18.33308374097185,17.180908035495243,9.923927231773584,3.7376696182833684,9.756610356675369,17.671851705965143,17.71535976246071,0.5108752986440783,0.36998252337768633,0.5185104676578476,-0.09097177820572666,0.039452382330733116,0.029129804621394584,0.015452137726416737,-0.1823145083606441,-0.18971729427256534
57,ship building and repairing,1953,0,0,101735000,73151000,40977000,58536000,42,13,8800,6300,24991000,NA,26577000,39173000,18.43788195127214,18.10803635587695,17.03402631801692,9.082507000466299,3.7376696182833684,8.748304912379623,17.528521491653137,17.885152507546003,0.588224654065298,-0.2055102506555535,-0.22504738509489997,0,-1.008305444295745,-0.14688171747832257,-0.8414202313072856,-0.1433302143120052,0.1697927450852923
57,ship building and repairing,1954,0,0,NA,NA,NA,NA,NA,NA,NA,NA,NA,NA,NA,NA,NA,NA,NA,NA,NA,NA,NA,NA,NA,NA,NA,NA,NA,NA,NA,NA,NA
57,ship building and repairing,1955,0,0,NA,NA,NA,NA,NA,NA,NA,NA,NA,NA,NA,NA,NA,NA,NA,NA,NA,NA,NA,NA,NA,NA,NA,NA,NA,NA,NA,NA,NA
57,ship building and repairing,1956,0,0,NA,NA,NA,NA,NA,NA,NA,NA,NA,NA,NA,NA,NA,NA,NA,NA,NA,NA,NA,NA,NA,NA,NA,NA,NA,NA,NA,NA,NA
57,ship building and repairing,1957,0,1,186100000,85400000,53300000,92800000,50,24,35000,30400,75600000,146100000,NA,NA,19.04179472161248,18.2628566587588,18.140966841149762,10.46310334047155,3.912023005428146,10.322197887394314,17.791446889136072,18.34595719775643,0.6351813826146475,NA,NA,NA,NA,NA,NA,NA,NA
57,ship building and repairing,1958,0,1,238925000,150729000,65156000,76283000,50,26,29000,24700,65291000,141439000,NA,NA,19.291660253116518,18.830994080385352,17.99436475932673,10.275051108968611,3.912023005428146,10.114558522616068,17.992294952459634,18.14996066671181,0.5393349783298808,0.24986553150403878,0.5681374216265525,0,-0.2076393647782453,-0.14660208182303336,-0.18805223150293848,0.2008480633235621,-0.19599653104462078
57,ship building and repairing,1959,0,1,NA,NA,NA,NA,NA,NA,NA,NA,NA,NA,NA,NA,NA,NA,NA,NA,NA,NA,NA,NA,NA,NA,NA,NA,NA,NA,NA,NA,NA
57,ship building and repairing,1960,0,1,NA,NA,NA,NA,NA,NA,NA,NA,NA,NA,NA,NA,NA,NA,NA,NA,NA,NA,NA,NA,NA,NA,NA,NA,NA,NA,NA,NA,NA
57,ship building and repairing,1961,0,1,NA,NA,NA,NA,NA,NA,NA,NA,NA,NA,NA,NA,NA,NA,NA,NA,NA,NA,NA,NA,NA,NA,NA,NA,NA,NA,NA,NA,NA
57,ship building and repairing,1962,0,1,NA,NA,NA,NA,NA,NA,NA,NA,NA,NA,NA,NA,NA,NA,NA,NA,NA,NA,NA,NA,NA,NA,NA,NA,NA,NA,NA,NA,NA
57,ship building and repairing,1963,0,1,NA,NA,NA,NA,NA,NA,NA,NA,NA,NA,NA,NA,NA,NA,NA,NA,NA,NA,NA,NA,NA,NA,NA,NA,NA,NA,NA,NA,NA
57,ship building and repairing,1964,0,1,NA,NA,NA,NA,NA,NA,NA,NA,NA,NA,NA,NA,NA,NA,NA,NA,NA,NA,NA,NA,NA,NA,NA,NA,NA,NA,NA,NA,NA
57,ship building and repairing,1965,0,1,NA,NA,NA,NA,NA,NA,NA,NA,NA,NA,NA,NA,NA,NA,NA,NA,NA,NA,NA,NA,NA,NA,NA,NA,NA,NA,NA,NA,NA
6,distilleries and breweries,1951,0,0,62782000.00000001,29743000,34192000,18750000,76,23,7800,6000,32996000,NA,5975000,9105000,17.955178966150037,17.208104368152263,17.311896899962758,8.961879012677683,4.330733340286331,8.699514748210191,17.347502256541066,16.746704310380693,0.35416115749310567,NA,NA,NA,NA,NA,NA,NA,NA
6,distilleries and breweries,1952,0,0,62822000,32694000,27444000,35659000,76,20,7868.000000000001,6125,30104000,NA,5101000,9022000,17.955815888562576,17.30270213279329,17.22016861125541,8.97055917950895,4.330733340286331,8.720134035412928,17.12765812279292,17.389512127381277,0.565091992456777,6.369224125393202e-4,0.09459776464102632,0,0.020619287202736203,-0.09172828870734762,0.008680166831267044,-0.21984413374814693,0.642807817000584
6,distilleries and breweries,1953,0,0,47324000,26497000,25200000,32008000,77,19,7400,5700,20739000,NA,4829000,8466000,17.67252812435569,17.09254207700082,16.84752654359551,8.909235279192261,4.343805421853684,8.648221453822641,17.04235455248165,17.28149642951921,0.5595021675290169,-0.28328776420688584,-0.21016005579246766,0.013072081567353067,-0.07191258159028635,-0.3726420676598998,-0.06132390031668855,-0.08530357031126812,-0.10801569786206855
6,distilleries and breweries,1954,0,0,NA,NA,NA,NA,NA,NA,NA,NA,NA,NA,NA,NA,NA,NA,NA,NA,NA,NA,NA,NA,NA,NA,NA,NA,NA,NA,NA,NA,NA
6,distilleries and breweries,1955,0,0,NA,NA,NA,NA,NA,NA,NA,NA,NA,NA,NA,NA,NA,NA,NA,NA,NA,NA,NA,NA,NA,NA,NA,NA,NA,NA,NA,NA,NA
6,distilleries and breweries,1956,0,0,NA,NA,NA,NA,NA,NA,NA,NA,NA,NA,NA,NA,NA,NA,NA,NA,NA,NA,NA,NA,NA,NA,NA,NA,NA,NA,NA,NA,NA
6,distilleries and breweries,1957,0,1,51800000,24700000,22900000,15100000,61,34,5600,4400,24400000,38000000,NA,NA,17.76290070722971,17.022313801598205,17.01009369026343,8.630521876723241,4.110873864173311,8.389359819906353,16.946647468524468,16.530205301785152,0.3973684210526316,NA,NA,NA,NA,NA,NA,NA,NA
6,distilleries and breweries,1958,0,1,42585000,16916000,19057000,9736000,61,27,4200,2900,23558000,28793000,NA,NA,17.56701263655732,16.643770477574517,16.974976023500865,8.34283980427146,4.110873864173311,7.9724660159745655,16.762945046110513,16.0913409136495,0.33813774181224604,-0.19588807067239244,-0.3785433240236884,0,-0.41689380393178777,-0.03511766676256656,-0.2876820724517817,-0.18370242241395474,-0.4388643881356522
6,distilleries and breweries,1959,0,1,NA,NA,NA,NA,NA,NA,NA,NA,NA,NA,NA,NA,NA,NA,NA,NA,NA,NA,NA,NA,NA,NA,NA,NA,NA,NA,NA,NA,NA
6,distilleries and breweries,1960,0,1,NA,NA,NA,NA,NA,NA,NA,NA,NA,NA,NA,NA,NA,NA,NA,NA,NA,NA,NA,NA,NA,NA,NA,NA,NA,NA,NA,NA,NA
6,distilleries and breweries,1961,0,1,NA,NA,NA,NA,NA,NA,NA,NA,NA,NA,NA,NA,NA,NA,NA,NA,NA,NA,NA,NA,NA,NA,NA,NA,NA,NA,NA,NA,NA
6,distilleries and breweries,1962,0,1,NA,NA,NA,NA,NA,NA,NA,NA,NA,NA,NA,NA,NA,NA,NA,NA,NA,NA,NA,NA,NA,NA,NA,NA,NA,NA,NA,NA,NA
6,distilleries and breweries,1963,0,1,NA,NA,NA,NA,NA,NA,NA,NA,NA,NA,NA,NA,NA,NA,NA,NA,NA,NA,NA,NA,NA,NA,NA,NA,NA,NA,NA,NA,NA
6,distilleries and breweries,1964,0,1,NA,NA,NA,NA,NA,NA,NA,NA,NA,NA,NA,NA,NA,NA,NA,NA,NA,NA,NA,NA,NA,NA,NA,NA,NA,NA,NA,NA,NA
6,distilleries and breweries,1965,0,1,NA,NA,NA,NA,NA,NA,NA,NA,NA,NA,NA,NA,NA,NA,NA,NA,NA,NA,NA,NA,NA,NA,NA,NA,NA,NA,NA,NA,NA
60,aircraft assembling and repairing services,1951,0,0,21354000,11101000,12302000,26009000,16,4,9700,7200,10254000,NA,13617000,18029000,16.876749633720383,16.222545752314783,16.143178431325783,9.179881164491475,2.772588722239781,8.881836305004146,16.32527240875045,17.07395318993449,0.6788911800788285,NA,NA,NA,NA,NA,NA,NA,NA
60,aircraft assembling and repairing services,1952,0,0,38974000,13780000,13884000,54146000,17,4,11029,6174,24967000,NA,9048000,18813000,17.478405315106215,16.438728823549788,17.033065510865057,9.308283446306147,2.833213344056216,8.728102205062104,16.446247655963813,17.8071946598001,0.7959135675437307,0.6016556813858323,0.21618307123500458,0.06062462181643502,-0.15373409994204223,0.8898870795392746,0.1284022818146724,0.12097524721336228,0.7332414698656109
60,aircraft assembling and repairing services,1953,0,0,42897000,18955000,15213000,46275000,21,5,10100,5600,23706000,NA,8487000,17422000,17.574312451383094,16.757578306932572,16.98123873862158,9.22029070282935,3.044522437723423,8.630521876723241,16.537660883445266,17.650112416423834,0.7525858704137393,0.09590713627687819,0.3188494833827846,0.21130909366720685,-0.09758032833886254,-0.05182677224347643,-0.08799274347679642,0.09141322748145342,-0.15708224337626575
60,aircraft assembling and repairing services,1954,0,0,NA,NA,NA,NA,NA,NA,NA,NA,NA,NA,NA,NA,NA,NA,NA,NA,NA,NA,NA,NA,NA,NA,NA,NA,NA,NA,NA,NA,NA
60,aircraft assembling and repairing services,1955,0,0,NA,NA,NA,NA,NA,NA,NA,NA,NA,NA,NA,NA,NA,NA,NA,NA,NA,NA,NA,NA,NA,NA,NA,NA,NA,NA,NA,NA,NA
60,aircraft assembling and repairing services,1956,0,0,NA,NA,NA,NA,NA,NA,NA,NA,NA,NA,NA,NA,NA,NA,NA,NA,NA,NA,NA,NA,NA,NA,NA,NA,NA,NA,NA,NA,NA
60,aircraft assembling and repairing services,1957,0,1,46100000,23900000,13200000,59000000,16,14,6100,4100,17100000,72200000,NA,NA,17.646323507966876,16.98938901690174,16.654589021472887,8.716044050161402,2.772588722239781,8.318742252692399,16.3957273875566,17.893048001869992,0.817174515235457,NA,NA,NA,NA,NA,NA,NA,NA
60,aircraft assembling and repairing services,1958,0,1,44765000,24373000,7537000,29807000,16,10,5200,3900,18028000,37344000,NA,NA,17.616937142050393,17.008986520199745,16.707436662792677,8.556413904569519,2.772588722239781,8.268731832117737,15.835334782825607,17.210253823219965,0.798173736075407,-0.02938636591648347,0.019597503298005137,0,-0.05001042057466165,0.05284764131979003,-0.15963014559188338,-0.5603926047309944,-0.6827941786500276
60,aircraft assembling and repairing services,1959,0,1,NA,NA,NA,NA,NA,NA,NA,NA,NA,NA,NA,NA,NA,NA,NA,NA,NA,NA,NA,NA,NA,NA,NA,NA,NA,NA,NA,NA,NA
60,aircraft assembling and repairing services,1960,0,1,NA,NA,NA,NA,NA,NA,NA,NA,NA,NA,NA,NA,NA,NA,NA,NA,NA,NA,NA,NA,NA,NA,NA,NA,NA,NA,NA,NA,NA
60,aircraft assembling and repairing services,1961,0,1,NA,NA,NA,NA,NA,NA,NA,NA,NA,NA,NA,NA,NA,NA,NA,NA,NA,NA,NA,NA,NA,NA,NA,NA,NA,NA,NA,NA,NA
60,aircraft assembling and repairing services,1962,0,1,NA,NA,NA,NA,NA,NA,NA,NA,NA,NA,NA,NA,NA,NA,NA,NA,NA,NA,NA,NA,NA,NA,NA,NA,NA,NA,NA,NA,NA
60,aircraft assembling and repairing services,1963,0,1,NA,NA,NA,NA,NA,NA,NA,NA,NA,NA,NA,NA,NA,NA,NA,NA,NA,NA,NA,NA,NA,NA,NA,NA,NA,NA,NA,NA,NA
60,aircraft assembling and repairing services,1964,0,1,NA,NA,NA,NA,NA,NA,NA,NA,NA,NA,NA,NA,NA,NA,NA,NA,NA,NA,NA,NA,NA,NA,NA,NA,NA,NA,NA,NA,NA
60,aircraft assembling and repairing services,1965,0,1,NA,NA,NA,NA,NA,NA,NA,NA,NA,NA,NA,NA,NA,NA,NA,NA,NA,NA,NA,NA,NA,NA,NA,NA,NA,NA,NA,NA,NA
62,textile machineries and accessories,1951,1,0,47648000,19358000,35195000,20269000,155,11,12700,11100,27514000,NA,8443000,11103000,17.67935121446587,16.77861632869117,17.130205524003077,9.449357272446683,5.043425116919247,9.314700387300425,17.37641458502437,16.824603183220102,0.36544425212750614,NA,NA,NA,NA,NA,NA,NA,NA
62,textile machineries and accessories,1952,1,0,32383000,16684000,22843000,16499000,158,14,9104,8034.999999999999,15586000,NA,6778000,9033000,17.293144151705853,16.629960734298972,16.561883633385644,9.116469156366112,5.062595033026967,8.991562278171612,16.944155282638008,16.61881033097358,0.4193736973209293,-0.38620706276001826,-0.14865559439219922,0.01916991610772012,-0.3231381091288128,-0.5683218906174332,-0.33288811608057145,-0.43225930238636323,-0.2057928522465211
62,textile machineries and accessories,1953,1,0,30241000,15386000,25901000,15731000,159,14,8900,7800,14616000,NA,6332000,8827000,17.224709177511915,16.54896856300102,16.49762737703998,9.093806555720231,5.0689042022202315,8.961879012677683,17.069792135963027,16.57114384580464,0.377858378170638,-0.06843497419393785,-0.08099217129795377,0.00630916919326463,-0.02968326549392941,-0.06425625634566501,-0.022662600645880104,0.12563685332501962,-0.04766648516893923
62,textile machineries and accessories,1954,1,0,NA,NA,NA,NA,NA,NA,NA,NA,NA,NA,NA,NA,NA,NA,NA,NA,NA,NA,NA,NA,NA,NA,NA,NA,NA,NA,NA,NA,NA
62,textile machineries and accessories,1955,1,0,NA,NA,NA,NA,NA,NA,NA,NA,NA,NA,NA,NA,NA,NA,NA,NA,NA,NA,NA,NA,NA,NA,NA,NA,NA,NA,NA,NA,NA
62,textile machineries and accessories,1956,1,0,NA,NA,NA,NA,NA,NA,NA,NA,NA,NA,NA,NA,NA,NA,NA,NA,NA,NA,NA,NA,NA,NA,NA,NA,NA,NA,NA,NA,NA
62,textile machineries and accessories,1957,1,1,132700000,58700000,50200000,45800000,231,52,19400,16500,67600000,96000000,NA,NA,18.703601499302437,17.887950284798325,18.029118541013194,9.87302834505142,5.442417710521793,9.711115659888671,17.73152558466196,17.639794649084415,0.47708333333333336,NA,NA,NA,NA,NA,NA,NA,NA
62,textile machineries and accessories,1958,1,1,146534000,57277000,45434000,54108000,232,35,21700,18000,80413000,99542000,NA,NA,18.80276804140582,17.863409704943408,18.202686412620814,9.98506753952855,5.44673737166631,9.798127036878302,17.631771281405303,17.80649260719122,0.5435695485322778,0.09916654210338294,-0.024540579854917866,0.004319661144516651,0.08701137698963102,0.1735678716076201,0.11203919447713062,-0.09975430325665613,0.16669795810680554
62,textile machineries and accessories,1959,1,1,NA,NA,NA,NA,NA,NA,NA,NA,NA,NA,NA,NA,NA,NA,NA,NA,NA,NA,NA,NA,NA,NA,NA,NA,NA,NA,NA,NA,NA
62,textile machineries and accessories,1960,1,1,NA,NA,NA,NA,NA,NA,NA,NA,NA,NA,NA,NA,NA,NA,NA,NA,NA,NA,NA,NA,NA,NA,NA,NA,NA,NA,NA,NA,NA
62,textile machineries and accessories,1961,1,1,NA,NA,NA,NA,NA,NA,NA,NA,NA,NA,NA,NA,NA,NA,NA,NA,NA,NA,NA,NA,NA,NA,NA,NA,NA,NA,NA,NA,NA
62,textile machineries and accessories,1962,1,1,NA,NA,NA,NA,NA,NA,NA,NA,NA,NA,NA,NA,NA,NA,NA,NA,NA,NA,NA,NA,NA,NA,NA,NA,NA,NA,NA,NA,NA
62,textile machineries and accessories,1963,1,1,NA,NA,NA,NA,NA,NA,NA,NA,NA,NA,NA,NA,NA,NA,NA,NA,NA,NA,NA,NA,NA,NA,NA,NA,NA,NA,NA,NA,NA
62,textile machineries and accessories,1964,1,1,NA,NA,NA,NA,NA,NA,NA,NA,NA,NA,NA,NA,NA,NA,NA,NA,NA,NA,NA,NA,NA,NA,NA,NA,NA,NA,NA,NA,NA
62,textile machineries and accessories,1965,1,1,NA,NA,NA,NA,NA,NA,NA,NA,NA,NA,NA,NA,NA,NA,NA,NA,NA,NA,NA,NA,NA,NA,NA,NA,NA,NA,NA,NA,NA
7,starch,1951,0,0,7702000.000000002,678000,2668000,2642000,37,7,2900,2500,7020999.999999999,NA,578000,822000.0000000001,15.856990593356992,13.426902566922532,15.764416215999386,7.9724660159745655,3.6109179126442243,7.824046010856292,14.796839686017652,14.787046764064408,0.4975517890772128,NA,NA,NA,NA,NA,NA,NA,NA
7,starch,1952,0,0,29398000,8286000,9586000,20387000,113,10,3571,3071,21112000,NA,1450000,2545000,17.19643720278407,15.930077901619484,16.865352157165297,8.18060094759445,4.727387818712341,8.029758520440822,16.075814258701712,16.830408000779276,0.680178827611517,1.33944660942708,2.5031753346969516,1.1164699060681165,0.20571250958453025,1.1009359411659112,0.20813493161988372,1.27897457268406,2.0433612367148672
7,starch,1953,0,0,40101000,11775000,10939000,12528000,124,15,3400,3300,28326000,NA,1362000,2268000,17.50691182962172,16.281489197866755,17.15929066875648,8.131530710604252,4.820281565605037,8.101677747454572,16.20784494310193,16.343476697212722,0.5338560531810628,0.3104746268376495,0.35141129624727085,0.09289374689269625,0.07191922701374942,0.29393851159118256,-0.04907023699019675,0.1320306844002168,-0.48693130356655345
7,starch,1954,0,0,NA,NA,NA,NA,NA,NA,NA,NA,NA,NA,NA,NA,NA,NA,NA,NA,NA,NA,NA,NA,NA,NA,NA,NA,NA,NA,NA,NA,NA
7,starch,1955,0,0,NA,NA,NA,NA,NA,NA,NA,NA,NA,NA,NA,NA,NA,NA,NA,NA,NA,NA,NA,NA,NA,NA,NA,NA,NA,NA,NA,NA,NA
7,starch,1956,0,0,NA,NA,NA,NA,NA,NA,NA,NA,NA,NA,NA,NA,NA,NA,NA,NA,NA,NA,NA,NA,NA,NA,NA,NA,NA,NA,NA,NA,NA
7,starch,1957,0,1,40500000,8700000,10300000,9600000,107,32,3300,2700,30900000,19900000,NA,NA,17.516812532076766,15.978833583624812,17.246266741867974,8.101677747454572,4.672828834461906,7.90100705199242,16.147654453199863,16.077273656438063,0.4824120603015075,NA,NA,NA,NA,NA,NA,NA,NA
7,starch,1958,0,1,46048000,9764000,4391000,4765000,107,20,4400,3700,34776000,9156000,NA,NA,17.64519488866923,16.094212710494986,17.364438051650765,8.389359819906353,4.672828834461906,8.216088098632316,15.295067549543855,15.376808095070439,0.5204237658366099,0.12838235659246422,0.11537912687017382,0,0.31508104663989567,0.11817130978279167,0.2876820724517817,-0.8525869036560074,-0.7004655613676238
7,starch,1959,0,1,NA,NA,NA,NA,NA,NA,NA,NA,NA,NA,NA,NA,NA,NA,NA,NA,NA,NA,NA,NA,NA,NA,NA,NA,NA,NA,NA,NA,NA
7,starch,1960,0,1,NA,NA,NA,NA,NA,NA,NA,NA,NA,NA,NA,NA,NA,NA,NA,NA,NA,NA,NA,NA,NA,NA,NA,NA,NA,NA,NA,NA,NA
7,starch,1961,0,1,NA,NA,NA,NA,NA,NA,NA,NA,NA,NA,NA,NA,NA,NA,NA,NA,NA,NA,NA,NA,NA,NA,NA,NA,NA,NA,NA,NA,NA
7,starch,1962,0,1,NA,NA,NA,NA,NA,NA,NA,NA,NA,NA,NA,NA,NA,NA,NA,NA,NA,NA,NA,NA,NA,NA,NA,NA,NA,NA,NA,NA,NA
7,starch,1963,0,1,NA,NA,NA,NA,NA,NA,NA,NA,NA,NA,NA,NA,NA,NA,NA,NA,NA,NA,NA,NA,NA,NA,NA,NA,NA,NA,NA,NA,NA
7,starch,1964,0,1,NA,NA,NA,NA,NA,NA,NA,NA,NA,NA,NA,NA,NA,NA,NA,NA,NA,NA,NA,NA,NA,NA,NA,NA,NA,NA,NA,NA,NA
7,starch,1965,0,1,NA,NA,NA,NA,NA,NA,NA,NA,NA,NA,NA,NA,NA,NA,NA,NA,NA,NA,NA,NA,NA,NA,NA,NA,NA,NA,NA,NA,NA
8,vegetable oil (including hydrogenated oil),1951,0,0,2654464000,244172000,353082000,311503000,1695,249,85500,71100,2408937000,NA,40893000,59258000.00000001,21.699508588019977,19.313383452952245,21.602451408306916,11.356271654924852,7.43543801981455,11.171842615791332,19.682210882538918,19.556919526964027,0.46871807218038325,NA,NA,NA,NA,NA,NA,NA,NA
8,vegetable oil (including hydrogenated oil),1952,0,0,1521566000,136813000,261389000,226615000,1752,251,63905.99999999999,52003,1383744000,NA,25729000,44274000,21.143005904605644,18.734125587877497,21.04805870593436,11.06516853267122,7.468513271496337,10.859056688207119,19.3815202771672,19.238763100307306,0.46437119367874036,-0.5565026834143332,-0.579257865074748,0.03307525168178671,-0.31278592758421375,-0.5543927023725566,-0.2911031222536309,-0.30069060537171666,-0.3181564266567207
8,vegetable oil (including hydrogenated oil),1953,0,0,1773994000,199119000,270563000,189389000,1777,277,68000,56400,1574381000,NA,30928000,52330999.99999999,21.29649933864093,19.10941319391377,21.177128016100013,11.127262984158243,7.482681828154651,10.940224437486151,19.416015531166614,19.05931365888815,0.41175818346262216,0.15349343403528692,0.37528760603627376,0.014168556658313847,0.08116774927903236,0.12906931016565437,0.062094451487022084,0.03449525399941322,-0.17944944141915542
8,vegetable oil (including hydrogenated oil),1954,0,0,NA,NA,NA,NA,NA,NA,NA,NA,NA,NA,NA,NA,NA,NA,NA,NA,NA,NA,NA,NA,NA,NA,NA,NA,NA,NA,NA,NA,NA
8,vegetable oil (including hydrogenated oil),1955,0,0,NA,NA,NA,NA,NA,NA,NA,NA,NA,NA,NA,NA,NA,NA,NA,NA,NA,NA,NA,NA,NA,NA,NA,NA,NA,NA,NA,NA,NA
8,vegetable oil (including hydrogenated oil),1956,0,0,NA,NA,NA,NA,NA,NA,NA,NA,NA,NA,NA,NA,NA,NA,NA,NA,NA,NA,NA,NA,NA,NA,NA,NA,NA,NA,NA,NA,NA
8,vegetable oil (including hydrogenated oil),1957,0,1,2407700000,174200000,216400000,156400000,1923,426,76700,62700,2192800000,372800000,NA,NA,21.601937771914056,18.975714622382675,21.50844510295285,11.247656987355347,7.56164174558878,11.046116726621012,19.1926391049366,18.867927386075486,0.41952789699570814,NA,NA,NA,NA,NA,NA,NA,NA
8,vegetable oil (including hydrogenated oil),1958,0,1,2547775000,216926000,206689000,155237000,1932,216,73504,58180,2267704000,362338000,NA,NA,21.658486266204662,19.195066839521413,21.54203370283071,11.205095105488825,7.566311014772463,10.971296932049192,19.14672580601288,18.86046353936199,0.4289191713223145,0.056548494290606044,0.21935221713873787,0.004669269183683156,-0.07481979457181964,0.03358859987785934,-0.0425618818665221,-0.045913298923718315,-0.007463846713495315
8,vegetable oil (including hydrogenated oil),1959,0,1,NA,NA,NA,NA,NA,NA,NA,NA,NA,NA,NA,NA,NA,NA,NA,NA,NA,NA,NA,NA,NA,NA,NA,NA,NA,NA,NA,NA,NA
8,vegetable oil (including hydrogenated oil),1960,0,1,NA,NA,NA,NA,NA,NA,NA,NA,NA,NA,NA,NA,NA,NA,NA,NA,NA,NA,NA,NA,NA,NA,NA,NA,NA,NA,NA,NA,NA
8,vegetable oil (including hydrogenated oil),1961,0,1,NA,NA,NA,NA,NA,NA,NA,NA,NA,NA,NA,NA,NA,NA,NA,NA,NA,NA,NA,NA,NA,NA,NA,NA,NA,NA,NA,NA,NA
8,vegetable oil (including hydrogenated oil),1962,0,1,NA,NA,NA,NA,NA,NA,NA,NA,NA,NA,NA,NA,NA,NA,NA,NA,NA,NA,NA,NA,NA,NA,NA,NA,NA,NA,NA,NA,NA
8,vegetable oil (including hydrogenated oil),1963,0,1,NA,NA,NA,NA,NA,NA,NA,NA,NA,NA,NA,NA,NA,NA,NA,NA,NA,NA,NA,NA,NA,NA,NA,NA,NA,NA,NA,NA,NA
8,vegetable oil (including hydrogenated oil),1964,0,1,NA,NA,NA,NA,NA,NA,NA,NA,NA,NA,NA,NA,NA,NA,NA,NA,NA,NA,NA,NA,NA,NA,NA,NA,NA,NA,NA,NA,NA
8,vegetable oil (including hydrogenated oil),1965,0,1,NA,NA,NA,NA,NA,NA,NA,NA,NA,NA,NA,NA,NA,NA,NA,NA,NA,NA,NA,NA,NA,NA,NA,NA,NA,NA,NA,NA,NA
9,paints and varnishes,1951,0,0,95132000,34331000,19852000,50738000,90,20,6500,5100,60533000.00000001,NA,5503000,10587000,18.370775958823724,17.351559294051288,17.918699228840268,8.779557455883728,4.499809670330265,8.536995818712418,16.80381531568947,17.742185694724736,0.7187703640742314,NA,NA,NA,NA,NA,NA,NA,NA
9,paints and varnishes,1952,0,0,121567000,38591000,13714000,43332000,82,16,5563,4287,82970000,NA,4475000,8036000,18.61597610908675,17.468529646627132,18.233989654640467,8.623892810075294,4.406719247264253,8.363342466597977,16.433927766826447,17.584401950047596,0.7595975177926586,0.24520015026302389,0.11697035257584432,-0.09309042306601167,-0.17365335211444055,0.3152904258001996,-0.1556646458084341,-0.3698875488630229,-0.15778374467713974
9,paints and varnishes,1953,0,0,105558000,28053000,13164000,40844000,88,18,5100,4100,77463000,NA,4478000,8698000,18.474771122849237,17.149606136085694,18.16531096096783,8.536995818712418,4.477336814478207,8.318742252692399,16.39299638904537,17.525270489657565,0.7562583320989483,-0.14120498623751132,-0.3189235105414383,0.07061756721395351,-0.044600213905578556,-0.06867869367263779,-0.08689699136287565,-0.04093137778107803,-0.05913146039003081
9,paints and varnishes,1954,0,0,NA,NA,NA,NA,NA,NA,NA,NA,NA,NA,NA,NA,NA,NA,NA,NA,NA,NA,NA,NA,NA,NA,NA,NA,NA,NA,NA,NA,NA
9,paints and varnishes,1955,0,0,NA,NA,NA,NA,NA,NA,NA,NA,NA,NA,NA,NA,NA,NA,NA,NA,NA,NA,NA,NA,NA,NA,NA,NA,NA,NA,NA,NA,NA
9,paints and varnishes,1956,0,0,NA,NA,NA,NA,NA,NA,NA,NA,NA,NA,NA,NA,NA,NA,NA,NA,NA,NA,NA,NA,NA,NA,NA,NA,NA,NA,NA,NA,NA
9,paints and varnishes,1957,0,1,152800000,44400000,18100000,43600000,88,39,7600,5500,102700000,61700000,NA,NA,18.844640434696693,17.608750027402454,18.447322674898786,8.935903526274423,4.477336814478207,8.612503371220562,16.711422496236054,17.590567708319263,0.706645056726094,NA,NA,NA,NA,NA,NA,NA,NA
9,paints and varnishes,1958,0,1,133970000,42688000,16096000,35302000,89,24,6300,4600,82321000,51398000,NA,NA,18.713126452253167,17.569428408257433,18.226136797132515,8.748304912379623,4.48863636973214,8.433811582477187,16.594081351881602,17.37945017752236,0.6868360636600646,-0.13151398244352563,-0.03932161914502075,0.01129955525393278,-0.1786917887433752,-0.22118587776627052,-0.18759861389479937,-0.11734114435445164,-0.21111753079690132
9,paints and varnishes,1959,0,1,NA,NA,NA,NA,NA,NA,NA,NA,NA,NA,NA,NA,NA,NA,NA,NA,NA,NA,NA,NA,NA,NA,NA,NA,NA,NA,NA,NA,NA
9,paints and varnishes,1960,0,1,NA,NA,NA,NA,NA,NA,NA,NA,NA,NA,NA,NA,NA,NA,NA,NA,NA,NA,NA,NA,NA,NA,NA,NA,NA,NA,NA,NA,NA
9,paints and varnishes,1961,0,1,NA,NA,NA,NA,NA,NA,NA,NA,NA,NA,NA,NA,NA,NA,NA,NA,NA,NA,NA,NA,NA,NA,NA,NA,NA,NA,NA,NA,NA
9,paints and varnishes,1962,0,1,NA,NA,NA,NA,NA,NA,NA,NA,NA,NA,NA,NA,NA,NA,NA,NA,NA,NA,NA,NA,NA,NA,NA,NA,NA,NA,NA,NA,NA
9,paints and varnishes,1963,0,1,NA,NA,NA,NA,NA,NA,NA,NA,NA,NA,NA,NA,NA,NA,NA,NA,NA,NA,NA,NA,NA,NA,NA,NA,NA,NA,NA,NA,NA
9,paints and varnishes,1964,0,1,NA,NA,NA,NA,NA,NA,NA,NA,NA,NA,NA,NA,NA,NA,NA,NA,NA,NA,NA,NA,NA,NA,NA,NA,NA,NA,NA,NA,NA
9,paints and varnishes,1965,0,1,NA,NA,NA,NA,NA,NA,NA,NA,NA,NA,NA,NA,NA,NA,NA,NA,NA,NA,NA,NA,NA,NA,NA,NA,NA,NA,NA,NA,NA
